L_over_L0,v_over_c
0.0,1.0
0.00010000995099508701,0.9999999949990048
0.00020001990199017402,0.9999999799960192
0.00030002985298526103,0.9999999549910427
0.00040003980398034805,0.9999999199840744
0.0005000497549754351,0.9999998749751134
0.0006000597059705221,0.9999998199641584
0.0007000696569656091,0.9999997549512077
0.0008000796079606961,0.9999996799362593
0.000900089558955783,0.9999995949193109
0.0010000995099508701,0.9999994999003601
0.0011001094609459571,0.9999993948794038
0.0012001194119410441,0.9999992798564392
0.0013001293629361311,0.9999991548314627
0.0014001393139312182,0.9999990198044705
0.0015001492649263052,0.9999988747754583
0.0016001592159213922,0.9999987197444223
0.0017001691669164792,0.9999985547113576
0.001800179117911566,0.999998379676259
0.0019001890689066532,0.9999981946391215
0.0020001990199017402,0.9999979995999396
0.0021002089708968275,0.9999977945587073
0.0022002189218919142,0.9999975795154186
0.0023002288728870015,0.9999973544700668
0.0024002388238820883,0.9999971194226452
0.0025002487748771755,0.9999968743731471
0.0026002587258722623,0.9999966193215648
0.0027002686768673495,0.9999963542678907
0.0028002786278624363,0.9999960792121169
0.0029002885788575235,0.9999957941542351
0.0030002985298526103,0.9999954990942368
0.0031003084808476976,0.9999951940321131
0.0032003184318427844,0.9999948789678549
0.0033003283828378716,0.9999945539014528
0.0034003383338329584,0.9999942188328967
0.003500348284828045,0.9999938737621771
0.003600358235823132,0.9999935186892832
0.0037003681868182196,0.9999931536142045
0.0038003781378133064,0.99999277853693
0.0039003880888083932,0.9999923934574486
0.0040003980398034805,0.9999919983757486
0.004100407990798568,0.9999915932918181
0.004200417941793655,0.9999911782056451
0.004300427892788741,0.999990753117217
0.0044004378437838285,0.9999903180265212
0.004500447794778916,0.9999898729335445
0.004600457745774003,0.9999894178382736
0.004700467696769089,0.9999889527406948
0.0048004776477641765,0.9999884776407942
0.004900487598759263,0.9999879925385576
0.005000497549754351,0.9999874974339704
0.005100507500749437,0.9999869923270176
0.005200517451744525,0.9999864772176842
0.005300527402739611,0.9999859521059548
0.005400537353734699,0.9999854169918134
0.005500547304729785,0.9999848718752441
0.005600557255724873,0.9999843167562307
0.005700567206719959,0.9999837516347562
0.005800577157715047,0.9999831765108038
0.0059005871087101334,0.9999825913843563
0.006000597059705221,0.9999819962553962
0.006100607010700308,0.9999813911239054
0.006200616961695395,0.9999807759898659
0.0063006269126904815,0.9999801508532592
0.006400636863685569,0.9999795157140666
0.006500646814680656,0.9999788705722691
0.006600656765675743,0.999978215427847
0.00670066671667083,0.9999775502807811
0.006800676667665917,0.9999768751310512
0.006900686618661004,0.9999761899786369
0.00700069656965609,0.999975494823518
0.007100706520651178,0.9999747896656733
0.007200716471646264,0.9999740745050818
0.007300726422641353,0.9999733493417221
0.007400736373636439,0.9999726141755723
0.0075007463246315265,0.9999718690066104
0.007600756275626613,0.9999711138348141
0.0077007662266217,0.9999703486601604
0.0078007761776167864,0.9999695734826269
0.007900786128611873,0.9999687883021899
0.008000796079606961,0.999967993118826
0.008100806030602047,0.9999671879325114
0.008200815981597135,0.9999663727432218
0.008300825932592222,0.9999655475509328
0.00840083588358731,0.9999647123556196
0.008500845834582396,0.9999638671572572
0.008600855785577483,0.9999630119558202
0.008700865736572569,0.9999621467512828
0.008800875687567657,0.9999612715436194
0.008900885638562743,0.9999603863328033
0.009000895589557831,0.9999594911188082
0.009100905540552918,0.9999585859016072
0.009200915491548006,0.999957670681173
0.009300925442543092,0.9999567454574784
0.009400935393538179,0.9999558102304954
0.009500945344533267,0.999954865000196
0.009600955295528353,0.9999539097665519
0.00970096524652344,0.9999529445295342
0.009800975197518526,0.9999519692891142
0.009900985148513614,0.9999509840452625
0.010000995099508702,0.9999499887979496
0.010101005050503788,0.9999489835471456
0.010201015001498875,0.9999479682928203
0.010301024952493963,0.9999469430349432
0.01040103490348905,0.9999459077734837
0.010501044854484136,0.9999448625084105
0.010601054805479222,0.9999438072396925
0.010701064756474312,0.9999427419672977
0.010801074707469398,0.9999416666911943
0.010901084658464484,0.9999405814113501
0.01100109460945957,0.9999394861277325
0.011101104560454659,0.9999383808403085
0.011201114511449745,0.999937265549045
0.011301124462444832,0.9999361402539085
0.011401134413439918,0.9999350049548654
0.011501144364435006,0.9999338596518814
0.011601154315430094,0.9999327043449222
0.01170116426642518,0.9999315390339532
0.011801174217420267,0.9999303637189392
0.011901184168415355,0.9999291783998452
0.012001194119410441,0.9999279830766356
0.012101204070405528,0.9999267777492742
0.012201214021400616,0.9999255624177251
0.012301223972395702,0.9999243370819519
0.01240123392339079,0.9999231017419177
0.012501243874385877,0.9999218563975852
0.012601253825380963,0.9999206010489174
0.012701263776376051,0.9999193356958764
0.012801273727371137,0.9999180603384245
0.012901283678366224,0.9999167749765229
0.013001293629361312,0.9999154796101334
0.013101303580356398,0.999914174239217
0.013201313531351486,0.9999128588637347
0.013301323482346571,0.9999115334836467
0.01340133343334166,0.9999101980989135
0.013501343384336745,0.9999088527094948
0.013601353335331834,0.9999074973153503
0.013701363286326922,0.9999061319164395
0.013801373237322008,0.9999047565127211
0.013901383188317096,0.9999033711041541
0.01400139313931218,0.9999019756906966
0.014101403090307269,0.9999005702723069
0.014201413041302355,0.9998991548489429
0.014301422992297443,0.999897729420562
0.014401432943292528,0.9998962939871213
0.014501442894287616,0.999894848548578
0.014601452845282706,0.9998933931048885
0.01470146279627779,0.9998919276560091
0.014801472747272879,0.9998904522018959
0.014901482698267965,0.9998889667425045
0.015001492649263053,0.9998874712777904
0.015101502600258138,0.9998859658077087
0.015201512551253226,0.9998844503322142
0.015301522502248312,0.9998829248512614
0.0154015324532434,0.9998813893648044
0.015501542404238488,0.9998798438727974
0.015601552355233573,0.9998782883751937
0.015701562306228663,0.9998767228719466
0.015801572257223746,0.9998751473630094
0.015901582208218835,0.9998735618483345
0.016001592159213922,0.9998719663278745
0.016101602110209008,0.9998703608015814
0.016201612061204095,0.9998687452694069
0.016301622012199184,0.9998671197313028
0.01640163196319427,0.99986548418722
0.016501641914189357,0.9998638386371096
0.016601651865184443,0.999862183080922
0.01670166181617953,0.9998605175186077
0.01680167176717462,0.9998588419501165
0.016901681718169703,0.9998571563753983
0.017001691669164792,0.9998554607944024
0.01710170162015988,0.9998537552070778
0.017201711571154965,0.9998520396133733
0.017301721522150055,0.9998503140132377
0.017401731473145138,0.9998485784066188
0.017501741424140228,0.9998468327934646
0.017601751375135314,0.999845077173723
0.0177017613261304,0.9998433115473407
0.017801771277125487,0.9998415359142653
0.017901781228120577,0.9998397502744429
0.018001791179115663,0.9998379546278204
0.01810180113011075,0.9998361489743436
0.018201811081105836,0.9998343333139584
0.018301821032100922,0.9998325076466102
0.018401830983096012,0.9998306719722443
0.018501840934091095,0.9998288262908055
0.018601850885086185,0.9998269706022382
0.01870186083608127,0.999825104906487
0.018801870787076357,0.9998232292034958
0.018901880738071447,0.9998213434932082
0.019001890689066533,0.9998194477755675
0.01910190064006162,0.999817542050517
0.019201910591056706,0.9998156263179993
0.019301920542051793,0.9998137005779568
0.01940193049304688,0.999811764830332
0.01950194044404197,0.9998098190750664
0.01960195039503705,0.9998078633121018
0.01970196034603214,0.9998058975413795
0.019801970297027228,0.9998039217628403
0.019901980248022314,0.999801935976425
0.020001990199017404,0.9997999401820739
0.020102000150012487,0.999797934379727
0.020202010101007577,0.9997959185693243
0.020302020052002663,0.999793892750805
0.02040203000299775,0.9997918569241083
0.02050203995399284,0.9997898110891733
0.020602049904987926,0.9997877552459383
0.020702059855983012,0.9997856893943418
0.0208020698069781,0.9997836135343215
0.020902079757973185,0.9997815276658153
0.02100208970896827,0.9997794317887603
0.02110209965996336,0.9997773259030938
0.021202109610958444,0.9997752100087524
0.021302119561953534,0.9997730841056726
0.021402129512948623,0.9997709481937905
0.021502139463943706,0.9997688022730421
0.021602149414938796,0.9997666463433628
0.021702159365933883,0.9997644804046879
0.02180216931692897,0.9997623044569524
0.021902179267924055,0.9997601185000908
0.02200218921891914,0.9997579225340377
0.022102199169914228,0.9997557165587269
0.022202209120909318,0.9997535005740922
0.022302219071904404,0.9997512745800672
0.02240222902289949,0.9997490385765847
0.022502238973894577,0.9997467925635779
0.022602248924889663,0.9997445365409793
0.022702258875884753,0.9997422705087209
0.022802268826879836,0.9997399944667347
0.022902278777874926,0.9997377084149525
0.023002288728870012,0.9997354123533054
0.0231022986798651,0.9997331062817247
0.02320230863086019,0.999730790200141
0.023302318581855275,0.9997284641084846
0.02340232853285036,0.9997261280066859
0.023502338483845447,0.9997237818946746
0.023602348434840534,0.9997214257723801
0.02370235838583562,0.9997190596397317
0.02380236833683071,0.9997166834966583
0.023902378287825796,0.9997142973430888
0.024002388238820883,0.999711901178951
0.024102398189815973,0.9997094950041735
0.024202408140811055,0.9997070788186836
0.024302418091806145,0.9997046526224088
0.02440242804280123,0.9997022164152762
0.024502437993796318,0.9996997701972128
0.024602447944791404,0.999697313968145
0.02470245789578649,0.9996948477279989
0.02480246784678158,0.9996923714767005
0.024902477797776667,0.9996898852141755
0.025002487748771753,0.9996873889403489
0.02510249769976684,0.9996848826551461
0.025202507650761926,0.9996823663584915
0.025302517601757012,0.9996798400503096
0.025402527552752102,0.9996773037305247
0.025502537503747185,0.9996747573990602
0.025602547454742275,0.99967220105584
0.02570255740573736,0.999669634700787
0.025802567356732448,0.9996670583338241
0.025902577307727537,0.9996644719548741
0.026002587258722624,0.9996618755638591
0.026102597209717707,0.9996592691607011
0.026202607160712797,0.999656652745322
0.026302617111707883,0.999654026317643
0.026402627062702973,0.9996513898775852
0.026502637013698063,0.9996487434250694
0.026602646964693142,0.999646086960016
0.026702656915688232,0.9996434204823453
0.02680266686668332,0.9996407439919771
0.026902676817678408,0.999638057488831
0.02700268676867349,0.9996353609728263
0.02710269671966858,0.999632654443882
0.027202706670663667,0.9996299379019167
0.027302716621658757,0.9996272113468487
0.027402726572653843,0.9996244747785962
0.027502736523648926,0.999621728197077
0.027602746474644016,0.9996189716022083
0.027702756425639102,0.9996162049939075
0.027802766376634192,0.9996134283720913
0.027902776327629275,0.9996106417366766
0.02800278627862436,0.9996078450875792
0.02810279622961945,0.9996050384247153
0.028202806180614538,0.9996022217480004
0.028302816131609627,0.9995993950573501
0.02840282608260471,0.9995965583526792
0.028502836033599797,0.9995937116339026
0.028602845984594887,0.9995908549009348
0.028702855935589973,0.9995879881536897
0.028802865886585056,0.9995851113920813
0.028902875837580146,0.999582224616023
0.029002885788575232,0.9995793278254282
0.029102895739570322,0.9995764210202098
0.02920290569056541,0.9995735042002803
0.02930291564156049,0.9995705773655523
0.02940292559255558,0.9995676405159376
0.02950293554355067,0.9995646936513479
0.029602945494545757,0.9995617367716949
0.02970295544554084,0.9995587698768893
0.02980296539653593,0.9995557929668423
0.029902975347531016,0.9995528060414642
0.030002985298526106,0.9995498091006653
0.030102995249521192,0.9995468021443555
0.030203005200516275,0.9995437851724444
0.030303015151511365,0.9995407581848412
0.03040302510250645,0.9995377211814551
0.03050303505350154,0.9995346741621948
0.030603045004496624,0.9995316171269685
0.03070305495549171,0.9995285500756845
0.0308030649064868,0.9995254730082505
0.030903074857481887,0.999522385924574
0.031003084808476977,0.9995192888245621
0.03110309475947206,0.9995161817081218
0.031203104710467146,0.9995130645751599
0.03130311466146223,0.9995099374255823
0.031403124612457325,0.9995068002592952
0.031503134563452405,0.9995036530762041
0.03160314451444749,0.9995004958762146
0.031703154465442585,0.9994973286592317
0.03180316441643767,0.9994941514251602
0.03190317436743276,0.9994909641739045
0.032003184318427844,0.9994877669053688
0.03210319426942293,0.9994845596194569
0.032203204220418016,0.9994813423160724
0.03230321417141311,0.9994781149951187
0.03240322412240819,0.9994748776564987
0.032503234073403275,0.9994716303001149
0.03260324402439837,0.9994683729258698
0.032703253975393455,0.9994651055336654
0.03280326392638854,0.9994618281234035
0.03290327387738363,0.9994585406949854
0.033003283828378714,0.9994552432483125
0.0331032937793738,0.9994519357832854
0.03320330373036889,0.9994486182998048
0.03330331368136398,0.9994452907977708
0.03340332363235906,0.9994419532770835
0.033503333583354146,0.9994386057376423
0.03360334353434924,0.9994352481793468
0.033703353485344326,0.9994318806020959
0.033803363436339405,0.9994285030057882
0.0339033733873345,0.9994251153903223
0.034003383338329585,0.9994217177555962
0.03410339328932467,0.9994183101015078
0.03420340324031976,0.9994148924279547
0.034303413191314844,0.9994114647348338
0.03440342314230993,0.9994080270220423
0.034503433093305017,0.9994045792894767
0.03460344304430011,0.9994011215370332
0.03470345299529519,0.999397653764608
0.034803462946290276,0.9993941759720967
0.03490347289728537,0.9993906881593947
0.035003482848280455,0.999387190326397
0.03510349279927554,0.9993836824729986
0.03520350275027063,0.9993801645990937
0.035303512701265714,0.9993766367045768
0.0354035226522608,0.9993730987893414
0.035503532603255894,0.9993695508532815
0.03560354255425097,0.99936599289629
0.03570355250524606,0.9993624249182601
0.03580356245624115,0.9993588469190844
0.03590357240723624,0.9993552588986553
0.036003582358231326,0.9993516608568648
0.03610359230922641,0.9993480527936046
0.0362036022602215,0.9993444347087663
0.036303612211216585,0.999340806602241
0.03640362216221167,0.9993371684739195
0.03650363211320676,0.9993335203236924
0.036603642064201844,0.9993298621514499
0.03670365201519693,0.999326193957082
0.036803661966192024,0.9993225157404781
0.03690367191718711,0.999318827501528
0.03700368186818219,0.9993151292401203
0.03710369181917728,0.9993114209561439
0.03720370177017237,0.9993077026494872
0.037303711721167455,0.9993039743200384
0.03740372167216254,0.9993002359676852
0.03750373162315763,0.9992964875923153
0.037603741574152715,0.9992927291938155
0.03770375152514781,0.9992889607720732
0.037803761476142894,0.9992851823269746
0.037903771427137974,0.9992813938584063
0.03800378137813307,0.9992775953662542
0.03810379132912815,0.9992737868504038
0.03820380128012324,0.9992699683107408
0.038303811231118326,0.9992661397471501
0.03840382118211341,0.9992623011595165
0.0385038311331085,0.9992584525477246
0.038603841084103585,0.9992545939116584
0.03870385103509868,0.9992507252512018
0.03880386098609376,0.9992468465662385
0.038903870937088844,0.9992429578566517
0.03900388088808394,0.9992390591223245
0.039103890839079024,0.9992351503631393
0.0392039007900741,0.9992312315789784
0.039303910741069197,0.9992273027697242
0.03940392069206428,0.9992233639352582
0.03950393064305937,0.999219415075462
0.039603940594054456,0.9992154561902166
0.03970395054504954,0.9992114872794028
0.03980396049604463,0.9992075083429014
0.039903970447039715,0.9992035193805924
0.04000398039803481,0.9991995203923557
0.04010399034902989,0.999195511378071
0.040204000300024974,0.9991914923376177
0.04030401025102007,0.9991874632708747
0.04040402020201515,0.9991834241777208
0.04050403015301024,0.9991793750580343
0.040604040104005326,0.9991753159116934
0.04070405005500041,0.9991712467385758
0.0408040600059955,0.9991671675385592
0.04090406995699059,0.9991630783115205
0.04100407990798568,0.9991589790573367
0.04110408985898076,0.9991548697758845
0.04120409980997585,0.9991507504670402
0.04130410976097094,0.9991466211306795
0.041404119711966024,0.9991424817666783
0.04150412966296111,0.999138332374912
0.0416041396139562,0.9991341729552555
0.04170414956495128,0.9991300035075836
0.04180415951594637,0.999125824031771
0.04190416946694146,0.9991216345276914
0.04200417941793654,0.9991174349952191
0.04210418936893163,0.9991132254342273
0.04220419931992672,0.9991090058445895
0.04230420927092181,0.9991047762261784
0.04240421922191689,0.9991005365788669
0.04250422917291198,0.999096286902527
0.04260423912390707,0.9990920271970309
0.042704249074902154,0.9990877574622505
0.04280425902589725,0.9990834776980569
0.042904268976892326,0.9990791879043215
0.04300427892788741,0.9990748880809148
0.043104288878882506,0.9990705782277075
0.04320429882987759,0.9990662583445697
0.04330430878087267,0.9990619284313715
0.043404318731867765,0.9990575884879822
0.04350432868286285,0.9990532385142713
0.04360433863385794,0.9990488785101077
0.043704348584853024,0.99904450847536
0.04380435853584811,0.9990401284098968
0.0439043684868432,0.9990357383135858
0.04400437843783828,0.9990313381862951
0.04410438838883338,0.9990269280278921
0.044204398339828456,0.9990225078382438
0.04430440829082354,0.9990180776172171
0.044404418241818636,0.9990136373646786
0.04450442819281372,0.9990091870804946
0.04460443814380881,0.9990047267645309
0.044704448094803895,0.9990002564166532
0.04480445804579898,0.998995776036727
0.04490446799679407,0.9989912856246169
0.045004477947789154,0.9989867851801879
0.04510448789878424,0.9989822747033045
0.045204497849779327,0.9989777541938305
0.04530450780077441,0.99897322365163
0.045404517751769506,0.9989686830765664
0.04550452770276459,0.9989641324685028
0.04560453765375967,0.9989595718273021
0.045704547604754765,0.998955001152827
0.04580455755574985,0.9989504204449399
0.04590456750674494,0.9989458297035023
0.046004577457740024,0.9989412289283763
0.04610458740873511,0.9989366181194231
0.0462045973597302,0.9989319972765038
0.04630460731072529,0.9989273663994793
0.04640461726172038,0.9989227254882097
0.046504627212715456,0.9989180745425554
0.04660463716371055,0.9989134135623763
0.046704647114705636,0.9989087425475317
0.04680465706570072,0.9989040614978808
0.04690466701669581,0.9988993704132828
0.047004676967690895,0.9988946692935963
0.04710468691868598,0.9988899581386793
0.04720469686968107,0.9988852369483902
0.04730470682067616,0.9988805057225864
0.04740471677167124,0.9988757644611254
0.04750472672266633,0.9988710131638643
0.04760473667366142,0.9988662518306599
0.047704746624656506,0.9988614804613687
0.04780475657565159,0.998856699055847
0.04790476652664668,0.9988519076139503
0.048004776477641765,0.9988471061355345
0.04810478642863685,0.9988422946204547
0.048204796379631945,0.998837473068566
0.048304806330627025,0.9988326414797228
0.04840481628162211,0.9988277998537798
0.048504826232617204,0.9988229481905908
0.04860483618361229,0.9988180864900096
0.04870484613460738,0.9988132147518896
0.04880485608560246,0.9988083329760838
0.04890486603659755,0.9988034411624453
0.049004875987592636,0.9987985393108265
0.04910488593858772,0.9987936274210796
0.04920489588958281,0.9987887054930563
0.049304905840577895,0.9987837735266085
0.04940491579157298,0.9987788315215874
0.049504925742568075,0.998773879477844
0.04960493569356316,0.9987689173952289
0.04970494564455824,0.9987639452735925
0.049804955595553334,0.9987589631127848
0.04990496554654842,0.9987539709126556
0.050004975497543507,0.9987489686730545
0.05010498544853859,0.9987439563938306
0.05020499539953368,0.9987389340748326
0.050305005350528766,0.9987339017159091
0.05040501530152385,0.9987288593169085
0.050505025252518945,0.9987238068776785
0.050605035203514025,0.9987187443980668
0.05070504515450911,0.9987136718779207
0.050805055105504204,0.9987085893170874
0.05090506505649929,0.9987034967154133
0.05100507500749437,0.998698394072745
0.05110508495848946,0.9986932813889285
0.05120509490948455,0.9986881586638097
0.051305104860479636,0.9986830258972339
0.05140511481147472,0.9986778830890465
0.051505124762469816,0.9986727302390921
0.051605134713464895,0.9986675673472155
0.05170514466445998,0.9986623944132608
0.051805154615455075,0.9986572114370721
0.051905164566450154,0.9986520184184928
0.05200517451744525,0.9986468153573665
0.052105184468440334,0.998641602253536
0.05220519441943541,0.9986363791068443
0.05230520437043051,0.9986311459171336
0.05240521432142559,0.9986259026842461
0.052505224272420686,0.9986206494080236
0.052605234223415766,0.9986153860883076
0.05270524417441085,0.9986101127249392
0.052805254125405945,0.9986048293177594
0.052905264076401025,0.9985995358666087
0.053005274027396125,0.9985942323713274
0.053105283978391205,0.9985889188317556
0.053205293929386284,0.9985835952477327
0.053305303880381384,0.9985782616190982
0.053405313831376464,0.9985729179456913
0.05350532378237154,0.9985675642273504
0.05360533373336664,0.9985622004639142
0.05370534368436172,0.9985568266552207
0.053805353635356816,0.9985514428011079
0.0539053635863519,0.9985460489014131
0.05400537353734698,0.9985406449559736
0.054105383488342075,0.9985352309646263
0.05420539343933716,0.9985298069272077
0.054305403390332255,0.9985243728435542
0.054405413341327334,0.9985189287135018
0.05450542329232242,0.9985134745368861
0.054605433243317514,0.9985080103135425
0.05470544319431259,0.9985025360433062
0.054805453145307687,0.9984970517260116
0.05490546309630277,0.9984915573614934
0.05500547304729785,0.9984860529495858
0.055105482998292946,0.9984805384901224
0.05520549294928803,0.9984750139829369
0.05530550290028311,0.9984694794278625
0.055405512851278205,0.9984639348247321
0.05550552280227329,0.9984583801733783
0.055605532753268384,0.9984528154736333
0.055705542704263464,0.9984472407253292
0.05580555265525855,0.9984416559282977
0.05590556260625364,0.99843606108237
0.05600557255724872,0.9984304561873775
0.056105582508243816,0.9984248412431507
0.0562055924592389,0.99841921624952
0.05630560241023398,0.9984135812063158
0.056405612361229075,0.9984079361133679
0.05650562231222416,0.9984022809705055
0.056605632263219255,0.9983966157775582
0.056705642214214334,0.9983909405343547
0.05680565216520942,0.9983852552407239
0.056905662116204514,0.9983795598964936
0.05700567206719959,0.9983738545014923
0.05710568201819468,0.9983681390555474
0.05720569196918977,0.9983624135584864
0.05730570192018485,0.9983566780101363
0.057405711871179946,0.9983509324103239
0.05750572182217503,0.9983451767588756
0.05760573177317011,0.9983394110556176
0.057705741724165205,0.9983336353003759
0.05780575167516029,0.9983278494929758
0.057905761626155385,0.9983220536332426
0.058005771577150464,0.9983162477210012
0.05810578152814555,0.9983104317560763
0.058205791479140644,0.998304605738292
0.05830580143013572,0.9982987696674727
0.05840581138113082,0.9982929235434416
0.0585058213321259,0.9982870673660224
0.05860583128312098,0.998281201135038
0.05870584123411608,0.9982753248503113
0.05880585118511116,0.9982694385116648
0.058905861136106255,0.9982635421189205
0.05900587108710134,0.9982576356719003
0.05910588103809642,0.9982517191704257
0.059205890989091514,0.9982457926143179
0.0593059009400866,0.9982398560033979
0.05940591089108168,0.9982339093374863
0.05950592084207677,0.9982279526164034
0.05960593079307186,0.9982219858399691
0.05970594074406695,0.9982160090080032
0.05980595069506203,0.9982100221203251
0.05990596064605712,0.9982040251767537
0.06000597059705221,0.9981980181771078
0.06010598054804729,0.9981920011212061
0.060205990499042385,0.9981859740088663
0.06030600045003747,0.9981799368399067
0.06040601040103255,0.9981738896141445
0.060506020352027644,0.998167832331397
0.06060603030302273,0.9981617649914812
0.06070604025401782,0.9981556875942137
0.0608060502050129,0.9981496001394107
0.06090606015600799,0.9981435026268882
0.06100607010700308,0.9981373950564618
0.06110608005799816,0.998131277427947
0.06120609000899325,0.998125149741159
0.06130609995998834,0.9981190119959121
0.06140610991098342,0.9981128641920213
0.061506119861978514,0.9981067063293002
0.0616061298129736,0.998100538407563
0.06170613976396868,0.998094360426623
0.06180614971496377,0.9980881723862934
0.06190615966595886,0.9980819742863873
0.06200616961695395,0.9980757661267172
0.06210617956794903,0.9980695479070953
0.06220618951894412,0.9980633196273336
0.06230619946993921,0.9980570812872439
0.06240620942093429,0.9980508328866373
0.06250621937192939,0.998044574425325
0.06260622932292446,0.9980383059031178
0.06270623927391955,0.998032027319826
0.06280624922491465,0.9980257386752598
0.06290625917590972,0.9980194399692289
0.06300626912690481,0.9980131312015429
0.06310627907789991,0.9980068123720109
0.06320628902889498,0.9980004834804419
0.06330629897989008,0.9979941445266444
0.06340630893088517,0.9979877955104267
0.06350631888188024,0.9979814364315966
0.06360632883287534,0.997975067289962
0.06370633878387043,0.99796868808533
0.06380634873486551,0.9979622988175078
0.0639063586858606,0.997955899486302
0.06400636863685569,0.9979494900915191
0.06410637858785077,0.9979430706329651
0.06420638853884586,0.9979366411104458
0.06430639848984096,0.9979302015237668
0.06440640844083603,0.9979237518727331
0.06450641839183112,0.9979172921571496
0.06460642834282622,0.997910822376821
0.06470643829382129,0.9979043425315514
0.06480644824481638,0.9978978526211447
0.06490645819581148,0.9978913526454046
0.06500646814680655,0.9978848426041345
0.06510647809780165,0.9978783224971371
0.06520648804879674,0.9978717923242154
0.06530649799979181,0.9978652520851716
0.06540650795078691,0.997858701779808
0.065506517901782,0.997852141407926
0.06560652785277708,0.9978455709693274
0.06570653780377217,0.997838990463813
0.06580654775476726,0.9978323998911839
0.06590655770576234,0.9978257992512406
0.06600656765675743,0.9978191885437832
0.06610657760775251,0.9978125677686116
0.0662065875587476,0.9978059369255255
0.06630659750974269,0.9977992960143243
0.06640660746073777,0.9977926450348066
0.06650661741173286,0.9977859839867712
0.06660662736272796,0.9977793128700168
0.06670663731372303,0.9977726316843409
0.06680664726471812,0.9977659404295416
0.06690665721571322,0.9977592391054162
0.06700666716670829,0.9977525277117618
0.06710667711770338,0.9977458062483752
0.06720668706869848,0.997739074715053
0.06730669701969355,0.9977323331115912
0.06740670697068865,0.9977255814377858
0.06750671692168374,0.9977188196934322
0.06760672687267881,0.997712047878326
0.06770673682367391,0.9977052659922617
0.067806746774669,0.9976984740350343
0.06790675672566408,0.9976916720064378
0.06800676667665917,0.9976848599062664
0.06810677662765426,0.9976780377343137
0.06820678657864934,0.9976712054903732
0.06830679652964443,0.997664363174238
0.06840680648063951,0.9976575107857006
0.0685068164316346,0.9976506483245537
0.06860682638262969,0.9976437757905894
0.06870683633362477,0.9976368931835994
0.06880684628461986,0.9976300005033754
0.06890685623561495,0.9976230977497085
0.06900686618661003,0.9976161849223896
0.06910687613760512,0.9976092620212093
0.06920688608860022,0.9976023290459578
0.06930689603959529,0.9975953859964253
0.06940690599059038,0.9975884328724012
0.06950691594158548,0.997581469673675
0.06960692589258055,0.9975744964000357
0.06970693584357565,0.997567513051272
0.06980694579457074,0.9975605196271723
0.06990695574556581,0.9975535161275246
0.07000696569656091,0.9975465025521169
0.070106975647556,0.9975394789007366
0.07020698559855108,0.9975324451731707
0.07030699554954617,0.9975254013692063
0.07040700550054126,0.9975183474886298
0.07050701545153634,0.9975112835312274
0.07060702540253143,0.9975042094967852
0.07070703535352652,0.9974971253850886
0.0708070453045216,0.9974900311959229
0.07090705525551669,0.9974829269290734
0.07100706520651179,0.9974758125843244
0.07110707515750686,0.9974686881614604
0.07120708510850195,0.9974615536602655
0.07130709505949705,0.9974544090805233
0.07140710501049212,0.9974472544220173
0.07150711496148722,0.9974400896845307
0.0716071249124823,0.9974329148678462
0.07170713486347738,0.9974257299717463
0.07180714481447248,0.9974185349960133
0.07190715476546757,0.9974113299404289
0.07200716471646265,0.9974041148047748
0.07210717466745774,0.997396889588832
0.07220718461845282,0.9973896542923817
0.07230719456944791,0.9973824089152045
0.072407204520443,0.9973751534570804
0.07250721447143808,0.9973678879177897
0.07260722442243317,0.9973606122971121
0.07270723437342826,0.9973533265948269
0.07280724432442334,0.997346030810713
0.07290725427541843,0.9973387249445493
0.07300726422641352,0.9973314089961143
0.0731072741774086,0.997324082965186
0.07320728412840369,0.9973167468515423
0.07330729407939879,0.9973094006549605
0.07340730403039386,0.9973020443752181
0.07350731398138895,0.9972946780120916
0.07360732393238405,0.9972873015653579
0.07370733388337912,0.9972799150347931
0.07380734383437422,0.9972725184201731
0.0739073537853693,0.9972651117212736
0.07400736373636438,0.9972576949378699
0.07410737368735948,0.9972502680697369
0.07420738363835457,0.9972428311166494
0.07430739358934965,0.9972353840783816
0.07440740354034474,0.997227926954708
0.07450741349133982,0.9972204597454017
0.07460742344233491,0.9972129824502367
0.07470743339333,0.9972054950689858
0.07480744334432508,0.9971979976014219
0.07490745329532017,0.9971904900473176
0.07500746324631526,0.9971829724064449
0.07510747319731036,0.9971754446785758
0.07520748314830543,0.9971679068634818
0.07530749309930052,0.997160358960934
0.07540750305029562,0.9971528009707036
0.07550751300129069,0.9971452328925611
0.07560752295228579,0.9971376547262768
0.07570753290328087,0.9971300664716206
0.07580754285427595,0.9971224681283624
0.07590755280527105,0.9971148596962713
0.07600756275626613,0.9971072411751166
0.07610757270726122,0.997099612564667
0.0762075826582563,0.9970919738646907
0.07630759260925139,0.9970843250749559
0.07640760256024648,0.9970766661952307
0.07650761251124157,0.9970689972252822
0.07660762246223665,0.9970613181648776
0.07670763241323174,0.997053629013784
0.07680764236422682,0.9970459297717679
0.07690765231522191,0.9970382204385952
0.077007662266217,0.9970305010140323
0.07710767221721208,0.9970227714978445
0.07720768216820717,0.9970150318897971
0.07730769211920226,0.9970072821896552
0.07740770207019736,0.9969995223971833
0.07750771202119243,0.9969917525121459
0.07760772197218752,0.9969839725343069
0.07770773192318262,0.9969761824634302
0.07780774187417769,0.996968382299279
0.07790775182517279,0.9969605720416166
0.07800776177616787,0.9969527516902056
0.07810777172716295,0.9969449212448085
0.07820778167815805,0.9969370807051875
0.07830779162915313,0.9969292300711045
0.0784078015801482,0.9969213693423209
0.0785078115311433,0.9969134985185979
0.07860782148213839,0.9969056175996964
0.07870783143313348,0.9968977265853772
0.07880784138412857,0.9968898254754003
0.07890785133512365,0.9968819142695258
0.07900786128611874,0.9968739929675131
0.07910787123711382,0.9968660615691218
0.07920788118810891,0.9968581200741109
0.079307891139104,0.9968501684822388
0.07940790109009908,0.9968422067932643
0.07950791104109417,0.9968342350069451
0.07960792099208926,0.9968262531230392
0.07970793094308436,0.9968182611413038
0.07980794089407943,0.9968102590614962
0.07990795084507452,0.9968022468833732
0.08000796079606962,0.9967942246066911
0.08010797074706469,0.9967861922312063
0.08020798069805977,0.9967781497566747
0.08030799064905488,0.9967700971828515
0.08040800060004995,0.9967620345094923
0.08050801055104505,0.9967539617363519
0.08060802050204013,0.9967458788631848
0.0807080304530352,0.9967377858897454
0.0808080404040303,0.9967296828157877
0.0809080503550254,0.9967215696410652
0.08100806030602048,0.9967134463653313
0.08110807025701557,0.9967053129883391
0.08120808020801065,0.9966971695098413
0.08130809015900574,0.9966890159295902
0.08140810011000083,0.996680852247338
0.08150811006099593,0.9966726784628365
0.081608120011991,0.996664494575837
0.08170812996298608,0.9966563005860906
0.08180813991398118,0.9966480964933483
0.08190814986497626,0.9966398822973604
0.08200815981597136,0.9966316579978775
0.08210816976696644,0.996623423594649
0.08220817971796152,0.9966151790874246
0.08230818966895662,0.9966069244759536
0.0824081996199517,0.996598659759985
0.08250820957094677,0.9965903849392672
0.08260821952194188,0.9965821000135486
0.08270822947293696,0.9965738049825773
0.08280823942393205,0.9965654998461008
0.08290824937492713,0.9965571846038666
0.08300825932592222,0.9965488592556215
0.08310826927691731,0.9965405238011124
0.0832082792279124,0.9965321782400856
0.08330828917890748,0.9965238225722873
0.08340829912990257,0.9965154567974632
0.08350830908089765,0.9965070809153587
0.08360831903189274,0.9964986949257191
0.08370832898288783,0.996490298828289
0.08380833893388293,0.996481892622813
0.083908348884878,0.9964734763090353
0.08400835883587308,0.9964650498866998
0.08410836878686818,0.99645661335555
0.08420837873786326,0.9964481667153292
0.08430838868885834,0.9964397099657802
0.08440839863985344,0.9964312431066459
0.08450840859084852,0.9964227661376682
0.08460841854184362,0.9964142790585893
0.0847084284928387,0.9964057818691507
0.08480843844383378,0.996397274569094
0.08490844839482888,0.99638875715816
0.08500845834582396,0.9963802296360894
0.08510846829681905,0.9963716920026228
0.08520847824781413,0.9963631442575
0.08530848819880922,0.9963545864004609
0.08540849814980431,0.996346018431245
0.0855085081007994,0.9963374403495914
0.0856085180517945,0.9963288521552387
0.08570852800278957,0.9963202538479257
0.08580853795378465,0.9963116454273903
0.08590854790477975,0.9963030268933705
0.08600855785577483,0.9962943982456038
0.08610856780676991,0.9962857594838275
0.08620857775776501,0.9962771106077783
0.08630858770876008,0.996268451617193
0.08640859765975518,0.9962597825118078
0.08650860761075027,0.9962511032913586
0.08660861756174534,0.996242413955581
0.08670862751274044,0.9962337145042105
0.08680863746373553,0.996225004936982
0.08690864741473062,0.99621628525363
0.0870086573657257,0.9962075554538892
0.08710866731672079,0.9961988155374935
0.08720867726771588,0.9961900655041764
0.08730868721871096,0.9961813053536717
0.08740869716970605,0.9961725350857122
0.08750870712070113,0.9961637547000309
0.08760871707169622,0.9961549641963601
0.08770872702269131,0.996146163574432
0.0878087369736864,0.9961373528339784
0.0879087469246815,0.9961285319747308
0.08800875687567657,0.9961197009964204
0.08810876682667165,0.9961108598987781
0.08820877677766675,0.9961020086815344
0.08830878672866183,0.9960931473444197
0.08840879667965691,0.9960842758871636
0.08850880663065201,0.996075394309496
0.08860881658164708,0.9960665026111459
0.08870882653264218,0.9960576007918426
0.08880883648363727,0.9960486888513144
0.08890884643463234,0.9960397667892898
0.08900885638562744,0.9960308346054969
0.08910886633662253,0.9960218922996632
0.08920887628761762,0.9960129398715162
0.0893088862386127,0.9960039773207828
0.08940889618960779,0.9959950046471899
0.08950890614060288,0.9959860218504639
0.08960891609159796,0.9959770289303308
0.08970892604259305,0.9959680258865163
0.08980893599358813,0.9959590127187462
0.08990894594458322,0.9959499894267453
0.09000895589557831,0.9959409560102385
0.0901089658465734,0.9959319124689504
0.09020897579756848,0.9959228588026051
0.09030898574856357,0.9959137950109265
0.09040899569955865,0.9959047210936381
0.09050900565055375,0.9958956370504632
0.09060901560154883,0.9958865428811248
0.09070902555254391,0.9958774385853452
0.09080903550353901,0.9958683241628469
0.09090904545453408,0.9958591996133517
0.09100905540552919,0.9958500649365813
0.09110906535652427,0.9958409201322571
0.09120907530751934,0.9958317652001001
0.09130908525851444,0.9958226001398308
0.09140909520950953,0.9958134249511696
0.09150910516050462,0.9958042396338368
0.0916091151114997,0.9957950441875517
0.09170912506249479,0.995785838612034
0.09180913501348988,0.9957766229070025
0.09190914496448496,0.9957673970721763
0.09200915491548005,0.9957581611072737
0.09210916486647514,0.9957489150120127
0.09220917481747022,0.9957396587861113
0.09230918476846532,0.9957303924292867
0.0924091947194604,0.9957211159412563
0.09250920467045548,0.9957118293217369
0.09260921462145058,0.995702532570445
0.09270922457244565,0.9956932256870967
0.09280923452344075,0.9956839086714081
0.09290924447443584,0.9956745815230946
0.09300925442543091,0.9956652442418714
0.09310926437642601,0.9956558968274536
0.0932092743274211,0.9956465392795555
0.09330928427841619,0.9956371715978918
0.09340929422941127,0.995627793782176
0.09350930418040636,0.9956184058321221
0.09360931413140144,0.9956090077474433
0.09370932408239653,0.9955995995278526
0.09380933403339162,0.9955901811730625
0.0939093439843867,0.9955807526827858
0.09400935393538179,0.995571314056734
0.09410936388637688,0.9955618652946192
0.09420937383737196,0.9955524063961526
0.09430938378836705,0.9955429373610455
0.09440939373936214,0.9955334581890084
0.09450940369035722,0.9955239688797518
0.09460941364135232,0.9955144694329859
0.0947094235923474,0.9955049598484205
0.09480943354334248,0.995495440125765
0.09490944349433758,0.9954859102647285
0.09500945344533265,0.99547637026502
0.09510946339632775,0.9954668201263478
0.09520947334732284,0.9954572598484204
0.09530948329831791,0.9954476894309453
0.09540949324931301,0.9954381088736303
0.0955095032003081,0.9954285181761824
0.09560951315130319,0.9954189173383088
0.09570952310229827,0.9954093063597159
0.09580953305329336,0.9953996852401099
0.09590954300428844,0.9953900539791969
0.09600955295528353,0.9953804125766824
0.09610956290627862,0.9953707610322718
0.0962095728572737,0.9953610993456701
0.09630958280826879,0.9953514275165818
0.09640959275926389,0.9953417455447113
0.09650960271025896,0.9953320534297627
0.09660961266125405,0.9953223511714395
0.09670962261224915,0.9953126387694453
0.09680963256324422,0.995302916223483
0.09690964251423932,0.9952931835332554
0.09700965246523441,0.9952834406984647
0.09710966241622948,0.9952736877188133
0.09720967236722458,0.9952639245940028
0.09730968231821967,0.9952541513237345
0.09740969226921475,0.9952443679077099
0.09750970222020984,0.9952345743456293
0.09760971217120493,0.9952247706371935
0.09770972212220001,0.9952149567821026
0.0978097320731951,0.9952051327800565
0.09790974202419019,0.9951952986307544
0.09800975197518527,0.9951854543338958
0.09810976192618036,0.9951755998891795
0.09820977187717544,0.9951657352963039
0.09830978182817053,0.9951558605549673
0.09840979177916562,0.9951459756648676
0.0985098017301607,0.9951360806257024
0.09860981168115579,0.9951261754371689
0.09870982163215089,0.995116260098964
0.09880983158314596,0.9951063346107843
0.09890984153414105,0.9950963989723263
0.09900985148513615,0.9950864531832856
0.09910986143613122,0.9950764972433581
0.09920987138712632,0.995066531152239
0.09930988133812141,0.9950565549096233
0.09940989128911648,0.9950465685152058
0.09950990124011158,0.9950365719686806
0.09960991119110667,0.9950265652697419
0.09970992114210174,0.9950165484180833
0.09980993109309684,0.9950065214133982
0.09990994104409193,0.9949964842553797
0.10000995099508701,0.9949864369437205
0.1001099609460821,0.994976379478113
0.10020997089707719,0.9949663118582492
0.10030998084807227,0.9949562340838211
0.10040999079906736,0.9949461461545199
0.10051000075006244,0.9949360480700368
0.10061001070105753,0.9949259398300625
0.10071002065205262,0.9949158214342876
0.1008100306030477,0.9949056928824022
0.10091004055404279,0.9948955541740959
0.10101005050503789,0.9948854053090586
0.10111006045603296,0.9948752462869791
0.10121007040702805,0.9948650771075465
0.10131008035802315,0.9948548977704492
0.10141009030901822,0.9948447082753754
0.10151010026001331,0.9948345086220131
0.10161011021100841,0.9948242988100495
0.10171012016200348,0.9948140788391723
0.10181013011299858,0.994803848709068
0.10191014006399367,0.9947936084194234
0.10201015001498874,0.9947833579699248
0.10211015996598384,0.994773097360258
0.10221016991697893,0.9947628265901085
0.10231017986797401,0.9947525456591618
0.1024101898189691,0.9947422545671027
0.1025101997699642,0.9947319533136161
0.10261020972095927,0.994721641898386
0.10271021967195436,0.9947113203210964
0.10281022962294945,0.9947009885814311
0.10291023957394452,0.9946906466790735
0.10301024952493963,0.9946802946137063
0.10311025947593472,0.9946699323850126
0.10321026942692979,0.9946595599926744
0.10331027937792488,0.9946491774363738
0.10341028932891996,0.9946387847157927
0.10351029927991506,0.9946283818306123
0.10361030923091015,0.9946179687805138
0.10371031918190524,0.9946075455651778
0.10381032913290031,0.9945971121842848
0.1039103390838954,0.9945866686375149
0.1040103490348905,0.9945762149245477
0.10411035898588558,0.9945657510450628
0.10421036893688067,0.9945552769987394
0.10431037888787575,0.994544792785256
0.10441038883887083,0.9945342984042912
0.10451039878986594,0.9945237938555233
0.10461040874086101,0.9945132791386297
0.1047104186918561,0.9945027542532883
0.10481042864285119,0.994492219199176
0.10491043859384627,0.9944816739759696
0.10501044854484137,0.9944711185833459
0.10511045849583646,0.9944605530209808
0.10521046844683153,0.9944499772885503
0.10531047839782662,0.9944393913857299
0.1054104883488217,0.9944287953121947
0.1055104982998168,0.9944181890676198
0.10561050825081189,0.9944075726516795
0.10571051820180698,0.9943969460640482
0.10581052815280205,0.9943863093043996
0.10591053810379714,0.9943756623724075
0.10601054805479225,0.994365005267745
0.10611055800578732,0.9943543379900851
0.10621056795678241,0.9943436605391004
0.1063105779077775,0.9943329729144631
0.10641058785877257,0.9943222751158451
0.10651059780976765,0.9943115671429182
0.10661060776076277,0.9943008489953535
0.10671061771175784,0.9942901206728221
0.10681062766275293,0.9942793821749946
0.10691063761374801,0.994268633501541
0.10701064756474309,0.9942578746521319
0.1071106575157382,0.9942471056264365
0.10721066746673329,0.9942363264241241
0.10731067741772836,0.9942255370448639
0.10741068736872345,0.9942147374883247
0.10751069731971853,0.9942039277541745
0.10761070727071363,0.9941931078420815
0.10771071722170872,0.9941822777517134
0.1078107271727038,0.9941714374827376
0.10791073712369888,0.994160587034821
0.10801074707469396,0.9941497264076304
0.10811075702568906,0.9941388556008323
0.10821076697668415,0.9941279746140925
0.10831077692767924,0.9941170834470769
0.10841078687867432,0.9941061820994509
0.1085107968296694,0.9940952705708795
0.10861080678066451,0.9940843488610276
0.10871081673165958,0.9940734169695594
0.10881082668265467,0.9940624748961392
0.10891083663364975,0.9940515226404305
0.10901084658464484,0.9940405602020971
0.10911085653563994,0.9940295875808018
0.10921086648663503,0.9940186047762075
0.1093108764376301,0.9940076117879768
0.10941088638862519,0.9939966086157715
0.10951089633962027,0.9939855952592538
0.10961090629061537,0.9939745717180847
0.10971091624161046,0.9939635379919257
0.10981092619260555,0.9939524940804375
0.10991093614360062,0.9939414399832806
0.1100109460945957,0.9939303757001151
0.1101109560455908,0.9939193012306009
0.11021096599658589,0.9939082165743975
0.11031097594758098,0.993897121731164
0.11041098589857606,0.9938860167005593
0.11051099584957114,0.9938749014822419
0.11061100580056622,0.99386377607587
0.11071101575156132,0.9938526404811014
0.11081102570255641,0.9938414946975939
0.1109110356535515,0.9938303387250043
0.11101104560454658,0.9938191725629896
0.11111105555554165,0.9938079962112064
0.11121106550653677,0.993796809669311
0.11131107545753184,0.9937856129369591
0.11141108540852693,0.9937744060138065
0.11151109535952201,0.9937631888995082
0.1116111053105171,0.9937519615937191
0.1117111152615122,0.9937407240960939
0.11181112521250729,0.9937294764062868
0.11191113516350236,0.9937182185239517
0.11201114511449745,0.9937069504487422
0.11211115506549253,0.9936956721803115
0.11221116501648763,0.9936843837183126
0.11231117496748272,0.9936730850623979
0.1124111849184778,0.9936617762122198
0.11251119486947288,0.9936504571674304
0.11261120482046796,0.993639127927681
0.11271121477146308,0.9936277884926232
0.11281122472245815,0.9936164388619076
0.11291123467345324,0.993605079035185
0.11301124462444832,0.9935937090121058
0.1131112545754434,0.9935823287923197
0.11321126452643851,0.9935709383754765
0.1133112744774336,0.9935595377612253
0.11341128442842867,0.9935481269492153
0.11351129437942375,0.993536705939095
0.11361130433041884,0.9935252747305128
0.11371131428141394,0.9935138333231166
0.11381132423240903,0.993502381716554
0.11391133418340411,0.9934909199104724
0.11401134413439919,0.9934794479045189
0.11411135408539427,0.9934679656983398
0.11421136403638936,0.9934564732915818
0.11431137398738446,0.9934449706838906
0.11441138393837955,0.9934334578749121
0.11451139388937463,0.9934219348642914
0.1146114038403697,0.9934104016516737
0.11471141379136479,0.9933988582367036
0.11481142374235989,0.9933873046190254
0.11491143369335498,0.9933757407982831
0.11501144364435006,0.9933641667741204
0.11511145359534515,0.9933525825461808
0.11521146354634022,0.993340988114107
0.11531147349733534,0.9933293834775418
0.11541148344833041,0.9933177686361278
0.1155114933993255,0.9933061435895066
0.11561150335032058,0.9932945083373202
0.11571151330131567,0.99328286287921
0.11581152325231077,0.9932712072148168
0.11591153320330586,0.9932595413437814
0.11601154315430093,0.9932478652657442
0.11611155310529601,0.9932361789803451
0.1162115630562911,0.9932244824872238
0.1163115730072862,0.99321277578602
0.11641158295828129,0.9932010588763723
0.11651159290927637,0.9931893317579197
0.11661160286027145,0.9931775944303004
0.11671161281126653,0.9931658468931526
0.11681162276226165,0.9931540891461139
0.11691163271325672,0.9931423211888216
0.1170116426642518,0.993130543020913
0.11711165261524689,0.9931187546420245
0.11721166256624196,0.9931069560517928
0.11731167251723708,0.9930951472498537
0.11741168246823216,0.9930833282358429
0.11751169241922724,0.9930714990093961
0.11761170237022232,0.993059659570148
0.11771171232121741,0.9930478099177334
0.11781172227221251,0.9930359500517869
0.1179117322232076,0.9930240799719424
0.11801174217420268,0.9930121996778335
0.11811175212519776,0.9930003091690938
0.11821176207619284,0.9929884084453562
0.11831177202718793,0.9929764975062535
0.11841178197818303,0.9929645763514181
0.11851179192917811,0.9929526449804821
0.1186118018801732,0.992940703393077
0.11871181183116827,0.9929287515888344
0.11881182178216336,0.9929167895673854
0.11891183173315846,0.9929048173283606
0.11901184168415355,0.9928928348713904
0.11911185163514863,0.9928808421961048
0.11921186158614372,0.9928688393021337
0.11931187153713879,0.9928568261891063
0.1194118814881339,0.9928448028566518
0.11951189143912898,0.9928327693043989
0.11961190139012406,0.992820725531976
0.11971191134111915,0.9928086715390111
0.11981192129211424,0.992796607325132
0.11991193124310934,0.9927845328899659
0.12001194119410442,0.9927724482331401
0.1201119511450995,0.9927603533542811
0.12021196109609458,0.9927482482530156
0.12031197104708967,0.9927361329289693
0.12041198099808477,0.9927240073817681
0.12051199094907986,0.9927118716110375
0.12061200090007494,0.9926997256164022
0.12071201085107001,0.9926875693974873
0.1208120208020651,0.9926754029539169
0.1209120307530602,0.9926632262853153
0.12101204070405529,0.992651039391306
0.12111205065505037,0.9926388422715124
0.12121206060604546,0.9926266349255577
0.12131207055704053,0.9926144173530644
0.12141208050803565,0.9926021895536551
0.12151209045903072,0.9925899515269517
0.1216121004100258,0.9925777032725759
0.12171211036102089,0.9925654447901492
0.12181212031201598,0.9925531760792925
0.12191213026301105,0.9925408971396265
0.12201214021400617,0.9925286079707717
0.12211215016500124,0.992516308572348
0.12221216011599632,0.9925039989439751
0.12231217006699141,0.9924916790852724
0.1224121800179865,0.992479348995859
0.1225121899689816,0.9924670086753534
0.12261219991997668,0.9924546581233742
0.12271220987097176,0.9924422973395394
0.12281221982196684,0.9924299263234664
0.12291222977296193,0.9924175450747728
0.12301223972395703,0.9924051535930755
0.12311224967495212,0.9923927518779913
0.1232122596259472,0.9923803399291363
0.12331226957694227,0.9923679177461268
0.12341227952793736,0.9923554853285783
0.12351228947893247,0.9923430426761063
0.12361229942992755,0.9923305897883256
0.12371230938092263,0.9923181266648508
0.12381231933191772,0.9923056533052965
0.12391232928291279,0.9922931697092765
0.1240123392339079,0.9922806758764044
0.12411234918490299,0.9922681718062939
0.12421235913589806,0.9922556574985575
0.12431236908689315,0.9922431329528082
0.12441237903788824,0.992230598168658
0.12451238898888334,0.9922180531457191
0.12461239893987842,0.992205497883603
0.12471240889087351,0.9921929323819212
0.12481241884186858,0.9921803566402844
0.12491242879286367,0.9921677706583034
0.12501243874385878,0.9921551744355884
0.12511244869485386,0.9921425679717495
0.12521245864584893,0.9921299512663961
0.12531246859684403,0.9921173243191377
0.1254124785478391,0.992104687129583
0.1255124884988342,0.9920920396973408
0.1256124984498293,0.9920793820220193
0.12571250840082437,0.9920667141032263
0.12581251835181945,0.9920540359405696
0.12591252830281455,0.9920413475336565
0.12601253825380962,0.9920286488820936
0.12611254820480472,0.9920159399854878
0.12621255815579982,0.992003220843445
0.1263125681067949,0.9919904914555715
0.12641257805778996,0.9919777518214726
0.12651258800878507,0.9919650019407537
0.12661259795978017,0.9919522418130194
0.12671260791077524,0.9919394714378746
0.12681261786177034,0.9919266908149234
0.1269126278127654,0.9919138999437696
0.12701263776376048,0.9919010988240167
0.1271126477147556,0.991888287455268
0.12721265766575068,0.9918754658371264
0.12731266761674576,0.9918626339691944
0.12741267756774086,0.991849791851074
0.12751268751873593,0.9918369394823673
0.12761269746973103,0.9918240768626757
0.12771270742072613,0.9918112039916004
0.1278127173717212,0.9917983208687422
0.12791272732271627,0.9917854274937016
0.12801273727371137,0.9917725238660787
0.12811274722470647,0.9917596099854734
0.12821275717570155,0.9917466858514853
0.12831276712669665,0.9917337514637132
0.12841277707769172,0.9917208068217561
0.1285127870286868,0.9917078519252126
0.12861279697968192,0.9916948867736806
0.128712806930677,0.9916819113667579
0.12881281688167207,0.991668925704042
0.12891282683266717,0.9916559297851301
0.12901283678366224,0.9916429236096187
0.12911284673465734,0.9916299071771045
0.12921285668565244,0.9916168804871834
0.1293128666366475,0.9916038435394513
0.12941287658764258,0.9915907963335034
0.12951288653863768,0.9915777388689351
0.12961289648963276,0.9915646711453407
0.12971290644062786,0.9915515931623149
0.12981291639162296,0.9915385049194517
0.12991292634261803,0.9915254064163447
0.1300129362936131,0.9915122976525873
0.1301129462446082,0.9914991786277726
0.1302129561956033,0.9914860493414932
0.13031296614659837,0.9914729097933416
0.13041297609759347,0.9914597599829095
0.13051298604858855,0.9914465999097889
0.13061299599958362,0.991433429573571
0.13071300595057872,0.9914202489738466
0.13081301590157382,0.9914070581102066
0.1309130258525689,0.9913938569822413
0.131013035803564,0.9913806455895404
0.13111304575455907,0.9913674239316939
0.13121305570555417,0.9913541920082908
0.13131306565654924,0.9913409498189202
0.13141307560754434,0.9913276973631705
0.1315130855585394,0.9913144346406302
0.1316130955095345,0.9913011616508871
0.1317131054605296,0.9912878783935287
0.13181311541152468,0.9912745848681425
0.13191312536251976,0.991261281074315
0.13201313531351486,0.9912479670116331
0.13211314526450993,0.9912346426796829
0.13221315521550503,0.9912213080780501
0.13231316516650013,0.9912079632063205
0.1324131751174952,0.9911946080640792
0.13251318506849027,0.991181242650911
0.13261319501948537,0.9911678669664004
0.13271320497048048,0.9911544810101316
0.13281321492147555,0.9911410847816884
0.13291322487247065,0.9911276782806542
0.13301323482346572,0.9911142615066123
0.1331132447744608,0.9911008344591454
0.13321325472545592,0.991087397137836
0.133313264676451,0.9910739495422662
0.13341327462744607,0.9910604916720178
0.13351328457844117,0.9910470235266721
0.13361329452943624,0.9910335451058103
0.1337133044804313,0.991020056409013
0.13381331443142644,0.9910065574358609
0.1339133243824215,0.9909930481859337
0.13401333433341658,0.9909795286588113
0.13411334428441168,0.9909659988540731
0.13421335423540676,0.9909524587712981
0.13431336418640186,0.9909389084100649
0.13441337413739696,0.9909253477699519
0.13451338408839203,0.9909117768505371
0.1346133940393871,0.9908981956513983
0.1347134039903822,0.9908846041721125
0.1348134139413773,0.9908710024122569
0.13491342389237237,0.9908573903714081
0.13501343384336748,0.9908437680491424
0.13511344379436255,0.9908301354450356
0.13521345374535762,0.9908164925586634
0.13531346369635275,0.9908028393896011
0.13541347364734782,0.9907891759374237
0.1355134835983429,0.9907755022017055
0.135613493549338,0.9907618181820208
0.13571350350033307,0.9907481238779436
0.13581351345132817,0.9907344192890474
0.13591352340232327,0.9907207044149052
0.13601353335331834,0.9907069792550902
0.1361135433043134,0.9906932438091747
0.1362135532553085,0.9906794980767308
0.1363135632063036,0.9906657420573304
0.13641357315729868,0.990651975750545
0.13651358310829378,0.9906381991559456
0.13661359305928886,0.9906244122731032
0.13671360301028393,0.990610615101588
0.13681361296127903,0.9905968076409702
0.13691362291227413,0.9905829898908196
0.1370136328632692,0.9905691618507055
0.1371136428142643,0.990555323520197
0.13721365276525938,0.990541474898863
0.13731366271625445,0.9905276159862716
0.13741367266724955,0.9905137467819909
0.13751368261824465,0.9904998672855887
0.13761369256923972,0.990485977496632
0.13771370252023482,0.9904720774146883
0.1378137124712299,0.9904581670393239
0.137913722422225,0.9904442463701051
0.13801373237322007,0.990430315406598
0.13811374232421517,0.9904163741483681
0.13821375227521024,0.9904024225949807
0.13831376222620534,0.9903884607460007
0.13841377217720044,0.9903744886009929
0.1385137821281955,0.9903605061595211
0.13861379207919058,0.9903465134211494
0.13871380203018568,0.9903325103854415
0.13881381198118076,0.9903184970519602
0.13891382193217586,0.9903044734202687
0.13901383188317096,0.9902904394899295
0.13911384183416603,0.9902763952605044
0.1392138517851611,0.9902623407315555
0.1393138617361562,0.9902482759026441
0.1394138716871513,0.9902342007733315
0.13951388163814638,0.9902201153431783
0.13961389158914148,0.9902060196117449
0.13971390154013655,0.9901919135785916
0.13981391149113162,0.9901777972432779
0.13991392144212675,0.9901636706053633
0.14001393139312182,0.9901495336644067
0.1401139413441169,0.990135386419967
0.140213951295112,0.9901212288716024
0.14031396124610707,0.9901070610188708
0.14041397119710217,0.99009288286133
0.14051398114809727,0.9900786943985372
0.14061399109909234,0.9900644956300495
0.1407140010500874,0.9900502865554234
0.1408140110010825,0.9900360671742151
0.1409140209520776,0.9900218374859806
0.14101403090307268,0.9900075974902754
0.14111404085406778,0.9899933471866548
0.14121405080506286,0.9899790865746736
0.14131406075605793,0.9899648156538863
0.14141407070705303,0.9899505344238472
0.14151408065804813,0.98993624288411
0.1416140906090432,0.989921941034228
0.1417141005600383,0.9899076288737547
0.14181411051103338,0.9898933064022427
0.14191412046202845,0.9898789736192445
0.14201413041302358,0.9898646305243121
0.14211414036401865,0.9898502771169971
0.14221415031501372,0.9898359133968512
0.14231416026600882,0.9898215393634252
0.1424141702170039,0.9898071550162699
0.142514180167999,0.9897927603549357
0.1426141901189941,0.9897783553789724
0.14271420006998917,0.9897639400879298
0.14281421002098424,0.9897495144813572
0.14291421997197934,0.9897350785588034
0.14301422992297444,0.9897206323198171
0.1431142398739695,0.9897061757639466
0.1432142498249646,0.9896917088907397
0.14331425977595968,0.989677231699744
0.14341426972695476,0.9896627441905067
0.14351427967794989,0.9896482463625746
0.14361428962894496,0.9896337382154943
0.14371429957994003,0.989619219748812
0.14381430953093513,0.9896046909620732
0.1439143194819302,0.9895901518548237
0.1440143294329253,0.9895756024266084
0.1441143393839204,0.9895610426769721
0.14421434933491548,0.9895464726054592
0.14431435928591055,0.989531892211614
0.14441436923690565,0.9895173014949797
0.14451437918790075,0.9895027004551001
0.14461438913889582,0.9894880890915181
0.14471439908989092,0.9894734674037762
0.144814409040886,0.9894588353914169
0.14491441899188107,0.989444193053982
0.14501442894287617,0.9894295403910132
0.14511443889387127,0.9894148774020517
0.14521444884486634,0.9894002040866384
0.14531445879586144,0.9893855204443139
0.1454144687468565,0.9893708264746184
0.14551447869785158,0.9893561221770918
0.14561448864884668,0.9893414075512734
0.14571449859984179,0.9893266825967026
0.14581450855083686,0.989311947312918
0.14591451850183196,0.9892972016994582
0.14601452845282703,0.9892824457558612
0.14611453840382213,0.9892676794816648
0.1462145483548172,0.9892529028764064
0.1463145583058123,0.9892381159396231
0.14641456825680738,0.9892233186708513
0.14651457820780248,0.9892085110696277
0.14661458815879758,0.9891936931354881
0.14671459810979265,0.9891788648679681
0.14681460806078772,0.9891640262666032
0.14691461801178282,0.9891491773309281
0.1470146279627779,0.9891343180604776
0.147114637913773,0.9891194484547857
0.1472146478647681,0.9891045685133865
0.14731465781576317,0.9890896782358133
0.14741466776675824,0.9890747776215995
0.14751467771775334,0.9890598666702777
0.14761468766874844,0.9890449453813804
0.1477146976197435,0.98903001375444
0.1478147075707386,0.989015071788988
0.14791471752173369,0.9890001194845559
0.14801472747272876,0.9889851568406747
0.14811473742372389,0.9889701838568751
0.14821474737471896,0.9889552005326876
0.14831475732571403,0.988940206867642
0.14841476727670913,0.9889252028612681
0.1485147772277042,0.9889101885130952
0.1486147871786993,0.9888951638226521
0.1487147971296944,0.9888801287894675
0.14881480708068948,0.9888650834130697
0.14891481703168455,0.9888500276929864
0.14901482698267965,0.9888349616287453
0.14911483693367472,0.9888198852198734
0.14921484688466982,0.9888047984658976
0.14931485683566492,0.9887897013663446
0.14941486678666,0.9887745939207402
0.14951487673765507,0.9887594761286103
0.14961488668865017,0.9887443479894802
0.14971489663964527,0.9887292095028751
0.14981490659064034,0.9887140606683197
0.14991491654163544,0.9886989014853381
0.1500149264926305,0.9886837319534547
0.15011493644362559,0.9886685520721928
0.1502149463946207,0.9886533618410759
0.15031495634561579,0.9886381612596267
0.15041496629661086,0.9886229503273679
0.15051497624760596,0.9886077290438218
0.15061498619860103,0.9885924974085102
0.15071499614959613,0.9885772554209545
0.15081500610059123,0.9885620030806761
0.1509150160515863,0.9885467403871956
0.15101502600258138,0.9885314673400335
0.15111503595357648,0.9885161839387099
0.15121504590457158,0.9885008901827446
0.15131505585556665,0.9884855860716568
0.15141506580656175,0.9884702716049656
0.15151507575755682,0.9884549467821899
0.1516150857085519,0.9884396116028477
0.151715095659547,0.9884242660664572
0.1518151056105421,0.9884089101725358
0.15191511556153717,0.9883935439206009
0.15201512551253227,0.9883781673101694
0.15211513546352734,0.9883627803407576
0.15221514541452244,0.988347383011882
0.1523151553655175,0.9883319753230583
0.1524151653165126,0.9883165572738019
0.15251517526750769,0.988301128863628
0.15261518521850279,0.9882856900920514
0.15271519516949786,0.9882702409585863
0.15281520512049296,0.9882547814627469
0.15291521507148803,0.988239311604047
0.15301522502248313,0.9882238313819997
0.1531152349734782,0.988208340796118
0.1532152449244733,0.9881928398459148
0.1533152548754684,0.988177328530902
0.15341526482646348,0.9881618068505916
0.15351527477745855,0.9881462748044955
0.15361528472845365,0.9881307323921243
0.15371529467944872,0.9881151796129893
0.15381530463044382,0.9880996164666008
0.15391531458143892,0.988084042952469
0.154015324532434,0.9880684590701037
0.15411533448342907,0.988052864819014
0.15421534443442417,0.9880372601987093
0.15431535438541927,0.9880216452086981
0.15441536433641434,0.9880060198484888
0.15451537428740944,0.9879903841175893
0.1546153842384045,0.9879747380155074
0.15471539418939959,0.9879590815417503
0.1548154041403947,0.9879434146958247
0.15491541409138979,0.9879277374772374
0.15501542404238486,0.9879120498854944
0.15511543399337996,0.9878963519201017
0.15521544394437503,0.9878806435805646
0.15531545389537013,0.9878649248663884
0.15541546384636523,0.9878491957770776
0.1555154737973603,0.9878334563121369
0.15561548374835538,0.9878177064710701
0.15571549369935048,0.987801946253381
0.15581550365034558,0.987786175658573
0.15591551360134065,0.9877703946861488
0.15601552355233575,0.9877546033356112
0.15611553350333082,0.9877388016064623
0.1562155434543259,0.9877229894982041
0.15631555340532102,0.9877071670103382
0.1564155633563161,0.9876913341423657
0.15651557330731117,0.9876754908937874
0.15661558325830627,0.9876596372641036
0.15671559320930134,0.9876437732528145
0.1568156031602964,0.9876278988594198
0.15691561311129154,0.987612014083419
0.1570156230622866,0.987596118924311
0.15711563301328169,0.9875802133815945
0.15721564296427679,0.9875642974547678
0.15731565291527186,0.9875483711433287
0.15741566286626696,0.9875324344467749
0.15751567281726206,0.9875164873646036
0.15761568276825713,0.9875005298963115
0.1577156927192522,0.9874845620413953
0.1578157026702473,0.9874685837993511
0.1579157126212424,0.9874525951696745
0.15801572257223748,0.9874365961518612
0.15811573252323258,0.9874205867454058
0.15821574247422765,0.9874045669498034
0.15831575242522272,0.9873885367645482
0.15841576237621782,0.9873724961891341
0.15851577232721292,0.9873564452230548
0.158615782278208,0.9873403838658035
0.1587157922292031,0.987324312116873
0.15881580218019817,0.987308229975756
0.15891581213119327,0.9872921374419444
0.15901582208218834,0.9872760345149303
0.15911583203318344,0.9872599211942049
0.1592158419841785,0.9872437974792595
0.1593158519351736,0.9872276633695846
0.1594158618861687,0.9872115188646706
0.1595158718371638,0.9871953639640076
0.15961588178815886,0.9871791986670853
0.15971589173915396,0.9871630229733925
0.15981590169014903,0.9871468368824187
0.15991591164114413,0.9871306403936522
0.16001592159213923,0.987114433506581
0.1601159315431343,0.9870982162206932
0.16021594149412938,0.987081988535476
0.16031595144512448,0.9870657504504168
0.16041596139611955,0.9870495019650021
0.16051597134711465,0.9870332430787183
0.16061598129810975,0.9870169737910516
0.16071599124910482,0.9870006941014873
0.1608160012000999,0.9869844040095109
0.160916011151095,0.9869681035146074
0.1610160211020901,0.9869517926162611
0.16111603105308517,0.9869354713139564
0.16121604100408027,0.986919139607177
0.16131605095507534,0.9869027974954067
0.1614160609060704,0.986886444978128
0.16151607085706554,0.9868700820548242
0.1616160808080606,0.9868537087249774
0.1617160907590557,0.9868373249880696
0.1618161007100508,0.9868209308435826
0.16191611066104586,0.9868045262909975
0.16201612061204096,0.9867881113297954
0.16211613056303606,0.9867716859594567
0.16221614051403113,0.9867552501794618
0.1623161504650262,0.9867388039892903
0.1624161604160213,0.9867223473884217
0.1625161703670164,0.9867058803763353
0.16261618031801148,0.9866894029525097
0.16271619026900658,0.9866729151164232
0.16281620022000165,0.9866564168675539
0.16291621017099672,0.9866399082053795
0.16301622012199185,0.9866233891293772
0.16311623007298692,0.9866068596390238
0.163216240023982,0.986590319733796
0.1633162499749771,0.98657376941317
0.16341625992597217,0.9865572086766217
0.16351626987696727,0.9865406375236262
0.16361627982796237,0.9865240559536589
0.16371628977895744,0.9865074639661945
0.1638162997299525,0.9864908615607072
0.16391630968094761,0.9864742487366711
0.16401631963194271,0.9864576254935599
0.1641163295829378,0.9864409918308467
0.1642163395339329,0.9864243477480045
0.16431634948492796,0.9864076932445057
0.16441635943592303,0.9863910283198227
0.16451636938691813,0.9863743529734272
0.16461637933791323,0.9863576672047905
0.1647163892889083,0.9863409710133838
0.1648163992399034,0.9863242643986777
0.16491640919089848,0.9863075473601427
0.16501641914189355,0.9862908198972486
0.16511642909288868,0.9862740820094651
0.16521643904388375,0.9862573336962613
0.16531644899487882,0.9862405749571063
0.16541645894587392,0.9862238057914684
0.165516468896869,0.9862070261988158
0.1656164788478641,0.9861902361786163
0.1657164887988592,0.9861734357303372
0.16581649874985427,0.9861566248534457
0.16591650870084934,0.9861398035474083
0.16601651865184444,0.9861229718116914
0.16611652860283954,0.9861061296457608
0.16621653855383461,0.9860892770490822
0.16631654850482971,0.9860724140211208
0.1664165584558248,0.9860555405613414
0.16651656840681986,0.9860386566692083
0.16661657835781496,0.9860217623441858
0.16671658830881006,0.9860048575857376
0.16681659825980513,0.985987942393327
0.16691660821080023,0.985971016766417
0.1670166181617953,0.9859540807044702
0.1671166281127904,0.985937134206949
0.16721663806378548,0.985920177273315
0.16731664801478058,0.9859032099030299
0.16741665796577565,0.9858862320955549
0.16751666791677075,0.9858692438503507
0.16761667786776585,0.9858522451668777
0.16771668781876092,0.985835236044596
0.167816697769756,0.9858182164829652
0.1679167077207511,0.9858011864814445
0.16801671767174617,0.9857841460394932
0.16811672762274127,0.9857670951565695
0.16821673757373637,0.9857500338321317
0.16831674752473144,0.9857329620656377
0.16841675747572651,0.9857158798565449
0.16851676742672161,0.9856987872043104
0.1686167773777167,0.9856816841083909
0.1687167873287118,0.9856645705682426
0.1688167972797069,0.9856474465833218
0.16891680723070196,0.985630312153084
0.16901681718169703,0.9856131672769843
0.16911682713269213,0.9855960119544778
0.16921683708368723,0.9855788461850188
0.1693168470346823,0.9855616699680614
0.1694168569856774,0.9855444833030595
0.16951686693667248,0.9855272861894664
0.16961687688766755,0.9855100786267352
0.16971688683866268,0.9854928606143185
0.16981689678965775,0.9854756321516686
0.16991690674065282,0.9854583932382373
0.17001691669164792,0.9854411438734763
0.170116926642643,0.9854238840568366
0.1702169365936381,0.9854066137877691
0.1703169465446332,0.9853893330657242
0.17041695649562827,0.9853720418901518
0.17051696644662334,0.9853547402605018
0.17061697639761844,0.9853374281762236
0.17071698634861354,0.9853201056367659
0.17081699629960861,0.9853027726415772
0.17091700625060371,0.9852854291901059
0.1710170162015988,0.9852680752817997
0.17111702615259386,0.9852507109161062
0.171217036103589,0.9852333360924722
0.17131704605458406,0.9852159508103447
0.17141705600557913,0.9851985550691699
0.17151706595657423,0.9851811488683937
0.1716170759075693,0.9851637322074618
0.1717170858585644,0.9851463050858195
0.1718170958095595,0.9851288675029114
0.17191710576055458,0.985111419458182
0.17201711571154965,0.9850939609510756
0.17211712566254475,0.9850764919810359
0.17221713561353982,0.985059012547506
0.17231714556453492,0.9850415226499292
0.17241715551553002,0.9850240222877479
0.1725171654665251,0.9850065114604043
0.17261717541752017,0.9849889901673404
0.17271718536851527,0.9849714584079977
0.17281719531951037,0.9849539161818172
0.17291720527050544,0.9849363634882398
0.17301721522150054,0.9849188003267055
0.17311722517249561,0.9849012266966548
0.1732172351234907,0.984883642597527
0.1733172450744858,0.9848660480287614
0.1734172550254809,0.984848442989797
0.17351726497647596,0.984830827480072
0.17361727492747106,0.9848132014990248
0.17371728487846613,0.9847955650460931
0.17381729482946123,0.9847779181207142
0.1739173047804563,0.9847602607223253
0.1740173147314514,0.9847425928503626
0.17411732468244648,0.9847249145042627
0.17421733463344158,0.9847072256834615
0.17431734458443668,0.9846895263873943
0.17441735453543175,0.9846718166154962
0.17451736448642682,0.9846540963672022
0.17461737443742192,0.9846363656419467
0.174717384388417,0.9846186244391634
0.1748173943394121,0.984600872758286
0.1749174042904072,0.9845831105987479
0.17501741424140227,0.9845653379599819
0.17511742419239734,0.9845475548414205
0.17521743414339244,0.9845297612424958
0.17531744409438754,0.9845119571626397
0.17541745404538261,0.9844941426012834
0.17551746399637772,0.9844763175578579
0.1756174739473728,0.9844584820317939
0.17571748389836786,0.9844406360225216
0.175817493849363,0.9844227795294709
0.17591750380035806,0.9844049125520713
0.17601751375135313,0.9843870350897518
0.17611752370234823,0.9843691471419412
0.1762175336533433,0.984351248708068
0.17631754360433838,0.9843333397875601
0.1764175535553335,0.984315420379845
0.17651756350632858,0.9842974904843501
0.17661757345732365,0.9842795501005022
0.17671758340831875,0.9842615992277276
0.17681759335931382,0.9842436378654527
0.17691760331030892,0.984225666013103
0.17701761326130402,0.9842076836701039
0.1771176232122991,0.9841896908358805
0.17721763316329417,0.9841716875098573
0.17731764311428927,0.9841536736914583
0.17741765306528437,0.9841356493801078
0.17751766301627944,0.9841176145752288
0.17761767296727454,0.9840995692762446
0.17771768291826961,0.984081513482578
0.1778176928692647,0.9840634471936511
0.17791770282025982,0.9840453704088861
0.1780177127712549,0.9840272831277043
0.17811772272224996,0.984009185349527
0.17821773267324506,0.983991077073775
0.17831774262424013,0.9839729582998687
0.17841775257523523,0.9839548290272283
0.17851776252623033,0.9839366892552734
0.1786177724772254,0.9839185389834233
0.17871778242822048,0.9839003782110968
0.17881779237921558,0.9838822069377126
0.17891780233021068,0.9838640251626887
0.17901781228120575,0.983845832885443
0.17911782223220085,0.9838276301053929
0.17921783218319592,0.9838094168219553
0.179317842134191,0.983791193034547
0.1794178520851861,0.9837729587425842
0.1795178620361812,0.9837547139454828
0.17961787198717627,0.9837364586426582
0.17971788193817137,0.9837181928335256
0.17981789188916644,0.9836999165174998
0.17991790184016151,0.9836816296939951
0.18001791179115662,0.9836633323624254
0.18011792174215172,0.9836450245222044
0.1802179316931468,0.9836267061727453
0.1803179416441419,0.983608377313461
0.18041795159513696,0.9835900379437639
0.18051796154613206,0.9835716880630659
0.18061797149712713,0.9835533276707791
0.18071798144812223,0.9835349567663145
0.1808179913991173,0.9835165753490832
0.1809180013501124,0.9834981834184956
0.1810180113011075,0.9834797809739619
0.18111802125210258,0.983461368014892
0.18121803120309765,0.9834429445406954
0.18131804115409275,0.9834245105507807
0.18141805110508782,0.983406066044557
0.18151806105608292,0.9833876110214325
0.18161807100707802,0.9833691454808149
0.1817180809580731,0.9833506694221117
0.18181809090906817,0.9833321828447301
0.18191810086006327,0.983313685748077
0.18201811081105837,0.9832951781315584
0.18211812076205344,0.9832766599945807
0.18221813071304854,0.983258131336549
0.18231814066404362,0.983239592156869
0.1824181506150387,0.9832210424549451
0.18251816056603382,0.983202482230182
0.1826181705170289,0.9831839114819838
0.18271818046802396,0.983165330209754
0.18281819041901906,0.983146738412896
0.18291820037001413,0.9831281360908126
0.18301821032100923,0.9831095232429065
0.18311822027200433,0.9830908998685797
0.1832182302229994,0.983072265967234
0.18331824017399448,0.9830536215382708
0.18341825012498958,0.983034966581091
0.18351826007598468,0.9830163010950954
0.18361827002697975,0.9829976250796841
0.18371827997797485,0.9829789385342569
0.18381828992896992,0.9829602414582134
0.183918299879965,0.9829415338509525
0.1840183098309601,0.9829228157118731
0.1841183197819552,0.9829040870403732
0.18421832973295027,0.9828853478358511
0.18431833968394537,0.982866598097704
0.18441834963494044,0.9828478378253294
0.18451835958593552,0.9828290670181237
0.18461836953693064,0.9828102856754835
0.18471837948792572,0.9827914937968046
0.1848183894389208,0.9827726913814829
0.1849183993899159,0.9827538784289134
0.18501840934091096,0.9827350549384911
0.18511841929190606,0.9827162209096103
0.18521842924290116,0.9826973763416652
0.18531843919389623,0.9826785212340494
0.1854184491448913,0.9826596555861563
0.1855184590958864,0.9826407793973787
0.1856184690468815,0.9826218926671092
0.18571847899787658,0.9826029953947399
0.18581848894887168,0.9825840875796625
0.18591849889986675,0.9825651692212687
0.18601850885086182,0.982546240318949
0.18611851880185692,0.9825273008720943
0.18621852875285202,0.9825083508800947
0.1863185387038471,0.9824893903423401
0.1864185486548422,0.9824704192582199
0.18651855860583727,0.9824514376271231
0.18661856855683237,0.9824324454484384
0.18671857850782747,0.9824134427215541
0.18681858845882254,0.9823944294458581
0.18691859840981762,0.9823754056207379
0.18701860836081272,0.9823563712455806
0.18711861831180782,0.9823373263197729
0.1872186282628029,0.9823182708427012
0.187318638213798,0.9822992048137513
0.18741864816479306,0.982280128232309
0.18751865811578813,0.9822610410977594
0.18761866806678323,0.9822419434094871
0.18771867801777833,0.9822228351668768
0.1878186879687734,0.9822037163693124
0.1879186979197685,0.9821845870161774
0.18801870787076358,0.982165447106855
0.18811871782175865,0.9821462966407283
0.18821872777275375,0.9821271356171797
0.18831873772374885,0.9821079640355911
0.18841874767474392,0.9820887818953443
0.18851875762573903,0.9820695891958207
0.1886187675767341,0.9820503859364009
0.1887187775277292,0.9820311721164656
0.18881878747872427,0.9820119477353951
0.18891879742971937,0.9819927127925688
0.18901880738071444,0.9819734672873663
0.18911881733170954,0.9819542112191665
0.18921882728270464,0.9819349445873479
0.18931883723369972,0.9819156673912887
0.1894188471846948,0.9818963796303667
0.1895188571356899,0.9818770813039593
0.18961886708668496,0.9818577724114436
0.18971887703768006,0.981838452952196
0.18981888698867516,0.9818191229255929
0.18991889693967023,0.9817997823310102
0.1900189068906653,0.9817804311678231
0.1901189168416604,0.9817610694354069
0.1902189267926555,0.9817416971331361
0.19031893674365058,0.9817223142603851
0.19041894669464568,0.9817029208165277
0.19051895664564075,0.9816835168009375
0.19061896659663582,0.9816641022129874
0.19071897654763095,0.9816446770520504
0.19081898649862603,0.9816252413174985
0.1909189964496211,0.9816057950087039
0.1910190064006162,0.9815863381250379
0.19111901635161127,0.9815668706658719
0.19121902630260637,0.9815473926305764
0.19131903625360147,0.9815279040185221
0.19141904620459654,0.9815084048290786
0.19151905615559162,0.9814888950616157
0.19161906610658672,0.9814693747155026
0.1917190760575818,0.9814498437901079
0.1918190860085769,0.9814303022848002
0.191919095959572,0.9814107501989473
0.19201910591056706,0.9813911875319171
0.19211911586156213,0.9813716142830766
0.19221912581255723,0.9813520304517928
0.19231913576355233,0.9813324360374319
0.1924191457145474,0.9813128310393602
0.1925191556655425,0.9812932154569431
0.19261916561653758,0.9812735892895461
0.19271917556753265,0.981253952536534
0.19281918551852778,0.9812343051972712
0.19291919546952285,0.9812146472711218
0.19301920542051793,0.9811949787574495
0.19311921537151303,0.9811752996556177
0.1932192253225081,0.9811556099649891
0.1933192352735032,0.9811359096849264
0.1934192452244983,0.9811161988147914
0.19351925517549337,0.9810964773539462
0.19361926512648844,0.9810767453017519
0.19371927507748354,0.9810570026575695
0.19381928502847864,0.9810372494207594
0.19391929497947372,0.9810174855906819
0.19401930493046882,0.9809977111666968
0.1941193148814639,0.9809779261481631
0.19421932483245896,0.9809581305344403
0.19431933478345406,0.9809383243248864
0.19441934473444916,0.9809185075188598
0.19451935468544423,0.9808986801157183
0.19461936463643933,0.9808788421148193
0.1947193745874344,0.9808589935155198
0.1948193845384295,0.9808391343171762
0.19491939448942458,0.9808192645191448
0.19501940444041968,0.9807993841207814
0.19511941439141475,0.9807794931214413
0.19521942434240985,0.9807595915204796
0.19531943429340493,0.980739679317251
0.19541944424440003,0.9807197565111094
0.1955194541953951,0.9806998231014089
0.1956194641463902,0.9806798790875029
0.19571947409738527,0.9806599244687442
0.19581948404838037,0.9806399592444854
0.19591949399937547,0.9806199834140791
0.19601950395037054,0.9805999969768767
0.19611951390136562,0.9805799999322299
0.19621952385236072,0.9805599922794896
0.1963195338033558,0.9805399740180066
0.1964195437543509,0.9805199451471309
0.196519553705346,0.9804999056662125
0.19661956365634106,0.9804798555746008
0.19671957360733613,0.9804597948716448
0.19681958355833123,0.9804397235566933
0.19691959350932633,0.9804196416290942
0.1970196034603214,0.9803995490881958
0.1971196134113165,0.9803794459333454
0.19721962336231158,0.9803593321638898
0.19731963331330665,0.9803392077791759
0.19741964326430178,0.9803190727785499
0.19751965321529685,0.9802989271613577
0.19761966316629193,0.9802787709269447
0.19771967311728703,0.980258604074656
0.1978196830682821,0.9802384266038362
0.1979196930192772,0.9802182385138296
0.1980197029702723,0.9801980398039802
0.19811971292126737,0.9801778304736313
0.19821972287226244,0.9801576105221259
0.19831973282325754,0.9801373799488068
0.19841974277425264,0.9801171387530163
0.19851975272524772,0.9800968869340962
0.19861976267624282,0.9800766244913879
0.1987197726272379,0.9800563514242326
0.19881978257823296,0.9800360677319708
0.1989197925292281,0.980015773413943
0.19901980248022316,0.9799954684694889
0.19911981243121823,0.979975152897948
0.19921982238221334,0.9799548266986593
0.1993198323332084,0.9799344898709615
0.19941984228420348,0.9799141424141931
0.1995198522351986,0.9798937843276916
0.19961986218619368,0.9798734156107946
0.19971987213718875,0.9798530362628393
0.19981988208818385,0.9798326462831621
0.19991989203917893,0.9798122456710995
0.20001990199017403,0.9797918344259872
0.20011991194116913,0.9797714125471607
0.2002199218921642,0.9797509800339552
0.20031993184315927,0.9797305368857051
0.20041994179415437,0.9797100831017449
0.20051995174514947,0.9796896186814081
0.20061996169614454,0.9796691436240286
0.20071997164713964,0.9796486579289391
0.20081998159813472,0.9796281615954723
0.2009199915491298,0.9796076546229606
0.2010200015001249,0.9795871370107356
0.20112001145112,0.979566608758129
0.20122002140211506,0.9795460698644717
0.20132003135311016,0.9795255203290942
0.20142004130410524,0.9795049601513269
0.20152005125510034,0.9794843893304996
0.2016200612060954,0.9794638078659417
0.2017200711570905,0.9794432157569822
0.20182008110808558,0.9794226130029497
0.20192009105908068,0.9794019996031724
0.20202010101007578,0.9793813755569782
0.20212011096107085,0.9793607408636944
0.20222012091206593,0.979340095522648
0.20232013086306103,0.9793194395331658
0.2024201408140561,0.9792987728945737
0.2025201507650512,0.9792780956061975
0.2026201607160463,0.9792574076673628
0.20272017066704137,0.9792367090773945
0.20282018061803644,0.979215999835617
0.20292019056903154,0.9791952799413547
0.20302020052002662,0.9791745493939311
0.20312021047102172,0.97915380819267
0.20322022042201682,0.9791330563368938
0.2033202303730119,0.9791122938259255
0.20342024032400696,0.979091520659087
0.20352025027500206,0.9790707368357
0.20362026022599716,0.979049942355086
0.20372027017699224,0.9790291372165658
0.20382028012798734,0.97900832141946
0.2039202900789824,0.9789874949630887
0.20402030002997748,0.9789666578467716
0.2041203099809726,0.978945810069828
0.20422031993196768,0.9789249516315767
0.20432032988296275,0.9789040825313363
0.20442033983395785,0.9788832027684249
0.20452034978495293,0.97886231234216
0.20462035973594803,0.9788414112518592
0.20472036968694313,0.9788204994968389
0.2048203796379382,0.978799577076416
0.2049203895889333,0.9787786439899063
0.2050203995399284,0.9787577002366256
0.20512040949092347,0.9787367458158889
0.20522041944191854,0.9787157807270112
0.20532042939291364,0.9786948049693068
0.20542043934390872,0.9786738185420899
0.2055204492949038,0.9786528214446739
0.2056204592458989,0.9786318136763722
0.20572046919689396,0.9786107952364974
0.20582047914788903,0.9785897661243619
0.20592048909888416,0.9785687263392777
0.20602049904987926,0.9785476758805566
0.20612050900087434,0.9785266147475093
0.20622051895186944,0.9785055429394468
0.2063205289028645,0.9784844604556795
0.20642053885385958,0.9784633672955172
0.20652054880485468,0.9784422634582695
0.20662055875584975,0.9784211489432455
0.20672056870684483,0.9784000237497538
0.20682057865783993,0.9783788878771027
0.20692058860883505,0.9783577413246002
0.20702059855983013,0.9783365840915537
0.2071206085108252,0.9783154161772702
0.2072206184618203,0.9782942375810566
0.20732062841281537,0.9782730483022188
0.20742063836381047,0.9782518483400628
0.20752064831480554,0.9782306376938941
0.20762065826580062,0.9782094163630176
0.20772066821679572,0.9781881843467379
0.2078206781677908,0.9781669416443594
0.20792068811878592,0.9781456882551854
0.208020698069781,0.9781244241785199
0.2081207080207761,0.9781031494136653
0.20822071797177116,0.9780818639599245
0.20832072792276624,0.9780605678165994
0.20842073787376134,0.9780392609829919
0.2085207478247564,0.9780179434584032
0.2086207577757515,0.9779966152421342
0.20872076772674658,0.9779752763334856
0.20882077767774165,0.9779539267317573
0.20892078762873675,0.9779325664362488
0.20902079757973188,0.9779111954462597
0.20912080753072695,0.9778898137610886
0.20922081748172203,0.9778684213800342
0.20932082743271713,0.9778470183023941
0.2094208373837122,0.9778256045274663
0.2095208473347073,0.9778041800545476
0.20962085728570237,0.9777827448829353
0.20972086723669744,0.9777612990119253
0.20982087718769254,0.9777398424408137
0.20992088713868762,0.9777183751688961
0.21002089708968275,0.9776968971954677
0.21012090704067782,0.977675408519823
0.21022091699167292,0.9776539091412565
0.210320926942668,0.977632399059062
0.21042093689366306,0.9776108782725329
0.21052094684465816,0.9775893467809623
0.21062095679565324,0.977567804583643
0.21072096674664834,0.977546251679867
0.2108209766976434,0.9775246880689263
0.21092098664863848,0.9775031137501122
0.2110209965996336,0.9774815287227158
0.2111210065506287,0.9774599329860275
0.21122101650162378,0.9774383265393376
0.21132102645261885,0.9774167093819358
0.21142103640361395,0.9773950815131114
0.21152104635460903,0.9773734429321534
0.2116210563056041,0.9773517936383502
0.2117210662565992,0.97733013363099
0.21182107620759427,0.9773084629093604
0.21192108615858937,0.9772867814727485
0.2120210961095845,0.9772650893204414
0.21212110606057957,0.9772433864517254
0.21222111601157465,0.9772216728658866
0.21232112596256975,0.9771999485622104
0.21242113591356482,0.9771782135399821
0.2125211458645599,0.9771564677984864
0.212621155815555,0.9771347113370078
0.21272116576655006,0.97711294415483
0.21282117571754514,0.9770911662512366
0.21292118566854024,0.9770693776255108
0.2130211956195353,0.9770475782769351
0.21312120557053044,0.9770257682047919
0.21322121552152554,0.9770039474083629
0.2133212254725206,0.9769821158869296
0.21342123542351568,0.9769602736397731
0.21352124537451078,0.9769384206661738
0.21362125532550585,0.976916556965412
0.21372126527650093,0.9768946825367674
0.21382127522749603,0.9768727973795193
0.2139212851784911,0.9768509014929467
0.21402129512948617,0.9768289948763281
0.2141213050804813,0.9768070775289415
0.2142213150314764,0.9767851494500646
0.21432132498247147,0.9767632106389745
0.21442133493346657,0.9767412610949484
0.21452134488446165,0.9767193008172623
0.21462135483545672,0.9766973298051925
0.21472136478645182,0.9766753480580144
0.2148213747374469,0.9766533555750031
0.21492138468844196,0.9766313523554334
0.21502139463943706,0.9766093383985797
0.2151214045904322,0.9765873137037157
0.21522141454142726,0.976565278270115
0.21532142449242234,0.9765432320970506
0.21542143444341744,0.9765211751837952
0.2155214443944125,0.9764991075296209
0.2156214543454076,0.9764770291337995
0.21572146429640268,0.9764549399956026
0.21582147424739775,0.9764328401143009
0.21592148419839285,0.9764107294891649
0.21602149414938793,0.9763886081194649
0.21612150410038306,0.9763664760044705
0.21622151405137813,0.9763443331434508
0.21632152400237323,0.9763221795356749
0.2164215339533683,0.9763000151804112
0.21652154390436337,0.9762778400769275
0.21662155385535847,0.9762556542244916
0.21672156380635355,0.9762334576223705
0.21682157375734865,0.976211250269831
0.21692158370834372,0.9761890321661395
0.2170215936593388,0.9761668033105617
0.2171216036103339,0.9761445637023632
0.21722161356132902,0.976122313340809
0.2173216235123241,0.9761000522251639
0.21742163346331916,0.9760777803546918
0.21752164341431426,0.9760554977286567
0.21762165336530934,0.976033204346322
0.2177216633163044,0.9760109002069505
0.2178216732672995,0.9759885853098046
0.21792168321829458,0.9759662596541466
0.21802169316928968,0.9759439232392382
0.21812170312028475,0.9759215760643405
0.21822171307127988,0.9758992181287144
0.21832172302227495,0.9758768494316202
0.21842173297327006,0.975854469972318
0.21852174292426513,0.9758320797500671
0.2186217528752602,0.9758096787641269
0.2187217628262553,0.9757872670137561
0.21882177277725037,0.9757648444982128
0.21892178272824545,0.975742411216755
0.21902179267924055,0.97571996716864
0.21912180263023562,0.9756975123531247
0.21922181258123075,0.975675046769466
0.21932182253222585,0.9756525704169199
0.21942183248322092,0.9756300832947421
0.219521842434216,0.9756075854021878
0.2196218523852111,0.9755850767385121
0.21972186233620616,0.9755625573029694
0.21982187228720124,0.9755400270948135
0.21992188223819634,0.9755174861132981
0.2200218921891914,0.9754949343576766
0.22012190214018648,0.9754723718272016
0.2202219120911816,0.9754497985211252
0.2203219220421767,0.9754272144386997
0.22042193199317178,0.9754046195791762
0.22052194194416688,0.975382013941806
0.22062195189516196,0.9753593975258397
0.22072196184615703,0.9753367703305272
0.22082197179715213,0.9753141323551185
0.2209219817481472,0.975291483598863
0.22102199169914227,0.9752688240610095
0.22112200165013737,0.9752461537408065
0.22122201160113245,0.9752234726375019
0.22132202155212757,0.9752007807503436
0.22142203150312265,0.9751780780785785
0.22152204145411775,0.9751553646214536
0.22162205140511282,0.9751326403782152
0.22172206135610792,0.975109905348109
0.221822071307103,0.9750871595303809
0.22192208125809806,0.9750644029242757
0.22202209120909316,0.9750416355290379
0.22212210116008824,0.9750188573439118
0.2222221111110833,0.9749960683681413
0.22232212106207844,0.9749732686009697
0.22242213101307354,0.9749504580416398
0.2225221409640686,0.9749276366893941
0.22262215091506368,0.9749048045434747
0.22272216086605878,0.9748819616031232
0.22282217081705386,0.9748591078675809
0.22292218076804896,0.9748362433360883
0.22302219071904403,0.9748133680078861
0.2231222006700391,0.974790481882214
0.2232222106210342,0.9747675849583113
0.22332222057202933,0.9747446772354174
0.2234222305230244,0.9747217587127706
0.22352224047401947,0.9746988293896093
0.22362225042501457,0.9746758892651711
0.22372226037600965,0.9746529383386935
0.22382227032700472,0.9746299766094132
0.22392228027799982,0.9746070040765666
0.2240222902289949,0.9745840207393901
0.22412230017999,0.974561026597119
0.22422231013098506,0.9745380216489885
0.22432232008198014,0.9745150058942333
0.22442233003297526,0.9744919793320879
0.22452233998397036,0.9744689419617859
0.22462234993496544,0.9744458937825609
0.2247223598859605,0.9744228347936459
0.2248223698369556,0.9743997649942734
0.22492237978795068,0.9743766843836755
0.22502238973894576,0.9743535929610841
0.22512239968994086,0.9743304907257303
0.22522240964093593,0.974307377676845
0.22532241959193103,0.9742842538136587
0.22542242954292616,0.9742611191354013
0.22552243949392123,0.9742379736413022
0.2256224494449163,0.9742148173305907
0.2257224593959114,0.9741916502024954
0.22582246934690647,0.9741684722562446
0.22592247929790155,0.974145283491066
0.22602248924889665,0.974122083906187
0.22612249919989172,0.9740988735008346
0.2262225091508868,0.9740756522742353
0.2263225191018819,0.9740524202256151
0.22642252905287702,0.9740291773541997
0.2265225390038721,0.9740059236592143
0.2266225489548672,0.9739826591398837
0.22672255890586226,0.9739593837954321
0.22682256885685734,0.9739360976250835
0.22692257880785244,0.9739128006280613
0.2270225887588475,0.9738894928035887
0.22712259870984258,0.973866174150888
0.22722260866083768,0.9738428446691816
0.22732261861183276,0.9738195043576912
0.22742262856282788,0.9737961532156378
0.22752263851382296,0.9737727912422426
0.22762264846481806,0.9737494184367259
0.22772265841581313,0.9737260347983075
0.22782266836680823,0.9737026403262072
0.2279226783178033,0.973679235019644
0.22802268826879837,0.9736558188778365
0.22812269821979347,0.973632391900003
0.22822270817078855,0.9736089540853613
0.22832271812178362,0.9735855054331286
0.22842272807277872,0.973562045942522
0.22852273802377385,0.9735385756127579
0.22862274797476892,0.9735150944430524
0.228722757925764,0.9734916024326211
0.2288227678767591,0.973468099580679
0.22892277782775416,0.973444585886441
0.22902278777874926,0.9734210613491214
0.22912279772974434,0.9733975259679339
0.2292228076807394,0.9733739797420922
0.2293228176317345,0.9733504226708088
0.22942282758272958,0.9733268547532967
0.2295228375337247,0.9733032759887678
0.22962284748471978,0.9732796863764337
0.22972285743571488,0.9732560859155057
0.22982286738670996,0.9732324746051946
0.22992287733770503,0.9732088524447107
0.23002288728870013,0.9731852194332639
0.2301228972396952,0.9731615755700637
0.2302229071906903,0.9731379208543189
0.23032291714168537,0.9731142552852385
0.23042292709268045,0.9730905788620303
0.23052293704367557,0.9730668915839021
0.23062294699467067,0.9730431934500613
0.23072295694566575,0.9730194844597144
0.23082296689666082,0.972995764612068
0.23092297684765592,0.9729720339063281
0.231022986798651,0.9729482923417001
0.2311229967496461,0.972924539917389
0.23122300670064116,0.9729007766325994
0.23132301665163624,0.9728770024865357
0.23142302660263134,0.9728532174784015
0.23152303655362647,0.9728294216073999
0.23162304650462154,0.9728056148727339
0.2317230564556166,0.972781797273606
0.2318230664066117,0.972757968809218
0.23192307635760678,0.9727341294787717
0.23202308630860186,0.9727102792814678
0.23212309625959696,0.9726864182165071
0.23222310621059203,0.97266254628309
0.23232311616158713,0.9726386634804159
0.2324231261125822,0.9726147698076844
0.23252313606357727,0.9725908652640941
0.2326231460145724,0.9725669498488435
0.2327231559655675,0.9725430235611308
0.23282316591656257,0.9725190864001533
0.23292317586755765,0.9724951383651081
0.23302318581855275,0.972471179455192
0.23312319576954782,0.9724472096696011
0.2332232057205429,0.9724232290075311
0.233323215671538,0.9723992374681775
0.23342322562253306,0.972375235050735
0.23352323557352817,0.972351221754398
0.2336232455245233,0.9723271975783606
0.23372325547551837,0.9723031625218164
0.23382326542651344,0.9722791165839583
0.23392327537750854,0.972255059763979
0.2340232853285036,0.9722309920610707
0.23412329527949868,0.9722069134744252
0.23422330523049378,0.972182824003234
0.23432331518148886,0.9721587236466875
0.23442332513248393,0.9721346124039766
0.23452333508347903,0.9721104902742909
0.23462334503447416,0.9720863572568201
0.23472335498546923,0.9720622133507533
0.23482336493646433,0.972038058555279
0.2349233748874594,0.9720138928695856
0.23502338483845447,0.9719897162928607
0.23512339478944957,0.9719655288242915
0.23522340474044465,0.9719413304630651
0.23532341469143972,0.9719171212083676
0.23542342464243482,0.9718929010593852
0.2355234345934299,0.9718686700153032
0.23562344454442502,0.9718444280753068
0.2357234544954201,0.9718201752385807
0.2358234644464152,0.9717959115043088
0.23592347439741027,0.971771636871675
0.23602348434840537,0.9717473513398625
0.23612349429940044,0.9717230549080541
0.2362235042503955,0.9716987475754321
0.2363235142013906,0.9716744293411786
0.23642352415238568,0.971650100204475
0.23652353410338076,0.9716257601645023
0.23662354405437586,0.971601409220441
0.23672355400537098,0.9715770473714713
0.23682356395636606,0.9715526746167729
0.23692357390736113,0.971528290955525
0.23702358385835623,0.9715038963869063
0.2371235938093513,0.9714794909100952
0.2372236037603464,0.9714550745242696
0.23732361371134147,0.9714306472286068
0.23742362366233655,0.9714062090222839
0.23752363361333165,0.9713817599044774
0.23762364356432672,0.9713572998743634
0.23772365351532185,0.9713328289311173
0.23782366346631692,0.9713083470739146
0.23792367341731202,0.9712838543019298
0.2380236833683071,0.9712593506143371
0.23812369331930217,0.9712348360103106
0.23822370327029727,0.9712103104890234
0.23832371322129234,0.9711857740496487
0.23842372317228744,0.9711612266913586
0.2385237331232825,0.9711366684133254
0.23862374307427758,0.9711120992147205
0.2387237530252727,0.9710875190947151
0.2388237629762678,0.9710629280524797
0.23892377292726288,0.9710383260871848
0.23902378287825796,0.9710137131979998
0.23912379282925306,0.9709890893840942
0.23922380278024813,0.9709644546446368
0.2393238127312432,0.970939808978796
0.2394238226822383,0.9709151523857397
0.23952383263323337,0.9708904848646354
0.23962384258422847,0.9708658064146501
0.23972385253522355,0.9708411170349505
0.23982386248621868,0.9708164167247025
0.23992387243721375,0.970791705483072
0.24002388238820885,0.9707669833092241
0.24012389233920392,0.9707422502023235
0.240223902290199,0.9707175061615346
0.2403239122411941,0.9706927511860212
0.24042392219218917,0.9706679852749467
0.24052393214318424,0.9706432084274741
0.24062394209417934,0.9706184206427658
0.2407239520451744,0.9705936219199839
0.24082396199616954,0.9705688122582898
0.24092397194716464,0.9705439916568449
0.2410239818981597,0.9705191601148097
0.24112399184915478,0.9704943176313443
0.24122400180014988,0.9704694642056088
0.24132401175114496,0.9704445998367621
0.24142402170214003,0.9704197245239632
0.24152403165313513,0.9703948382663705
0.2416240416041302,0.970369941063142
0.24172405155512527,0.970345032913435
0.2418240615061204,0.9703201138164065
0.2419240714571155,0.9702951837712133
0.24202408140811058,0.9702702427770112
0.24212409135910568,0.9702452908329561
0.24222410131010075,0.9702203279382029
0.24232411126109582,0.9701953540919066
0.24242412121209092,0.9701703692932213
0.242524131163086,0.9701453735413009
0.24262414111408107,0.9701203668352987
0.24272415106507617,0.9700953491743676
0.2428241610160713,0.97007032055766
0.24292417096706637,0.9700452809843279
0.24302418091806144,0.9700202304535228
0.24312419086905654,0.9699951689643957
0.2432242008200516,0.9699700965160973
0.2433242107710467,0.9699450131077778
0.24342422072204178,0.9699199187385867
0.24352423067303686,0.9698948134076734
0.24362424062403196,0.9698696971141865
0.24372425057502703,0.9698445698572743
0.2438242605260221,0.9698194316360848
0.24392427047701723,0.9697942824497652
0.24402428042801233,0.9697691222974625
0.2441242903790074,0.9697439511783231
0.24422430033000248,0.9697187690914932
0.24432431028099758,0.969693576036118
0.24442432023199265,0.969668372011343
0.24452433018298775,0.9696431570163124
0.24462434013398282,0.9696179310501707
0.2447243500849779,0.9695926941120613
0.244824360035973,0.9695674462011274
0.24492436998696812,0.9695421873165121
0.2450243799379632,0.9695169174573576
0.24512438988895827,0.9694916366228056
0.24522439983995337,0.9694663448119974
0.24532440979094844,0.9694410420240742
0.2454244197419435,0.9694157282581763
0.2455244296929386,0.9693904035134437
0.24562443964393368,0.969365067789016
0.24572444959492878,0.9693397210840322
0.24582445954592386,0.9693143633976309
0.24592446949691898,0.9692889947289502
0.24602447944791406,0.969263615077128
0.24612448939890916,0.9692382244413013
0.24622449934990423,0.9692128228206068
0.2463245093008993,0.969187410214181
0.2464245192518944,0.9691619866211596
0.24652452920288948,0.969136552040678
0.24662453915388455,0.969111106471871
0.24672454910487965,0.9690856499138731
0.24682455905587472,0.9690601823658183
0.24692456900686985,0.96903470382684
0.24702457895786495,0.9690092142960713
0.24712458890886002,0.9689837137726449
0.2472245988598551,0.9689582022556926
0.2473246088108502,0.9689326797443463
0.24742461876184527,0.968907146237737
0.24752462871284034,0.9688816017349956
0.24762463866383544,0.9688560462352521
0.2477246486148305,0.9688304797376364
0.24782465856582558,0.9688049022412778
0.24792466851682068,0.9687793137453052
0.2480246784678158,0.9687537142488469
0.24812468841881088,0.9687281037510309
0.24822469836980599,0.9687024822509844
0.24832470832080106,0.9686768497478346
0.24842471827179613,0.9686512062407081
0.24852472822279123,0.9686255517287305
0.2486247381737863,0.9685998862110279
0.24872474812478138,0.968574209686725
0.24882475807577648,0.9685485221549467
0.24892476802677155,0.968522823614817
0.24902477797776668,0.9684971140654597
0.24912478792876175,0.9684713935059979
0.24922479787975685,0.9684456619355545
0.24932480783075192,0.9684199193532518
0.24942481778174702,0.9683941657582115
0.2495248277327421,0.9683684011495549
0.24962483768373717,0.9683426255264032
0.24972484763473227,0.9683168388878765
0.24982485758572734,0.9682910412330948
0.2499248675367224,0.9682652325611778
0.25002487748771757,0.9682394128712443
0.25012488743871264,0.9682135821624128
0.2502248973897077,0.9681877404338015
0.2503249073407028,0.9681618876845279
0.25042491729169786,0.9681360239137093
0.250524927242693,0.9681101491204621
0.25062493719368806,0.9680842633039026
0.25072494714468313,0.9680583664631466
0.2508249570956782,0.9680324585973092
0.2509249670466733,0.9680065397055053
0.2510249769976684,0.967980609786849
0.25112498694866353,0.9679546688404543
0.2512249968996586,0.9679287168654346
0.2513250068506537,0.9679027538609025
0.25142501680164875,0.9678767798259708
0.2515250267526438,0.967850794759751
0.2516250367036389,0.9678247986613551
0.251725046654634,0.9677987915298936
0.2518250566056291,0.9677727733644772
0.25192506655662417,0.967746744164216
0.25202507650761924,0.9677207039282195
0.25212508645861437,0.9676946526555968
0.25222509640960944,0.9676685903454567
0.25232510636060457,0.9676425169969071
0.25242511631159964,0.9676164326090558
0.2525251262625947,0.9675903371810101
0.2526251362135898,0.9675642307118764
0.25272514616458486,0.9675381132007613
0.25282515611557993,0.9675119846467705
0.25292516606657506,0.9674858450490091
0.25302517601757013,0.9674596944065823
0.25312518596856526,0.9674335327185942
0.25322519591956033,0.9674073599841487
0.2533252058705554,0.9673811762023492
0.2534252158215505,0.9673549813722988
0.2535252257725456,0.9673287754930997
0.2536252357235407,0.9673025585638542
0.25372524567453575,0.9672763305836634
0.2538252556255308,0.9672500915516286
0.2539252655765259,0.9672238414668503
0.25402527552752097,0.9671975803284286
0.2541252854785161,0.967171308135463
0.2542252954295112,0.9671450248870527
0.2543253053805063,0.9671187305822962
0.25442531533150137,0.967092425220292
0.25452532528249644,0.9670661088001375
0.2546253352334915,0.9670397813209299
0.25472534518448664,0.9670134427817662
0.2548253551354817,0.9669870931817424
0.2549253650864768,0.9669607325199543
0.25502537503747186,0.9669343607954972
0.25512538498846693,0.9669079780074661
0.25522539493946206,0.9668815841549552
0.25532540489045713,0.9668551792370583
0.25542541484145226,0.9668287632528689
0.25552542479244733,0.9668023362014799
0.2556254347434424,0.9667758980819837
0.2557254446944375,0.9667494488934723
0.25582545464543255,0.9667229886350369
0.2559254645964277,0.9666965173057689
0.25602547454742275,0.9666700349047584
0.2561254844984178,0.9666435414310959
0.25622549444941295,0.9666170368838705
0.256325504400408,0.9665905212621715
0.2564255143514031,0.9665639945650875
0.25652552430239817,0.9665374567917064
0.2566255342533933,0.966510907941116
0.25672554420438837,0.9664843480124035
0.25682555415538344,0.9664577770046554
0.2569255641063785,0.966431194916958
0.2570255740573736,0.9664046017483969
0.2571255840083687,0.9663779974980574
0.25722559395936384,0.9663513821650241
0.2573256039103589,0.9663247557483814
0.257425613861354,0.9662981182472131
0.25752562381234906,0.9662714696606024
0.25762563376334413,0.9662448099876321
0.2577256437143392,0.9662181392273845
0.25782565366533433,0.9661914573789415
0.2579256636163294,0.9661647644413845
0.2580256735673245,0.9661380604137944
0.25812568351831955,0.9661113452952513
0.2582256934693147,0.9660846190848354
0.25832570342030975,0.9660578817816261
0.2584257133713049,0.9660311333847021
0.25852572332229995,0.9660043738931422
0.258625733273295,0.9659776033060241
0.2587257432242901,0.9659508216224254
0.25882575317528517,0.9659240288414231
0.25892576312628024,0.9658972249620937
0.25902577307727537,0.9658704099835133
0.25912578302827044,0.9658435839047571
0.2592257929792655,0.9658167467249007
0.25932580293026064,0.9657898984430183
0.2594258128812557,0.9657630390581842
0.2595258228322508,0.9657361685694718
0.2596258327832459,0.9657092869759543
0.259725842734241,0.9656823942767044
0.25982585268523606,0.9656554904707941
0.25992586263623113,0.9656285755572952
0.2600258725872262,0.9656016495352789
0.2601258825382213,0.9655747124038158
0.2602258924892164,0.965547764161976
0.26032590244021153,0.9655208048088293
0.2604259123912066,0.965493834343445
0.2605259223422017,0.9654668527648917
0.26062593229319675,0.9654398600722378
0.2607259422441918,0.9654128562645509
0.26082595219518695,0.9653858413408983
0.260925962146182,0.9653588153003468
0.2610259720971771,0.9653317781419628
0.26112598204817217,0.965304729864812
0.26122599199916724,0.9652776704679598
0.26132600195016237,0.9652505999504708
0.26142601190115744,0.9652235183114095
0.26152602185215257,0.9651964255498398
0.26162603180314764,0.9651693216648249
0.2617260417541427,0.9651422066554279
0.2618260517051378,0.965115080520711
0.26192606165613286,0.9650879432597361
0.262026071607128,0.9650607948715647
0.26212608155812306,0.9650336353552575
0.26222609150911813,0.9650064647098753
0.26232610146011326,0.9649792829344774
0.26242611141110833,0.9649520900281239
0.2625261213621034,0.9649248859898734
0.2626261313130985,0.9648976708187844
0.2627261412640936,0.9648704445139148
0.2628261512150887,0.9648432070743221
0.26292616116608375,0.9648159584990634
0.2630261711170788,0.9647886987871951
0.2631261810680739,0.9647614279377732
0.263226191019069,0.9647341459498532
0.2633262009700641,0.96470685282249
0.2634262109210592,0.9646795485547383
0.2635262208720543,0.964652233145652
0.26362623082304937,0.9646249065942846
0.26372624077404444,0.9645975688996893
0.2638262507250395,0.9645702200609184
0.26392626067603464,0.9645428600770242
0.2640262706270297,0.9645154889470581
0.2641262805780248,0.9644881066700711
0.26422629052901986,0.964460713245114
0.26432630048001493,0.9644333086712367
0.26442631043101006,0.9644058929474887
0.2645263203820052,0.9643784660729193
0.26462633033300026,0.9643510280465769
0.26472634028399533,0.9643235788675097
0.2648263502349904,0.9642961185347653
0.2649263601859855,0.9642686470473908
0.26502637013698055,0.9642411644044326
0.2651263800879757,0.9642136706049371
0.26522639003897075,0.9641861656479499
0.2653263999899658,0.9641586495325158
0.26542640994096095,0.9641311222576797
0.265526419891956,0.9641035838224857
0.2656264298429511,0.9640760342259773
0.2657264397939462,0.9640484734671978
0.2658264497449413,0.9640209015451896
0.26592645969593637,0.963993318458995
0.26602646964693144,0.9639657242076558
0.2661264795979265,0.9639381187902127
0.2662264895489216,0.9639105022057068
0.2663264994999167,0.963882874453178
0.26642650945091184,0.963855235531666
0.2665265194019069,0.9638275854402097
0.266626529352902,0.9637999241778482
0.26672653930389706,0.9637722517436195
0.26682654925489213,0.9637445681365611
0.26692655920588726,0.9637168733557102
0.26702656915688233,0.9636891674001035
0.2671265791078774,0.9636614502687771
0.2672265890588725,0.9636337219607668
0.26732659900986755,0.9636059824751076
0.2674266089608626,0.9635782318108342
0.26752661891185775,0.9635504699669808
0.2676266288628529,0.963522696942581
0.26772663881384795,0.963494912736668
0.267826648764843,0.9634671173482743
0.2679266587158381,0.9634393107764323
0.26802666866683317,0.9634114930201734
0.2681266786178283,0.9633836640785288
0.26822668856882337,0.9633558239505294
0.26832669851981844,0.9633279726352051
0.2684267084708135,0.9633001101315856
0.26852671842180864,0.9632722364387
0.2686267283728037,0.963244351555577
0.2687267383237988,0.9632164554812447
0.2688267482747939,0.9631885482147307
0.268926758225789,0.9631606297550622
0.26902676817678406,0.9631327001012658
0.26912677812777913,0.9631047592523677
0.2692267880787742,0.9630768072073934
0.26932679802976933,0.963048843965368
0.2694268079807644,0.9630208695253163
0.26952681793175953,0.9629928838862623
0.2696268278827546,0.9629648870472295
0.2697268378337497,0.9629368790072411
0.26982684778474475,0.9629088597653197
0.2699268577357398,0.9628808293204875
0.27002686768673495,0.9628527876717659
0.27012687763773,0.962824734818176
0.2702268875887251,0.9627966707587384
0.27032689753972017,0.9627685954924733
0.27042690749071524,0.9627405090184001
0.27052691744171037,0.962712411335538
0.2706269273927055,0.9626843024429054
0.27072693734370057,0.9626561823395204
0.27082694729469564,0.9626280510244006
0.2709269572456907,0.9625999084965631
0.2710269671966858,0.9625717547550242
0.27112697714768086,0.9625435897988002
0.271226987098676,0.9625154136269064
0.27132699704967106,0.9624872262383578
0.27142700700066613,0.9624590276321691
0.2715270169516612,0.9624308178073541
0.27162702690265633,0.9624025967629263
0.2717270368536514,0.9623743644978987
0.27182704680464653,0.9623461210112838
0.2719270567556416,0.9623178663020936
0.2720270667066367,0.9622896003693394
0.27212707665763175,0.9622613232120324
0.2722270866086268,0.9622330348291828
0.2723270965596219,0.9622047352198005
0.272427106510617,0.9621764243828951
0.2725271164616121,0.9621481023174753
0.2726271264126072,0.9621197690225496
0.2727271363636023,0.962091424497126
0.27282714631459737,0.9620630687402117
0.27292715626559244,0.9620347017508136
0.27302716621658757,0.9620063235279381
0.27312717616758264,0.961977934070591
0.2732271861185777,0.9619495333777777
0.2733271960695728,0.9619211214485028
0.27342720602056786,0.9618926982817709
0.27352721597156293,0.9618642638765856
0.27362722592255806,0.9618358182319503
0.2737272358735532,0.9618073613468677
0.27382724582454826,0.9617788932203402
0.27392725577554333,0.9617504138513693
0.2740272657265384,0.9617219232389563
0.2741272756775335,0.9616934213821021
0.2742272856285286,0.9616649082798069
0.2743272955795237,0.9616363839310702
0.27442730553051875,0.9616078483348913
0.2745273154815138,0.9615793014902688
0.2746273254325089,0.9615507433962011
0.274727335383504,0.9615221740516855
0.2748273453344991,0.9614935934557193
0.2749273552854942,0.9614650016072991
0.2750273652364893,0.9614363985054211
0.27512737518748437,0.9614077841490806
0.27522738513847944,0.961379158537273
0.2753273950894745,0.9613505216689927
0.27542740504046964,0.9613218735432337
0.2755274149914647,0.9612932141589896
0.2756274249424598,0.9612645435152535
0.2757274348934549,0.9612358616110177
0.27582744484445,0.9612071684452743
0.27592745479544506,0.9611784640170147
0.27602746474644013,0.9611497483252299
0.27612747469743526,0.9611210213689102
0.27622748464843033,0.9610922831470458
0.2763274945994254,0.9610635336586257
0.2764275045504205,0.9610347729026392
0.27652751450141555,0.9610060008780743
0.2766275244524107,0.9609772175839191
0.2767275344034058,0.9609484230191607
0.2768275443544009,0.9609196171827861
0.27692755430539595,0.9608908000737816
0.277027564256391,0.9608619716911327
0.2771275742073861,0.9608331320338249
0.27722758415838117,0.9608042811008429
0.2773275941093763,0.9607754188911709
0.27742760406037137,0.9607465454037927
0.27752761401136644,0.9607176606376912
0.2776276239623615,0.9606887645918493
0.27772763391335664,0.9606598572652489
0.2778276438643517,0.960630938656872
0.27792765381534684,0.9606020087656993
0.2780276637663419,0.9605730675907116
0.278127673717337,0.960544115130889
0.27822768366833206,0.9605151513852109
0.27832769361932713,0.9604861763526563
0.2784277035703222,0.9604571900322038
0.27852771352131733,0.9604281924228313
0.2786277234723124,0.9603991835235162
0.2787277334233075,0.9603701633332355
0.2788277433743026,0.9603411318509658
0.2789277533252977,0.9603120890756827
0.27902776327629275,0.9602830350063616
0.2791277732272879,0.9602539696419774
0.27922778317828295,0.9602248929815045
0.279327793129278,0.9601958050239165
0.2794278030802731,0.960166705768187
0.27952781303126817,0.9601375952132883
0.27962782298226324,0.960108473358193
0.27972783293325837,0.9600793402018727
0.2798278428842535,0.9600501957432984
0.27992785283524857,0.960021039981441
0.28002786278624364,0.9599918729152704
0.2801278727372387,0.9599626945437564
0.2802278826882338,0.959933504865868
0.2803278926392289,0.9599043038805738
0.280427902590224,0.9598750915868417
0.28052791254121906,0.9598458679836395
0.28062792249221413,0.9598166330699338
0.2807279324432092,0.9597873868446912
0.28082794239420433,0.9597581293068778
0.2809279523451994,0.9597288604554587
0.28102796229619453,0.9596995802893991
0.2811279722471896,0.959670288807663
0.2812279821981847,0.9596409860092145
0.28132799214917975,0.9596116718930169
0.2814280021001748,0.9595823464580328
0.28152801205116995,0.9595530097032244
0.281628022002165,0.9595236616275536
0.2817280319531601,0.9594943022299816
0.2818280419041552,0.9594649315094689
0.2819280518551503,0.9594355494649756
0.28202806180614537,0.9594061560954615
0.28212807175714044,0.9593767513998855
0.28222808170813557,0.9593473353772063
0.28232809165913064,0.9593179080263818
0.2824281016101257,0.9592884693463695
0.2825281115611208,0.9592590193361265
0.28262812151211586,0.9592295579946089
0.282728131463111,0.9592000853207728
0.28282814141410606,0.9591706013135736
0.2829281513651012,0.9591411059719661
0.28302816131609626,0.9591115992949046
0.28312817126709133,0.959082081281343
0.2832281812180864,0.9590525519302343
0.2833281911690815,0.9590230112405314
0.2834282011200766,0.9589934592111864
0.2835282110710717,0.9589638958411509
0.28362822102206675,0.9589343211293763
0.2837282309730618,0.9589047350748128
0.2838282409240569,0.9588751376764106
0.283928250875052,0.9588455289331194
0.28402826082604715,0.958815908843888
0.2841282707770422,0.9587862774076649
0.2842282807280373,0.9587566346233981
0.28432829067903237,0.9587269804900348
0.28442830063002744,0.9586973150065221
0.2845283105810225,0.9586676381718062
0.28462832053201764,0.958637949984833
0.2847283304830127,0.9586082504445474
0.2848283404340078,0.9585785395498947
0.2849283503850029,0.9585488172998186
0.285028360335998,0.958519083693263
0.28512837028699306,0.958489338729171
0.2852283802379882,0.958459582406485
0.28532839018898326,0.9584298147241473
0.28542840013997833,0.9584000356810993
0.2855284100909734,0.958370245276282
0.2856284200419685,0.9583404435086358
0.2857284299929636,0.9583106303771007
0.2858284399439587,0.9582808058806159
0.2859284498949538,0.9582509700181205
0.2860284598459489,0.9582211227885526
0.28612846979694395,0.95819126419085
0.286228479747939,0.95816139422395
0.2863284896989341,0.9581315128867891
0.2864284996499292,0.9581016201783037
0.2865285096009243,0.9580717160974292
0.28662851955191937,0.9580418006431008
0.28672852950291444,0.958011873814253
0.2868285394539095,0.9579819356098199
0.28692854940490464,0.9579519860287348
0.28702855935589977,0.9579220250699306
0.28712856930689484,0.9578920527323398
0.2872285792578899,0.9578620690148942
0.287328589208885,0.9578320739165253
0.28742859915988006,0.9578020674361635
0.28752860911087513,0.9577720495727392
0.28762861906187026,0.9577420203251821
0.28772862901286533,0.9577119796924214
0.2878286389638604,0.9576819276733856
0.2879286489148555,0.9576518642670028
0.2880286588658506,0.9576217894722004
0.2881286688168457,0.9575917032879057
0.2882286787678408,0.9575616057130449
0.2883286887188359,0.9575314967465439
0.28842869866983095,0.9575013763873281
0.288528708620826,0.9574712446343224
0.2886287185718211,0.957441101486451
0.28872872852281617,0.9574109469426375
0.2888287384738113,0.9573807810018053
0.28892874842480637,0.9573506036628769
0.2890287583758015,0.9573204149247746
0.28912876832679657,0.9572902147864197
0.28922877827779164,0.9572600032467334
0.2893287882287867,0.9572297803046361
0.28942879817978184,0.9571995459590478
0.2895288081307769,0.9571693002088877
0.289628818081772,0.9571390430530748
0.28972882803276706,0.9571087744905274
0.28982883798376213,0.9570784945201632
0.2899288479347572,0.9570482031408994
0.29002885788575233,0.9570179003516528
0.29012886783674746,0.9569875861513393
0.29022887778774253,0.9569572605388746
0.2903288877387376,0.9569269235131738
0.2904288976897327,0.9568965750731512
0.29052890764072775,0.9568662152177208
0.2906289175917229,0.9568358439457959
0.29072892754271795,0.9568054612562895
0.290828937493713,0.956775067148114
0.2909289474447081,0.9567446616201808
0.29102895739570317,0.9567142446714013
0.2911289673466983,0.9566838163006862
0.29122897729769337,0.9566533765069455
0.2913289872486885,0.9566229252890888
0.29142899719968357,0.956592462646025
0.29152900715067864,0.9565619885766629
0.2916290171016737,0.95653150307991
0.2917290270526688,0.9565010061546737
0.2918290370036639,0.9564704977998612
0.291929046954659,0.9564399780143783
0.29202905690565406,0.956409446797131
0.2921290668566492,0.9563789041470244
0.29222907680764426,0.9563483500629631
0.29232908675863933,0.9563177845438513
0.2924290967096344,0.9562872075885922
0.29252910666062953,0.9562566191960891
0.2926291166116246,0.9562260193652441
0.2927291265626197,0.9561954080949593
0.29282913651361475,0.956164785384136
0.2929291464646098,0.9561341512316748
0.29302915641560495,0.956103505636476
0.2931291663666001,0.9560728485974392
0.29322917631759515,0.9560421801134638
0.2933291862685902,0.9560115001834479
0.2934291962195853,0.9559808088062899
0.29352920617058037,0.9559501059808869
0.29362921612157544,0.955919391706136
0.29372922607257057,0.9558886659809336
0.29382923602356564,0.9558579288041752
0.2939292459745607,0.9558271801747564
0.2940292559255558,0.9557964200915716
0.29412926587655086,0.9557656485535151
0.294229275827546,0.9557348655594803
0.2943292857785411,0.9557040711083603
0.2944292957295362,0.9556732651990477
0.29452930568053126,0.9556424478304343
0.29462931563152633,0.9556116190014112
0.2947293255825214,0.9555807787108697
0.2948293355335165,0.9555499269576997
0.2949293454845116,0.9555190637407909
0.2950293554355067,0.9554881890590325
0.29512936538650175,0.9554573029113131
0.2952293753374969,0.9554264052965207
0.29532938528849195,0.9553954962135427
0.295429395239487,0.9553645756612661
0.29552940519048215,0.9553336436385771
0.2956294151414772,0.9553027001443617
0.2957294250924723,0.9552717451775048
0.29582943504346737,0.9552407787368915
0.29592944499446244,0.9552098008214056
0.2960294549454575,0.9551788114299308
0.29612946489645264,0.95514781056135
0.29622947484744777,0.9551167982145458
0.29632948479844284,0.9550857743883998
0.2964294947494379,0.9550547390817936
0.296529504700433,0.9550236922936078
0.29662951465142806,0.9549926340227228
0.2967295246024232,0.954961564268018
0.29682953455341826,0.9549304830283727
0.29692954450441333,0.9548993903026651
0.2970295544554084,0.9548682860897735
0.2971295644064035,0.9548371703885752
0.2972295743573986,0.9548060431979469
0.2973295843083937,0.954774904516765
0.2974295942593888,0.9547437543439052
0.2975296042103839,0.9547125926782428
0.29762961416137895,0.9546814195186522
0.297729624112374,0.9546502348640074
0.2978296340633691,0.954619038713182
0.2979296440143642,0.9545878310650489
0.2980296539653593,0.9545566119184803
0.29812966391635437,0.9545253812723482
0.29822967386734944,0.9544941391255236
0.29832968381834457,0.9544628854768773
0.29842969376933964,0.9544316203252794
0.2985297037203347,0.9544003436695992
0.29862971367132984,0.954369055508706
0.2987297236223249,0.954337755841468
0.29882973357332,0.9543064446667531
0.29892974352431506,0.9542751219834285
0.29902975347531013,0.9542437877903608
0.29912976342630526,0.9542124420864164
0.29922977337730033,0.9541810848704608
0.29932978332829546,0.9541497161413589
0.29942979327929053,0.9541183358979751
0.2995298032302856,0.9540869441391735
0.2996298131812807,0.9540555408638173
0.29972982313227575,0.954024126070769
0.2998298330832709,0.9539926997588912
0.29992984303426595,0.9539612619270452
0.300029852985261,0.9539298125740922
0.3001298629362561,0.9538983516988926
0.30022987288725117,0.9538668793003062
0.3003298828382463,0.9538353953771925
0.3004298927892414,0.9538038999284103
0.3005299027402365,0.9537723929528177
0.30062991269123157,0.9537408744492722
0.30072992264222664,0.9537093444166311
0.3008299325932217,0.9536778028537508
0.3009299425442168,0.9536462497594873
0.3010299524952119,0.9536146851326958
0.301129962446207,0.9535831089722311
0.30122997239720206,0.9535515212769475
0.3013299823481972,0.9535199220456986
0.30142999229919226,0.9534883112773376
0.30153000225018733,0.9534566889707167
0.30163001220118246,0.9534250551246881
0.30173002215217753,0.953393409738103
0.3018300321031726,0.9533617528098124
0.3019300420541677,0.9533300843386663
0.30203005200516275,0.9532984043235143
0.3021300619561578,0.9532667127632057
0.30223007190715295,0.9532350096565889
0.302330081858148,0.9532032950025118
0.30243009180914315,0.9531715687998218
0.3025301017601382,0.9531398310473655
0.3026301117111333,0.9531080817439893
0.30273012166212837,0.9530763208885388
0.3028301316131235,0.953044548479859
0.30293014156411857,0.9530127645167945
0.30303015151511364,0.952980968998189
0.3031301614661087,0.952949161922886
0.3032301714171038,0.9529173432897283
0.30333018136809886,0.9528855130975579
0.303430191319094,0.9528536713452166
0.3035302012700891,0.9528218180315453
0.3036302112210842,0.9527899531553845
0.30373022117207926,0.9527580767155741
0.30383023112307433,0.9527261887109534
0.3039302410740694,0.9526942891403611
0.30403025102506454,0.9526623780026354
0.3041302609760596,0.9526304552966139
0.3042302709270547,0.9525985210211335
0.30433028087804975,0.9525665751750306
0.3044302908290449,0.9525346177571412
0.30453030078003995,0.9525026487663004
0.304630310731035,0.9524706682013431
0.30473032068203015,0.9524386760611032
0.3048303306330252,0.9524066723444143
0.3049303405840203,0.9523746570501094
0.30503035053501537,0.9523426301770207
0.30513036048601044,0.9523105917239801
0.30523037043700557,0.952278541689819
0.30533038038800064,0.9522464800733678
0.3054303903389957,0.9522144068734566
0.30553040028999084,0.9521823220889148
0.3056304102409859,0.9521502257185716
0.305730420191981,0.9521181177612549
0.30583043014297606,0.9520859982157927
0.3059304400939712,0.9520538670810119
0.30603045004496626,0.9520217243557394
0.30613045999596133,0.9519895700388009
0.3062304699469564,0.9519574041290221
0.3063304798979515,0.9519252266252275
0.3064304898489466,0.9518930375262415
0.30653049979994174,0.9518608368308877
0.3066305097509368,0.9518286245379893
0.3067305197019319,0.9517964006463686
0.30683052965292695,0.9517641651548477
0.306930539603922,0.9517319180622479
0.3070305495549171,0.9516996593673896
0.3071305595059122,0.9516673890690934
0.3072305694569073,0.9516351071661787
0.30733057940790237,0.9516028136574645
0.30743058935889744,0.9515705085417691
0.30753059930989257,0.9515381918179103
0.30763060926088764,0.9515058634847056
0.30773061921188277,0.9514735235409713
0.30783062916287784,0.9514411719855236
0.3079306391138729,0.951408808817178
0.308030649064868,0.9513764340347496
0.30813065901586306,0.9513440476370523
0.30823066896685813,0.9513116496228999
0.30833067891785326,0.9512792399911058
0.30843068886884834,0.9512468187404821
0.30853069881984346,0.9512143858698411
0.30863070877083854,0.9511819413779942
0.3087307187218336,0.9511494852637519
0.3088307286728287,0.9511170175259245
0.3089307386238238,0.9510845381633215
0.3090307485748189,0.9510520471747522
0.30913075852581395,0.9510195445590247
0.309230768476809,0.9509870303149471
0.3093307784278041,0.9509545044413265
0.30943078837879917,0.9509219669369695
0.3095307983297943,0.9508894178006821
0.3096308082807894,0.95085685703127
0.3097308182317845,0.950824284627538
0.30983082818277957,0.9507917005882902
0.30993083813377464,0.9507591049123306
0.3100308480847697,0.9507264975984621
0.31013085803576484,0.9506938786454872
0.3102308679867599,0.9506612480522079
0.310330877937755,0.9506286058174255
0.31043088788875006,0.9505959519399408
0.31053089783974513,0.9505632864185539
0.31063090779074026,0.9505306092520643
0.31073091774173534,0.9504979204392711
0.31083092769273046,0.9504652199789725
0.31093093764372554,0.9504325078699664
0.3110309475947206,0.9503997841110499
0.3111309575457157,0.9503670487010196
0.31123096749671075,0.9503343016386715
0.3113309774477059,0.9503015429228009
0.31143098739870095,0.9502687725522029
0.311530997349696,0.9502359905256713
0.31163100730069115,0.950203196842
0.3117310172516862,0.950170391499982
0.3118310272026813,0.9501375744984095
0.31193103715367637,0.9501047458360745
0.3120310471046715,0.9500719055117682
0.31213105705566657,0.9500390535242813
0.31223106700666164,0.9500061898724037
0.3123310769576567,0.949973314554925
0.3124310869086518,0.9499404275706338
0.3125310968596469,0.9499075289183184
0.31263110681064205,0.9498746185967666
0.3127311167616371,0.9498416966047655
0.3128311267126322,0.9498087629411013
0.31293113666362726,0.9497758176045599
0.31303114661462234,0.9497428605939267
0.3131311565656174,0.9497098919079862
0.31323116651661254,0.9496769115455225
0.3133311764676076,0.9496439195053191
0.3134311864186027,0.9496109157861587
0.31353119636959775,0.9495779003868239
0.3136312063205928,0.9495448733060959
0.31373121627158795,0.949511834542756
0.3138312262225831,0.9494787840955846
0.31393123617357815,0.9494457219633616
0.3140312461245732,0.9494126481448664
0.3141312560755683,0.9493795626388771
0.31423126602656337,0.9493464654441723
0.31433127597755844,0.9493133565595293
0.31443128592855357,0.9492802359837248
0.31453129587954864,0.9492471037155351
0.3146313058305437,0.9492139597537358
0.31473131578153885,0.949180804097102
0.3148313257325339,0.9491476367444083
0.314931335683529,0.9491144576944281
0.3150313456345241,0.949081266945935
0.3151313555855192,0.9490480644977013
0.31523136553651426,0.9490148503484993
0.31533137548750934,0.9489816244971002
0.3154313854385044,0.948948386942275
0.3155313953894995,0.9489151376827937
0.3156314053404946,0.948881876717426
0.31573141529148974,0.9488486040449408
0.3158314252424848,0.9488153196641066
0.3159314351934799,0.948782023573691
0.31603144514447495,0.9487487157724614
0.31613145509547,0.9487153962591841
0.31623146504646515,0.9486820650326253
0.3163314749974602,0.9486487220915502
0.3164314849484553,0.9486153674347235
0.31653149489945037,0.9485820010609095
0.31663150485044544,0.9485486229688715
0.3167315148014406,0.9485152331573725
0.31683152475243564,0.948481831625175
0.3169315347034308,0.9484484183710404
0.31703154465442585,0.9484149933937299
0.3171315546054209,0.9483815566920041
0.317231564556416,0.9483481082646227
0.31733157450741106,0.9483146481103449
0.3174315844584062,0.9482811762279296
0.31753159440940126,0.9482476926161347
0.31763160436039634,0.9482141972737176
0.3177316143113914,0.9481806901994352
0.31783162426238654,0.9481471713920435
0.3179316342133816,0.9481136408502984
0.3180316441643767,0.9480800985729546
0.3181316541153718,0.9480465445587666
0.3182316640663669,0.9480129788064882
0.31833167401736195,0.9479794013148725
0.318431683968357,0.9479458120826719
0.3185316939193521,0.9479122111086385
0.3186317038703472,0.9478785983915237
0.3187317138213423,0.9478449739300778
0.3188317237723374,0.9478113377230513
0.3189317337233325,0.9477776897691934
0.3190317436743276,0.947744030067253
0.31913175362532265,0.9477103586159784
0.3192317635763177,0.9476766754141172
0.31933177352731285,0.9476429804604163
0.3194317834783079,0.9476092737536222
0.319531793429303,0.9475755552924807
0.31963180338029806,0.9475418250757369
0.31973181333129314,0.9475080831021354
0.31983182328228826,0.94747432937042
0.3199318332332834,0.9474405638793341
0.32003184318427846,0.9474067866276203
0.32013185313527354,0.9473729976140209
0.3202318630862686,0.9473391968372772
0.3203318730372637,0.9473053842961299
0.32043188298825875,0.9472715599893194
0.3205318929392539,0.9472377239155854
0.32063190289024895,0.9472038760736666
0.320731912841244,0.9471700164623016
0.3208319227922391,0.947136145080228
0.3209319327432342,0.947102261926183
0.3210319426942293,0.9470683669989032
0.3211319526452244,0.9470344602971242
0.3212319625962195,0.9470005418195816
0.3213319725472146,0.9469666115650097
0.32143198249820965,0.946932669532143
0.3215319924492047,0.9468987157197144
0.3216320024001998,0.946864750126457
0.3217320123511949,0.9468307727511028
0.32183202230219,0.9467967835923835
0.3219320322531851,0.9467627826490298
0.3220320422041802,0.9467287699197723
0.32213205215517526,0.9466947454033404
0.32223206210617034,0.9466607090984632
0.32233207205716546,0.9466266610038692
0.32243208200816054,0.9465926011182862
0.3225320919591556,0.9465585294404413
0.3226321019101507,0.9465244459690612
0.32273211186114575,0.9464903507028717
0.3228321218121408,0.946456243640598
0.32293213176313595,0.9464221247809651
0.3230321417141311,0.9463879941226968
0.32313215166512615,0.9463538516645166
0.3232321616161212,0.9463196974051474
0.3233321715671163,0.9462855313433113
0.3234321815181114,0.9462513534777297
0.3235321914691065,0.9462171638071238
0.3236322014201016,0.9461829623302138
0.32373221137109665,0.9461487490457193
0.3238322213220917,0.9461145239523595
0.32393223127308685,0.9460802870488526
0.3240322412240819,0.9460460383339167
0.324132251175077,0.9460117778062686
0.3242322611260721,0.945977505464625
0.3243322710770672,0.9459432213077019
0.32443228102806226,0.9459089253342144
0.32453229097905734,0.9458746175428774
0.3246323009300524,0.9458402979324047
0.32473231088104754,0.9458059665015096
0.3248323208320426,0.9457716232489052
0.3249323307830377,0.9457372681733033
0.3250323407340328,0.9457029012734155
0.3251323506850279,0.9456685225479529
0.32523236063602295,0.9456341319956254
0.325332370587018,0.9455997296151428
0.32543238053801316,0.9455653154052139
0.3255323904890082,0.9455308893645473
0.3256324004400033,0.9454964514918506
0.3257324103909984,0.9454620017858307
0.32583242034199345,0.9454275402451944
0.3259324302929886,0.945393066868647
0.3260324402439837,0.9453585816548942
0.3261324501949788,0.9453240846026402
0.32623246014597385,0.9452895757105891
0.3263324700969689,0.9452550549774441
0.326432480047964,0.9452205224019079
0.32653248999895906,0.9451859779826823
0.3266324999499542,0.945151421718469
0.32673250990094926,0.9451168536079685
0.32683251985194434,0.945082273649881
0.3269325298029394,0.9450476818429058
0.32703253975393454,0.945013078185742
0.3271325497049296,0.9449784626770876
0.32723255965592474,0.9449438353156401
0.3273325696069198,0.9449091961000967
0.3274325795579149,0.9448745450291535
0.32753258950890995,0.944839882101506
0.327632599459905,0.9448052073158495
0.3277326094109001,0.9447705206708782
0.32783261936189523,0.9447358221652858
0.3279326293128903,0.9447011117977656
0.32803263926388543,0.9446663895670099
0.3281326492148805,0.9446316554717104
0.3282326591658756,0.9445969095105584
0.32833266911687065,0.9445621516822446
0.3284326790678658,0.9445273819854585
0.32853268901886085,0.9444926004188897
0.3286326989698559,0.9444578069812267
0.328732708920851,0.9444230016711574
0.32883271887184606,0.9443881844873693
0.32893272882284114,0.9443533554285489
0.32903273877383626,0.9443185144933823
0.3291327487248314,0.9442836616805551
0.32923275867582646,0.9442487969887519
0.32933276862682154,0.9442139204166566
0.3294327785778166,0.944179031962953
0.3295327885288117,0.944144131626324
0.3296327984798068,0.9441092194054516
0.3297328084308019,0.9440742952990173
0.32983281838179695,0.9440393593057022
0.329932828332792,0.9440044114241863
0.3300328382837871,0.9439694516531495
0.33013284823478223,0.9439344799912706
0.33023285818577736,0.9438994964372278
0.33033286813677243,0.9438645009896991
0.3304328780877675,0.9438294936473614
0.3305328880387626,0.9437944744088911
0.33063289798975765,0.9437594432729638
0.3307329079407527,0.9437244002382548
0.33083291789174785,0.9436893453034383
0.3309329278427429,0.9436542784671884
0.331032937793738,0.9436191997281781
0.3311329477447331,0.9435841090850798
0.3312329576957282,0.9435490065365656
0.33133296764672326,0.9435138920813065
0.3314329775977184,0.9434787657179733
0.33153298754871346,0.9434436274452356
0.33163299749970854,0.943408477261763
0.3317330074507036,0.9433733151662238
0.3318330174016987,0.9433381411572861
0.33193302735269375,0.9433029552336173
0.3320330373036889,0.943267757393884
0.332133047254684,0.9432325476367521
0.3322330572056791,0.9431973259608871
0.33233306715667416,0.9431620923649537
0.33243307710766923,0.9431268468476159
0.3325330870586643,0.9430915894075372
0.33263309700965943,0.9430563200433802
0.3327331069606545,0.9430210387538073
0.3328331169116496,0.9429857455374796
0.33293312686264465,0.9429504403930581
0.3330331368136397,0.9429151233192028
0.3331331467646348,0.9428797943145735
0.3332331567156299,0.9428444533778286
0.33333316666662505,0.9428091005076266
0.3334331766176201,0.9427737357026249
0.3335331865686152,0.9427383589614805
0.33363319651961026,0.9427029702828496
0.33373320647060534,0.9426675696653876
0.33383321642160046,0.9426321571077495
0.33393322637259554,0.9425967326085896
0.3340332363235906,0.9425612961665614
0.3341332462745857,0.9425258477803179
0.3342332562255808,0.9424903874485114
0.3343332661765759,0.9424549151697936
0.33443327612757096,0.9424194309428153
0.3345332860785661,0.942383934766227
0.33463329602956116,0.9423484266386781
0.33473330598055623,0.9423129065588178
0.3348333159315513,0.9422773745252945
0.3349333258825464,0.9422418305367556
0.3350333358335415,0.9422062745918482
0.3351333457845366,0.942170706689219
0.3352333557355317,0.9421351268275132
0.3353333656865268,0.9420995350053762
0.33543337563752185,0.9420639312214523
0.3355333855885169,0.942028315474385
0.335633395539512,0.9419926877628177
0.3357334054905071,0.9419570480853926
0.3358334154415022,0.9419213964407516
0.33593342539249726,0.9418857328275354
0.33603343534349234,0.9418500572443848
0.3361334452944874,0.9418143696899394
0.33623345524548254,0.9417786701628382
0.33633346519647767,0.9417429586617199
0.33643347514747274,0.9417072351852219
0.3365334850984678,0.9416714997319816
0.3366334950494629,0.9416357523006352
0.33673350500045796,0.9415999928898187
0.33683351495145303,0.941564221498167
0.33693352490244816,0.9415284381243146
0.33703353485344323,0.9414926427668954
0.3371335448044383,0.9414568354245423
0.3372335547554334,0.9414210160958879
0.3373335647064285,0.941385184779564
0.3374335746574236,0.9413493414742016
0.3375335846084187,0.9413134861784311
0.3376335945594138,0.9412776188908825
0.33773360451040885,0.9412417396101848
0.3378336144614039,0.9412058483349662
0.337933624412399,0.9411699450638549
0.33803363436339406,0.9411340297954778
0.3381336443143892,0.9410981025284613
0.33823365426538426,0.9410621632614312
0.3383336642163794,0.9410262119930126
0.33843367416737447,0.94099024872183
0.33853368411836954,0.9409542734465071
0.3386336940693646,0.940918286165667
0.33873370402035974,0.9408822868779321
0.3388337139713548,0.9408462755819242
0.3389337239223499,0.9408102522762645
0.33903373387334496,0.9407742169595731
0.33913374382434003,0.94073816963047
0.3392337537753351,0.9407021102875741
0.33933376372633023,0.940666038929504
0.33943377367732536,0.9406299555548772
0.33953378362832043,0.940593860162311
0.3396337935793155,0.9405577527504214
0.3397338035303106,0.9405216333178246
0.33983381348130565,0.9404855018631352
0.3399338234323008,0.9404493583849677
0.34003383338329585,0.9404132028819359
0.3401338433342909,0.9403770353526526
0.340233853285286,0.9403408557957303
0.34033386323628106,0.9403046642097806
0.3404338731872762,0.9402684605934145
0.34053388313827126,0.9402322449452424
0.3406338930892664,0.9401960172638736
0.34073390304026147,0.9401597775479175
0.34083391299125654,0.940123525795982
0.3409339229422516,0.940087262006675
0.3410339328932467,0.9400509861786033
0.3411339428442418,0.940014698310373
0.3412339527952369,0.9399783984005898
0.34133396274623196,0.9399420864478587
0.3414339726972271,0.9399057624507838
0.34153398264822216,0.9398694264079686
0.34163399259921723,0.939833078318016
0.3417340025502123,0.9397967181795281
0.34183401250120743,0.9397603459911066
0.3419340224522025,0.9397239617513521
0.3420340324031976,0.9396875654588649
0.34213404235419265,0.9396511571122442
0.3422340523051877,0.9396147367100891
0.34233406225618285,0.9395783042509974
0.342434072207178,0.9395418597335667
0.34253408215817305,0.9395054031563937
0.3426340921091681,0.9394689345180744
0.3427341020601632,0.9394324538172043
0.34283411201115827,0.9393959610523779
0.34293412196215334,0.9393594562221892
0.34303413191314847,0.9393229393252316
0.34313414186414354,0.9392864103600976
0.3432341518151386,0.9392498693253795
0.3433341617661337,0.9392133162196682
0.3434341717171288,0.9391767510415543
0.3435341816681239,0.9391401737896279
0.343634191619119,0.939103584462478
0.3437342015701141,0.9390669830586933
0.34383421152110916,0.9390303695768616
0.34393422147210423,0.9389937440155699
0.3440342314230993,0.9389571063734048
0.3441342413740944,0.938920456648952
0.3442342513250895,0.9388837948407966
0.3443342612760846,0.9388471209475231
0.34443427122707965,0.9388104349677152
0.3445342811780748,0.9387737368999557
0.34463429112906985,0.9387370267428272
0.3447343010800649,0.9387003044949113
0.34483431103106005,0.9386635701547887
0.3449343209820551,0.9386268237210401
0.3450343309330502,0.9385900651922447
0.34513434088404527,0.9385532945669818
0.34523435083504034,0.9385165118438291
0.3453343607860354,0.9384797170213645
0.34543437073703054,0.9384429100981645
0.34553438068802567,0.9384060910728056
0.34563439063902074,0.9383692599438628
0.3457344005900158,0.9383324167099112
0.3458344105410109,0.9382955613695247
0.34593442049200596,0.9382586939212767
0.3460344304430011,0.9382218143637399
0.34613444039399616,0.938184922695486
0.34623445034499123,0.9381480189150867
0.3463344602959863,0.9381111030211122
0.3464344702469814,0.9380741750121327
0.3465344801979765,0.9380372348867172
0.3466344901489716,0.9380002826434343
0.3467345000999667,0.9379633182808517
0.3468345100509618,0.9379263417975365
0.34693452000195685,0.9378893531920552
0.3470345299529519,0.9378523524629736
0.347134539903947,0.9378153396088567
0.3472345498549421,0.9377783146282684
0.3473345598059372,0.937741277519773
0.34743456975693227,0.9377042282819329
0.3475345797079274,0.9376671669133105
0.34763458965892247,0.9376300934124676
0.34773459960991754,0.9375930077779646
0.3478346095609126,0.9375559100083618
0.34793461951190774,0.9375188001022188
0.3480346294629028,0.9374816780580941
0.3481346394138979,0.9374445438745459
0.34823464936489296,0.9374073975501314
0.34833465931588803,0.9373702390834073
0.34843466926688316,0.9373330684729296
0.34853467921787823,0.9372958857172535
0.34863468916887336,0.9372586908149335
0.34873469911986843,0.9372214837645234
0.3488347090708635,0.9371842645645765
0.3489347190218586,0.937147033213645
0.34903472897285365,0.9371097897102807
0.3491347389238488,0.9370725340530347
0.34923474887484385,0.9370352662404573
0.3493347588258389,0.9369979862710981
0.349434768776834,0.9369606941435059
0.34953477872782907,0.9369233898562291
0.3496347886788242,0.9368860734078152
0.3497347986298193,0.9368487447968107
0.3498348085808144,0.936811404021762
0.34993481853180947,0.9367740510812144
0.35003482848280454,0.9367366859737125
0.3501348384337996,0.9366993086978004
0.3502348483847947,0.9366619192520212
0.3503348583357898,0.9366245176349176
0.3504348682867849,0.9365871038450314
0.35053487823777996,0.9365496778809038
0.3506348881887751,0.9365122397410752
0.35073489813977016,0.9364747894240854
0.35083490809076523,0.9364373269284733
0.35093491804176036,0.9363998522527772
0.35103492799275543,0.9363623653955347
0.3511349379437505,0.9363248663552829
0.3512349478947456,0.9362873551305578
0.35133495784574065,0.936249831719895
0.3514349677967357,0.9362122961218291
0.35153497774773085,0.9361747483348941
0.351634987698726,0.9361371883576236
0.35173499764972105,0.9360996161885501
0.3518350076007161,0.9360620318262054
0.3519350175517112,0.9360244352691209
0.35203502750270627,0.935986826515827
0.3521350374537014,0.9359492055648535
0.35223504740469647,0.9359115724147294
0.35233505735569154,0.9358739270639831
0.3524350673066866,0.9358362695111422
0.3525350772576817,0.9357985997547338
0.35263508720867676,0.9357609177932839
0.3527350971596719,0.935723223625318
0.352835107110667,0.935685517249361
0.3529351170616621,0.9356477986639369
0.35303512701265716,0.935610067867569
0.35313513696365223,0.93557232485878
0.3532351469146473,0.9355345696360918
0.35333515686564243,0.9354968021980257
0.3534351668166375,0.9354590225431019
0.3535351767676326,0.9354212306698404
0.35363518671862765,0.9353834265767602
0.3537351966696228,0.9353456102623796
0.35383520662061785,0.9353077817252162
0.3539352165716129,0.9352699409637869
0.35403522652260805,0.9352320879766078
0.3541352364736031,0.9351942227621945
0.3542352464245982,0.9351563453190618
0.35433525637559327,0.9351184556457233
0.35443526632658834,0.9350805537406927
0.35453527627758347,0.9350426396024822
0.35463528622857854,0.9350047132296041
0.35473529617957367,0.9349667746205692
0.35483530613056874,0.934928823773888
0.3549353160815638,0.93489086068807
0.3550353260325589,0.9348528853616245
0.35513533598355396,0.9348148977930595
0.3552353459345491,0.9347768979808826
0.35533535588554416,0.9347388859236004
0.35543536583653923,0.9347008616197192
0.3555353757875343,0.9346628250677442
0.3556353857385294,0.9346247762661801
0.3557353956895245,0.9345867152135309
0.35583540564051963,0.9345486419082994
0.3559354155915147,0.9345105563489884
0.3560354255425098,0.9344724585340993
0.35613543549350485,0.9344343484621334
0.3562354454444999,0.9343962261315907
0.356335455395495,0.9343580915409708
0.3564354653464901,0.9343199446887726
0.3565354752974852,0.9342817855734941
0.35663548524848027,0.9342436141936326
0.35673549519947534,0.9342054305476848
0.35683550515047047,0.9341672346341465
0.35693551510146554,0.934129026451513
0.35703552505246067,0.9340908059982785
0.35713553500345574,0.934052573272937
0.3572355449544508,0.9340143282739813
0.3573355549054459,0.9339760709999037
0.35743556485644096,0.9339378014491956
0.35753557480743603,0.9338995196203478
0.35763558475843116,0.9338612255118504
0.35773559470942623,0.9338229191221926
0.35783560466042136,0.9337846004498632
0.35793561461141643,0.9337462694933498
0.3580356245624115,0.9337079262511399
0.3581356345134066,0.9336695707217194
0.3582356444644017,0.933631202903574
0.3583356544153968,0.9335928227951891
0.35843566436639185,0.9335544303950484
0.3585356743173869,0.9335160257016355
0.358635684268382,0.9334776087134332
0.35873569421937707,0.9334391794289233
0.3588357041703722,0.9334007378465871
0.3589357141213673,0.9333622839649051
0.3590357240723624,0.9333238177823571
0.35913573402335747,0.9332853392974221
0.35923574397435254,0.9332468485085784
0.3593357539253476,0.9332083454143035
0.35943576387634274,0.9331698300130743
0.3595357738273378,0.9331313023033668
0.3596357837783329,0.9330927622836565
0.35973579372932796,0.9330542099524177
0.35983580368032303,0.9330156453081245
0.35993581363131816,0.93297706834925
0.36003582358231323,0.9329384790742664
0.36013583353330836,0.9328998774816455
0.36023584348430343,0.9328612635698582
0.3603358534352985,0.9328226373373746
0.3604358633862936,0.932783998782664
0.36053587333728865,0.9327453479041954
0.3606358832882838,0.9327066847004364
0.36073589323927885,0.9326680091698544
0.3608359031902739,0.9326293213109157
0.36093591314126905,0.932590621122086
0.3610359230922641,0.9325519086018305
0.3611359330432592,0.9325131837486131
0.36123594299425427,0.9324744465608974
0.3613359529452494,0.9324356970371461
0.36143596289624447,0.9323969351758212
0.36153597284723954,0.932358160975384
0.3616359827982346,0.9323193744342949
0.3617359927492297,0.9322805755510136
0.3618360027002248,0.9322417643239993
0.36193601265121994,0.93220294075171
0.362036022602215,0.9321641048326033
0.3621360325532101,0.9321252565651359
0.36223604250420516,0.9320863959477639
0.36233605245520023,0.9320475229789424
0.3624360624061953,0.9320086376571263
0.36253607235719043,0.9319697399807689
0.3626360823081855,0.9319308299483234
0.3627360922591806,0.9318919075582421
0.36283610221017565,0.9318529728089764
0.3629361121611708,0.9318140256989772
0.36303612211216585,0.9317750662266944
0.363136132063161,0.9317360943905771
0.36323614201415605,0.9316971101890742
0.3633361519651511,0.9316581136206332
0.3634361619161462,0.9316191046837011
0.36353617186714127,0.9315800833767242
0.36363618181813634,0.9315410496981479
0.36373619176913147,0.9315020036464171
0.36383620172012654,0.9314629452199756
0.3639362116711216,0.9314238744172669
0.36403622162211674,0.9313847912367332
0.3641362315731118,0.9313456956768165
0.3642362415241069,0.9313065877359574
0.364336251475102,0.9312674674125964
0.3644362614260971,0.9312283347051729
0.36453627137709216,0.9311891896121255
0.36463628132808723,0.9311500321318923
0.3647362912790823,0.9311108622629104
0.3648363012300774,0.9310716800036162
0.3649363111810725,0.9310324853524454
0.36503632113206763,0.9309932783078328
0.3651363310830627,0.9309540588682129
0.3652363410340578,0.9309148270320188
0.36533635098505285,0.9308755827976831
0.3654363609360479,0.9308363261636379
0.36553637088704305,0.9307970571283142
0.3656363808380381,0.9307577756901423
0.3657363907890332,0.9307184818475518
0.36583640074002827,0.9306791755989716
0.36593641069102334,0.9306398569428298
0.36603642064201847,0.9306005258775536
0.36613643059301354,0.9305611824015697
0.36623644054400867,0.9305218265133036
0.36633645049500374,0.9304824582111807
0.3664364604459988,0.9304430774936251
0.3665364703969939,0.9304036843590602
0.36663648034798896,0.9303642788059088
0.3667364902989841,0.9303248608325928
0.36683650024997916,0.9302854304375335
0.36693651020097423,0.9302459876191513
0.36703652015196936,0.930206532375866
0.36713653010296443,0.9301670647060963
0.3672365400539595,0.9301275846082604
0.3673365500049546,0.9300880920807757
0.3674365599559497,0.9300485871220587
0.3675365699069448,0.9300090697305256
0.36763657985793985,0.929969539904591
0.3677365898089349,0.9299299976426695
0.36783659975993,0.9298904429431745
0.3679366097109251,0.9298508758045186
0.3680366196619202,0.9298112962251143
0.3681366296129153,0.9297717042033723
0.3682366395639104,0.9297320997377033
0.36833664951490547,0.9296924828265171
0.36843665946590054,0.9296528534682224
0.3685366694168956,0.9296132116612272
0.36863667936789074,0.9295735574039393
0.3687366893188858,0.9295338906947651
0.3688366992698809,0.9294942115321103
0.36893670922087596,0.9294545199143801
0.36903671917187103,0.9294148158399788
0.36913672912286616,0.9293750993073097
0.3692367390738613,0.9293353703147756
0.36933674902485636,0.9292956288607788
0.36943675897585143,0.92925587494372
0.3695367689268465,0.929216108562
0.3696367788778416,0.9291763297140181
0.36973678882883665,0.9291365383981733
0.3698367987798318,0.9290967346128638
0.36993680873082685,0.9290569183564867
0.3700368186818219,0.9290170896274387
0.37013682863281705,0.9289772484241154
0.3702368385838121,0.9289373947449119
0.3703368485348072,0.9288975285882223
0.3704368584858023,0.92885764995244
0.3705368684367974,0.9288177588359579
0.37063687838779247,0.9287778552371675
0.37073688833878754,0.9287379391544599
0.3708368982897826,0.9286980105862257
0.3709369082407777,0.9286580695308543
0.3710369181917728,0.9286181159867342
0.3711369281427679,0.9285781499522535
0.371236938093763,0.9285381714257995
0.3713369480447581,0.9284981804057586
0.37143695799575316,0.9284581768905162
0.37153696794674823,0.9284181608784573
0.37163697789774336,0.9283781323679658
0.37173698784873843,0.9283380913574251
0.3718369977997335,0.9282980378452176
0.3719370077507286,0.928257971829725
0.37203701770172365,0.9282178933093281
0.3721370276527187,0.9281778022824073
0.37223703760371385,0.9281376987473418
0.372337047554709,0.92809758270251
0.37243705750570405,0.9280574541462898
0.3725370674566991,0.9280173130770583
0.3726370774076942,0.9279771594931915
0.37273708735868927,0.9279369933930648
0.3728370973096844,0.9278968147750529
0.37293710726067947,0.9278566236375297
0.37303711721167454,0.9278164199788681
0.3731371271626696,0.9277762037974404
0.37323713711366474,0.9277359750916181
0.3733371470646598,0.9276957338597719
0.37343715701565494,0.9276554801002714
0.37353716696665,0.927615213811486
0.3736371769176451,0.9275749349917841
0.37373718686864016,0.9275346436395329
0.37383719681963523,0.9274943397530991
0.3739372067706303,0.9274540233308489
0.37403721672162543,0.9274136943711473
0.3741372266726205,0.9273733528723587
0.37423723662361563,0.9273329988328465
0.3743372465746107,0.9272926322509735
0.3744372565256058,0.9272522531251017
0.37453726647660085,0.9272118614535924
0.374637276427596,0.9271714572348057
0.37473728637859105,0.9271310404671013
0.3748372963295861,0.9270906111488381
0.3749373062805812,0.9270501692783739
0.37503731623157627,0.9270097148540659
0.37513732618257134,0.9269692478742706
0.37523733613356647,0.9269287683373436
0.3753373460845616,0.9268882762416396
0.37543735603555667,0.9268477715855127
0.37553736598655174,0.9268072543673159
0.3756373759375468,0.9267667245854019
0.3757373858885419,0.926726182238122
0.375837395839537,0.9266856273238272
0.3759374057905321,0.9266450598408674
0.37603741574152716,0.926604479787592
0.37613742569252223,0.926563887162349
0.3762374356435173,0.9265232819634864
0.37633744559451243,0.9264826641893509
0.3764374555455075,0.9264420338382883
0.37653746549650263,0.9264013909086439
0.3766374754474977,0.9263607353987622
0.3767374853984928,0.9263200673069868
0.37683749534948785,0.9262793866316602
0.3769375053004829,0.9262386933711247
0.37703751525147805,0.9261979875237213
0.3771375252024731,0.9261572690877905
0.3772375351534682,0.9261165380616717
0.3773375451044633,0.9260757944437038
0.3774375550554584,0.9260350382322247
0.37753756500645347,0.9259942694255715
0.37763757495744854,0.9259534880220807
0.37773758490844367,0.9259126940200876
0.37783759485943874,0.9258718874179271
0.3779376048104338,0.925831068213933
0.3780376147614289,0.9257902364064386
0.37813762471242396,0.925749391993776
0.3782376346634191,0.9257085349742769
0.3783376446144142,0.9256676653462717
0.3784376545654093,0.9256267831080904
0.37853766451640436,0.9255858882580622
0.37863767446739943,0.9255449807945153
0.3787376844183945,0.925504060715777
0.3788376943693896,0.9254631280201739
0.3789377043203847,0.9254221827060322
0.3790377142713798,0.9253812247716764
0.37913772422237485,0.925340254215431
0.3792377341733699,0.9252992710356193
0.379337744124365,0.9252582752305638
0.3794377540753601,0.9252172667985864
0.37953776402635525,0.9251762457380078
0.3796377739773503,0.9251352120471484
0.3797377839283454,0.9250941657243273
0.37983779387934047,0.9250531067678631
0.37993780383033554,0.9250120351760734
0.3800378137813306,0.9249709509472752
0.38013782373232574,0.9249298540797843
0.3802378336833208,0.9248887445719162
0.3803378436343159,0.924847622421985
0.380437853585311,0.9248064876283045
0.3805378635363061,0.9247653401891874
0.38063787348730116,0.9247241801029458
0.3807378834382963,0.9246830073678906
0.38083789338929136,0.9246418219823321
0.38093790334028643,0.92460062394458
0.3810379132912815,0.9245594132529428
0.3811379232422766,0.9245181899057284
0.38123793319327165,0.9244769539012438
0.3813379431442668,0.9244357052377953
0.3814379530952619,0.9243944439136882
0.381537963046257,0.924353169927227
0.38163797299725205,0.9243118832767155
0.3817379829482471,0.9242705839604568
0.3818379928992422,0.9242292719767526
0.3819380028502373,0.9241879473239045
0.3820380128012324,0.9241466100002128
0.38213802275222747,0.9241052600039771
0.38223803270322254,0.9240638973334961
0.3823380426542176,0.924022521987068
0.38243805260521274,0.9239811339629899
0.3825380625562078,0.9239397332595578
0.38263807250720294,0.9238983198750674
0.382738082458198,0.9238568938078136
0.3828380924091931,0.9238154550560898
0.38293810236018816,0.9237740036181891
0.38303811231118323,0.9237325394924037
0.38313812226217836,0.9236910626770252
0.38323813221317343,0.9236495731703438
0.3833381421641685,0.9236080709706492
0.3834381521151636,0.9235665560762303
0.3835381620661587,0.9235250284853751
0.3836381720171538,0.9234834881963708
0.38373818196814885,0.923441935207504
0.383838191919144,0.9234003695170597
0.38393820187013905,0.923358791123323
0.3840382118211341,0.9233172000245775
0.3841382217721292,0.9232755962191064
0.38423823172312427,0.9232339797051918
0.3843382416741194,0.9231923504811151
0.38443825162511447,0.9231507085451569
0.3845382615761096,0.9231090538955966
0.38463827152710467,0.9230673865307133
0.38473828147809974,0.9230257064487849
0.3848382914290948,0.9229840136480887
0.3849383013800899,0.9229423081269008
0.385038311331085,0.9229005898834969
0.3851383212820801,0.9228588589161515
0.38523833123307516,0.9228171152231386
0.38533834118407023,0.9227753588027311
0.3854383511350653,0.9227335896532011
0.38553836108606043,0.9226918077728199
0.38563837103705556,0.9226500131598581
0.38573838098805063,0.9226082058125852
0.3858383909390457,0.92256638572927
0.3859384008900408,0.9225245529081805
0.38603841084103585,0.9224827073475836
0.3861384207920309,0.9224408490457459
0.38623843074302605,0.9223989780009325
0.3863384406940211,0.9223570942114081
0.3864384506450162,0.9223151976754365
0.38653846059601127,0.9222732883912804
0.3866384705470064,0.9222313663572019
0.38673848049800147,0.9221894315714624
0.3868384904489966,0.922147484032322
0.38693850039999167,0.9221055237380403
0.38703851035098674,0.9220635506868761
0.3871385203019818,0.9220215648770869
0.3872385302529769,0.9219795663069298
0.38733854020397196,0.9219375549746609
0.3874385501549671,0.9218955308785356
0.38753856010596216,0.9218534940168083
0.3876385700569573,0.9218114443877323
0.38773858000795236,0.9217693819895607
0.38783858995894743,0.9217273068205452
0.3879385999099425,0.9216852188789367
0.38803860986093763,0.9216431181629856
0.3881386198119327,0.9216010046709411
0.3882386297629278,0.9215588784010517
0.38833863971392285,0.9215167393515649
0.3884386496649179,0.9214745875207276
0.388538659615913,0.9214324229067858
0.3886386695669081,0.9213902455079843
0.38873867951790325,0.9213480553225675
0.3888386894688983,0.9213058523487787
0.3889386994198934,0.9212636365848604
0.38903870937088847,0.9212214080290544
0.38913871932188354,0.9211791666796012
0.38923872927287867,0.9211369125347407
0.38933873922387374,0.9210946455927124
0.3894387491748688,0.9210523658517542
0.3895387591258639,0.9210100733101035
0.389638769076859,0.9209677679659968
0.3897387790278541,0.9209254498176699
0.38983878897884916,0.9208831188633574
0.3899387989298443,0.9208407751012933
0.39003880888083936,0.9207984185297106
0.39013881883183443,0.9207560491468416
0.3902388287828295,0.9207136669509177
0.3903388387338246,0.9206712719401693
0.3904388486848197,0.9206288641128262
0.3905388586358148,0.9205864434671168
0.39063886858680985,0.9205440100012694
0.390738878537805,0.9205015637135108
0.39083888848880005,0.9204591046020673
0.3909388984397951,0.920416632665164
0.3910389083907902,0.9203741479010257
0.3911389183417853,0.9203316503078758
0.3912389282927804,0.920289139883937
0.39133893824377547,0.9202466166274313
0.39143894819477054,0.9202040805365795
0.3915389581457656,0.9201615316096019
0.39163896809676074,0.9201189698447176
0.39173897804775587,0.9200763952401452
0.39183898799875094,0.920033807794102
0.391938997949746,0.9199912075048049
0.3920390079007411,0.9199485943704695
0.39213901785173616,0.9199059683893108
0.39223902780273123,0.9198633295595429
0.39233903775372636,0.9198206778793789
0.39243904770472143,0.9197780133470311
0.3925390576557165,0.9197353359607111
0.3926390676067116,0.9196926457186293
0.3927390775577067,0.9196499426189955
0.3928390875087018,0.9196072266600185
0.3929390974596969,0.9195644978399062
0.393039107410692,0.9195217561568657
0.39313911736168705,0.9194790016091035
0.3932391273126821,0.9194362341948246
0.3933391372636772,0.9193934539122335
0.39343914721467227,0.9193506607595339
0.3935391571656674,0.9193078547349284
0.39363916711666247,0.9192650358366189
0.3937391770676576,0.9192222040628064
0.39383918701865267,0.919179359411691
0.39393919696964774,0.919136501881472
0.3940392069206428,0.9190936314703474
0.39413921687163794,0.919050748176515
0.394239226822633,0.9190078519981711
0.3943392367736281,0.9189649429335117
0.39443924672462316,0.9189220209807315
0.39453925667561823,0.9188790861380243
0.3946392666266133,0.9188361384035832
0.39473927657760843,0.9187931777756005
0.39483928652860356,0.9187502042522675
0.39493929647959863,0.9187072178317746
0.3950393064305937,0.9186642185123112
0.3951393163815888,0.9186212062920661
0.39523932633258385,0.9185781811692271
0.395339336283579,0.9185351431419808
0.39543934623457405,0.9184920922085136
0.3955393561855691,0.9184490283670104
0.3956393661365642,0.9184059516156554
0.39573937608755927,0.9183628619526322
0.3958393860385544,0.918319759376123
0.39593939598954947,0.9182766438843094
0.3960394059405446,0.9182335154753721
0.39613941589153967,0.9181903741474912
0.39623942584253474,0.9181472198988452
0.3963394357935298,0.9181040527276124
0.3964394457445249,0.9180608726319698
0.39653945569552,0.9180176796100937
0.3966394656465151,0.9179744736601596
0.39673947559751016,0.9179312547803417
0.3968394855485053,0.9178880229688138
0.39693949549950036,0.9178447782237485
0.39703950545049543,0.9178015205433178
0.3971395154014905,0.9177582499256922
0.39723952535248563,0.917714966369042
0.3973395353034807,0.9176716698715364
0.3974395452544758,0.9176283604313434
0.39753955520547085,0.9175850380466305
0.3976395651564659,0.9175417027155641
0.39773957510746105,0.9174983544363098
0.3978395850584562,0.9174549932070322
0.39793959500945125,0.917411619025895
0.3980396049604463,0.9173682318910612
0.3981396149114414,0.9173248318006927
0.39823962486243647,0.9172814187529506
0.39833963481343154,0.9172379927459949
0.39843964476442667,0.9171945537779852
0.39853965471542174,0.9171511018470797
0.3986396646664168,0.9171076369514359
0.3987396746174119,0.9170641590892104
0.39883968456840696,0.9170206682585588
0.3989396945194021,0.9169771644576358
0.3990397044703972,0.9169336476845955
0.3991397144213923,0.9168901179375909
0.39923972437238736,0.916846575214774
0.39933973432338243,0.9168030195142959
0.3994397442743775,0.9167594508343069
0.3995397542253726,0.9167158691729563
0.3996397641763677,0.9166722745283928
0.3997397741273628,0.9166286668987639
0.39983978407835785,0.916585046282216
0.399939794029353,0.9165414126768953
0.40003980398034805,0.9164977660809461
0.4001398139313431,0.9164541064925128
0.40023982388233825,0.9164104339097383
0.4003398338333333,0.9163667483307647
0.4004398437843284,0.9163230497537332
0.40053985373532347,0.9162793381767842
0.40063986368631854,0.916235613598057
0.4007398736373136,0.9161918760156902
0.40083988358830874,0.9161481254278213
0.40093989353930387,0.9161043618325871
0.40103990349029894,0.9160605852281233
0.401139913441294,0.9160167956125648
0.4012399233922891,0.9159729929840453
0.40133993334328416,0.9159291773406982
0.4014399432942793,0.9158853486806554
0.40153995324527436,0.9158415070020484
0.40163996319626943,0.915797652303007
0.4017399731472645,0.915753784581661
0.4018399830982596,0.9157099038361388
0.40193999304925465,0.9156660100645677
0.4020400030002498,0.9156221032650748
0.4021400129512449,0.9155781834357853
0.40224002290224,0.9155342505748244
0.40234003285323505,0.9154903046803159
0.4024400428042301,0.9154463457503829
0.4025400527552252,0.915402373783147
0.4026400627062203,0.9153583887767299
0.4027400726572154,0.9153143907292515
0.40284008260821047,0.9152703796388312
0.40294009255920554,0.9152263555035873
0.40304010251020067,0.9151823183216374
0.40314011246119574,0.9151382680910981
0.4032401224121908,0.9150942048100847
0.40334013236318594,0.9150501284767123
0.403440142314181,0.9150060390890944
0.4035401522651761,0.914961936645344
0.40364016221617116,0.914917821143573
0.40374017216716623,0.9148736925818924
0.40384018211816136,0.9148295509584123
0.40394019206915643,0.9147853962712419
0.40404020202015156,0.9147412285184894
0.40414021197114663,0.914697047698262
0.4042402219221417,0.9146528538086663
0.4043402318731368,0.9146086468478078
0.40444024182413185,0.9145644268137908
0.404540251775127,0.914520193704719
0.40464026172612205,0.9144759475186952
0.4047402716771171,0.914431688253821
0.4048402816281122,0.9143874159081974
0.40494029157910727,0.9143431304799241
0.4050403015301024,0.9142988319671002
0.4051403114810975,0.9142545203678236
0.4052403214320926,0.9142101956801916
0.40534033138308767,0.9141658579023003
0.40544034133408274,0.9141215070322448
0.4055403512850778,0.9140771430681197
0.4056403612360729,0.9140327660080181
0.405740371187068,0.9139883758500326
0.4058403811380631,0.9139439725922545
0.40594039108905816,0.9138995562327746
0.40604040104005323,0.9138551267696826
0.40614041099104836,0.913810684201067
0.40624042094204343,0.9137662285250158
0.40634043089303856,0.9137217597396156
0.40644044084403363,0.9136772778429524
0.4065404507950287,0.9136327828331111
0.4066404607460238,0.9135882747081759
0.40674047069701885,0.9135437534662297
0.4068404806480139,0.9134992191053548
0.40694049059900905,0.9134546716236323
0.4070405005500041,0.9134101110191424
0.40714051050099925,0.9133655372899646
0.4072405204519943,0.9133209504341773
0.4073405304029894,0.9132763504498577
0.40744054035398447,0.9132317373350826
0.4075405503049796,0.9131871110879273
0.40764056025597467,0.9131424717064666
0.40774057020696974,0.9130978191887741
0.4078405801579648,0.9130531535329225
0.4079405901089599,0.9130084747369838
0.40804060005995496,0.9129637827990287
0.4081406100109501,0.9129190777171269
0.4082406199619452,0.9128743594893476
0.4083406299129403,0.9128296281137588
0.40844063986393536,0.9127848835884275
0.40854064981493043,0.9127401259114197
0.4086406597659255,0.9126953550808008
0.40874066971692063,0.9126505710946349
0.4088406796679157,0.9126057739509852
0.4089406896189108,0.9125609636479142
0.40904069956990585,0.912516140183483
0.409140709520901,0.9124713035557522
0.40924071947189605,0.9124264537627813
0.4093407294228911,0.9123815908026287
0.40944073937388625,0.912336714673352
0.4095407493248813,0.9122918253730079
0.4096407592758764,0.9122469228996519
0.4097407692268715,0.9122020072513388
0.4098407791778666,0.9121570784261224
0.40994078912886167,0.9121121364220555
0.4100407990798568,0.9120671812371897
0.41014080903085187,0.9120222128695761
0.41024081898184694,0.9119772313172646
0.410340828932842,0.9119322365783041
0.4104408388838371,0.9118872286507428
0.41054084883483216,0.9118422075326276
0.4106408587858273,0.9117971732220046
0.41074086873682236,0.911752125716919
0.41084087868781743,0.911707065015415
0.4109408886388125,0.9116619911155357
0.4110408985898076,0.9116169040153235
0.4111409085408027,0.9115718037128197
0.4112409184917978,0.9115266902060644
0.41134092844279285,0.9114815634930973
0.4114409383937879,0.9114364235719566
0.411540948344783,0.91139127044068
0.41164095829577807,0.9113461040973038
0.41174096824677325,0.9113009245398633
0.4118409781977683,0.9112557317663935
0.41194098814876345,0.9112105257749278
0.4120409980997585,0.9111653065634988
0.4121410080507536,0.9111200741301383
0.41224101800174867,0.9110748284728768
0.41234102795274374,0.9110295695897442
0.41244103790373887,0.9109842974787692
0.41254104785473394,0.9109390121379796
0.412641057805729,0.9108937135654022
0.4127410677567241,0.9108484017590629
0.41284107770771916,0.9108030767169866
0.41294108765871423,0.9107577384371972
0.41304109760970936,0.9107123869177176
0.41314110756070443,0.9106670221565699
0.4132411175116995,0.9106216441517749
0.4133411274626946,0.9105762529013528
0.41344113741368965,0.9105308484033227
0.4135411473646848,0.9104854306557025
0.41364115731567985,0.9104399996565095
0.4137411672666749,0.9103945554037597
0.4138411772176701,0.9103490978954683
0.4139411871686652,0.9103036271296495
0.41404119711966025,0.9102581431043166
0.4141412070706553,0.9102126458174818
0.4142412170216504,0.9101671352671563
0.4143412269726455,0.9101216114513503
0.4144412369236406,0.9100760743680733
0.41454124687463567,0.9100305240153335
0.41464125682563074,0.9099849603911382
0.4147412667766258,0.9099393834934939
0.41484127672762094,0.9098937933204059
0.414941286678616,0.9098481898698786
0.4150412966296111,0.9098025731399154
0.41514130658060616,0.9097569431285188
0.41524131653160123,0.9097112998336904
0.4153413264825963,0.9096656432534305
0.41544133643359143,0.9096199733857384
0.4155413463845865,0.909574290228613
0.4156413563355816,0.9095285937800516
0.41574136628657665,0.9094828840380508
0.41584137623757184,0.909437161000606
0.4159413861885669,0.909391424665712
0.416041396139562,0.9093456750313623
0.4161414060905571,0.9092999120955495
0.4162414160415522,0.9092541358562651
0.41634142599254725,0.9092083463114999
0.4164414359435423,0.9091625434592433
0.4165414458945374,0.9091167272974842
0.41664145584553247,0.9090708978242099
0.4167414657965276,0.9090250550374074
0.41684147574752267,0.9089791989350622
0.41694148569851774,0.908933329515159
0.4170414956495128,0.9088874467756816
0.4171415056005079,0.9088415507146124
0.417241515551503,0.9087956413299334
0.4173415255024981,0.9087497186196251
0.41744153545349316,0.9087037825816673
0.41754154540448823,0.9086578332140387
0.4176415553554833,0.9086118705147169
0.41774156530647844,0.9085658944816789
0.4178415752574735,0.9085199051129002
0.4179415852084687,0.9084739024063555
0.41804159515946376,0.9084278863600187
0.41814160511045884,0.9083818569718625
0.4182416150614539,0.9083358142398584
0.418341625012449,0.9082897581619774
0.41844163496344405,0.9082436887361892
0.4185416449144392,0.9081976059604625
0.41864165486543425,0.9081515098327649
0.4187416648164293,0.9081054003510634
0.4188416747674244,0.9080592775133235
0.41894168471841947,0.90801314131751
0.4190416946694146,0.9079669917615866
0.41914170462040967,0.9079208288435161
0.41924171457140474,0.9078746525612601
0.4193417245223998,0.9078284629127794
0.4194417344733949,0.9077822598960337
0.41954174442438996,0.9077360435089816
0.4196417543753851,0.907689813749581
0.41974176432638016,0.9076435706157884
0.41984177427737523,0.9075973141055594
0.4199417842283704,0.9075510442168488
0.4200417941793655,0.9075047609476105
0.42014180413036056,0.9074584642957967
0.42024181408135564,0.9074121542593593
0.42034182403235076,0.9073658308362489
0.42044183398334584,0.9073194940244151
0.4205418439343409,0.9072731438218066
0.420641853885336,0.9072267802263708
0.42074186383633105,0.9071804032360544
0.4208418737873261,0.907134012848803
0.42094188373832125,0.9070876090625611
0.4210418936893163,0.9070411918752722
0.4211419036403114,0.906994761284879
0.42124191359130647,0.9069483172893229
0.42134192354230154,0.9069018598865444
0.42144193349329667,0.9068553890744828
0.42154194344429174,0.9068089048510769
0.4216419533952868,0.906762407214264
0.4217419633462819,0.9067158961619805
0.42184197329727696,0.9066693716921618
0.42194198324827203,0.9066228338027423
0.4220419931992672,0.9065762824916553
0.4221420031502623,0.9065297177568333
0.4222420131012574,0.9064831395962075
0.4223420230522525,0.9064365480077085
0.42244203300324756,0.906389942989265
0.42254204295424264,0.9063433245388057
0.4226420529052377,0.9062966926542578
0.42274206285623284,0.9062500473335474
0.4228420728072279,0.9062033885745997
0.422942082758223,0.9061567163753389
0.42304209270921805,0.9061100307336881
0.4231421026602131,0.9060633316475696
0.4232421126112082,0.9060166191149042
0.4233421225622033,0.905969893133612
0.4234421325131984,0.9059231537016122
0.42354214246419347,0.9058764008168227
0.42364215241518854,0.9058296344771605
0.4237421623661836,0.9057828546805414
0.42384217231717874,0.9057360614248805
0.4239421822681738,0.9056892547080916
0.424042192219169,0.9056424345280876
0.4241422021701641,0.9055956008827801
0.42424221212115915,0.9055487537700803
0.4243422220721542,0.9055018931878975
0.4244422320231493,0.9054550191341407
0.42454224197414436,0.9054081316067175
0.4246422519251395,0.9053612306035345
0.42474226187613456,0.9053143161224974
0.42484227182712964,0.9052673881615108
0.4249422817781247,0.905220446718478
0.4250422917291198,0.9051734917913018
0.4251423016801149,0.9051265233778835
0.42524231163111,0.9050795414761235
0.42534232158210505,0.9050325460839213
0.4254423315331001,0.9049855371991752
0.4255423414840952,0.9049385148197825
0.42564235143509027,0.9048914789436395
0.4257423613860854,0.9048444295686413
0.42584237133708047,0.9047973666926823
0.42594238128807554,0.9047502903136554
0.4260423912390706,0.9047032004294527
0.4261424011900658,0.9046560970379656
0.4262424111410609,0.9046089801370838
0.42634242109205595,0.9045618497246962
0.4264424310430511,0.9045147057986911
0.42654244099404615,0.904467548356955
0.4266424509450412,0.9044203773973738
0.4267424608960363,0.9043731929178325
0.42684247084703136,0.9043259949162145
0.42694248079802644,0.9042787833904027
0.42704249074902156,0.9042315583382786
0.42714250070001664,0.9041843197577231
0.4272425106510117,0.9041370676466153
0.4273425206020068,0.9040898020028338
0.42744253055300185,0.9040425228242563
0.427542540503997,0.9039952301087589
0.42764255045499205,0.9039479238542172
0.4277425604059871,0.9039006040585051
0.4278425703569822,0.9038532707194962
0.42794258030797727,0.9038059238350623
0.42804259025897234,0.9037585634030748
0.4281426002099675,0.9037111894214035
0.4282426101609626,0.9036638018879177
0.42834262011195773,0.9036164008004851
0.4284426300629528,0.9035689861569728
0.4285426400139479,0.9035215579552465
0.42864264996494295,0.903474116193171
0.428742659915938,0.9034266608686099
0.42884266986693315,0.903379191979426
0.4289426798179282,0.9033317095234807
0.4290426897689233,0.903284213498635
0.42914269971991836,0.9032367039027477
0.42924270967091344,0.9031891807336777
0.4293427196219085,0.9031416439892821
0.42944272957290364,0.9030940936674173
0.4295427395238987,0.9030465297659385
0.4296427494748938,0.9029989522826999
0.42974275942588885,0.9029513612155544
0.4298427693768839,0.9029037565623542
0.42994277932787905,0.9028561383209501
0.4300427892788741,0.9028085064891922
0.4301427992298692,0.9027608610649293
0.4302428091808644,0.9027132020460088
0.43034281913185946,0.9026655294302778
0.43044282908285453,0.9026178432155817
0.4305428390338496,0.9025701433997652
0.4306428489848447,0.9025224299806717
0.4307428589358398,0.9024747029561434
0.4308428688868349,0.9024269623240219
0.43094287883782995,0.9023792080821473
0.431042888788825,0.902331440228359
0.4311428987398201,0.9022836587604949
0.4312429086908152,0.9022358636763921
0.4313429186418103,0.9021880549738867
0.43144292859280536,0.9021402326508132
0.43154293854380044,0.9020923967050059
0.4316429484947955,0.9020445471342972
0.4317429584457906,0.9019966839365189
0.4318429683967857,0.9019488071095015
0.4319429783477808,0.9019009166510746
0.43204298829877585,0.9018530125590666
0.4321429982497709,0.9018050948313047
0.4322430082007661,0.9017571634656153
0.4323430181517612,0.9017092184598237
0.43244302810275626,0.9016612598117537
0.4325430380537514,0.9016132875192285
0.43264304800474646,0.9015653015800701
0.43274305795574153,0.9015173019920991
0.4328430679067366,0.9014692887531356
0.4329430778577317,0.9014212618609981
0.43304308780872675,0.9013732213135042
0.4331430977597219,0.9013251671084703
0.43324310771071695,0.9012770992437121
0.433343117661712,0.9012290177170438
0.4334431276127071,0.9011809225262786
0.43354313756370216,0.9011328136692287
0.4336431475146973,0.9010846911437052
0.43374315746569236,0.901036554947518
0.43384316741668744,0.9009884050784761
0.4339431773676825,0.9009402415343872
0.4340431873186776,0.9008920643130582
0.43414319726967265,0.9008438734122945
0.4342432072206678,0.9007956688299007
0.4343432171716629,0.9007474505636803
0.43444322712265804,0.9006992186114355
0.4345432370736531,0.9006509729709677
0.4346432470246482,0.900602713640077
0.43474325697564326,0.9005544406165625
0.4348432669266383,0.9005061538982221
0.43494327687763346,0.9004578534828525
0.43504328682862853,0.9004095393682496
0.4351432967796236,0.9003612115522083
0.4352433067306187,0.9003128700325218
0.43534331668161375,0.9002645148069828
0.4354433266326088,0.9002161458733825
0.43554333658360395,0.9001677632295113
0.435643346534599,0.9001193668731583
0.4357433564855941,0.9000709568021115
0.43584336643658916,0.9000225330141579
0.43594337638758424,0.8999740955070835
0.43604338633857936,0.8999256442786728
0.43614339628957444,0.8998771793267097
0.4362434062405695,0.8998287006489765
0.4363434161915647,0.8997802082432548
0.43644342614255976,0.8997317021073249
0.43654343609355484,0.8996831822389659
0.4366434460445499,0.8996346486359561
0.436743455995545,0.8995861012960724
0.4368434659465401,0.8995375402170908
0.4369434758975352,0.8994889653967858
0.43704348584853026,0.8994403768329313
0.43714349579952533,0.8993917745232999
0.4372435057505204,0.899343158465663
0.43734351570151553,0.8992945286577908
0.4374435256525106,0.8992458850974528
0.4375435356035057,0.8991972277824168
0.43764354555450075,0.8991485567104501
0.4377435555054958,0.8990998718793185
0.4378435654564909,0.8990511732867866
0.437943575407486,0.8990024609306181
0.4380435853584811,0.8989537348085758
0.43814359530947616,0.8989049949184207
0.43824360526047124,0.8988562412579134
0.4383436152114663,0.8988074738248131
0.4384436251624615,0.8987586926168776
0.43854363511345656,0.898709897631864
0.4386436450644517,0.8986610888675282
0.43874365501544677,0.8986122663216247
0.43884366496644184,0.8985634299919073
0.4389436749174369,0.8985145798761284
0.439043684868432,0.8984657159720392
0.43914369481942706,0.8984168382773899
0.4392437047704222,0.8983679467899298
0.43934371472141726,0.8983190415074067
0.43944372467241233,0.8982701224275675
0.4395437346234074,0.8982211895481578
0.4396437445744025,0.8981722428669222
0.4397437545253976,0.8981232823816042
0.4398437644763927,0.8980743080899463
0.43994377442738775,0.8980253199896893
0.4400437843783828,0.8979763180785735
0.4401437943293779,0.8979273023543377
0.44024380428037296,0.89787827281472
0.4403438142313681,0.8978292294574567
0.4404438241823632,0.8977801722802835
0.44054383413335835,0.8977311012809348
0.4406438440843534,0.897682016457144
0.4407438540353485,0.897632917806643
0.44084386398634356,0.8975838053271629
0.44094387393733864,0.8975346790164336
0.44104388388833377,0.8974855388721837
0.44114389383932884,0.897436384892141
0.4412439037903239,0.8973872170740318
0.441343913741319,0.8973380354155814
0.44144392369231406,0.897288839914514
0.4415439336433091,0.8972396305685527
0.44164394359430426,0.8971904073754194
0.44174395354529933,0.8971411703328347
0.4418439634962944,0.8970919194385185
0.4419439734472895,0.897042654690189
0.44204398339828455,0.8969933760855635
0.4421439933492797,0.8969440836223583
0.44224400330027475,0.8968947772982886
0.4423440132512698,0.896845457111068
0.4424440232022649,0.8967961230584094
0.4425440331532601,0.8967467751380243
0.44264404310425515,0.8966974133476232
0.4427440530552502,0.8966480376849155
0.4428440630062453,0.8965986481476094
0.4429440729572404,0.8965492447334117
0.4430440829082355,0.8964998274400283
0.44314409285923057,0.896450396265164
0.44324410281022564,0.8964009512065224
0.4433441127612207,0.8963514922618058
0.44344412271221584,0.8963020194287153
0.4435441326632109,0.8962525327049514
0.443644142614206,0.8962030320882127
0.44374415256520106,0.8961535175761972
0.44384416251619613,0.8961039891666014
0.4439441724671912,0.8960544468571208
0.44404418241818633,0.8960048906454499
0.4441441923691814,0.8959553205292815
0.4442442023201765,0.8959057365063079
0.44434421227117155,0.89585613857422
0.4444442222221666,0.8958065267307073
0.44454423217316175,0.8957569009734584
0.4446442421241569,0.8957072613001607
0.444744252075152,0.8956576077085002
0.4448442620261471,0.8956079401961623
0.44494427197714215,0.8955582587608307
0.4450442819281372,0.895508563400188
0.4451442918791323,0.8954588541119162
0.44524430183012736,0.8954091308936951
0.4453443117811225,0.8953593937432043
0.44544432173211757,0.8953096426581217
0.44554433168311264,0.8952598776361245
0.4456443416341077,0.895210098674888
0.4457443515851028,0.8951603057720869
0.4458443615360979,0.8951104989253947
0.445944371487093,0.8950606781324837
0.44604438143808806,0.8950108433910247
0.44614439138908313,0.8949609946986877
0.4462444013400782,0.8949111320531414
0.4463444112910733,0.8948612554520534
0.4464444212420684,0.89481136489309
0.4465444311930635,0.8947614603739164
0.44664444114405866,0.8947115418921964
0.44674445109505373,0.8946616094455931
0.4468444610460488,0.8946116630317683
0.4469444709970439,0.8945617026483822
0.44704448094803895,0.8945117282930942
0.4471444908990341,0.8944617399635625
0.44724450085002915,0.894411737657444
0.4473445108010242,0.8943617213723943
0.4474445207520193,0.8943116911060683
0.44754453070301436,0.8942616468561193
0.44764454065400944,0.8942115886201994
0.44774455060500457,0.89416151639596
0.44784456055599964,0.8941114301810505
0.4479445705069947,0.8940613299731199
0.4480445804579898,0.8940112157698157
0.44814459040898486,0.893961087568784
0.44824460035998,0.8939109453676702
0.44834461031097506,0.893860789164118
0.44844462026197013,0.8938106189557704
0.4485446302129652,0.8937604347402688
0.4486446401639603,0.8937102365152536
0.44874465011495546,0.8936600242783641
0.44884466006595053,0.8936097980272382
0.4489446700169456,0.8935595577595127
0.44904467996794073,0.8935093034728232
0.4491446899189358,0.8934590351648043
0.4492446998699309,0.8934087528330891
0.44934470982092595,0.8933584564753098
0.449444719771921,0.8933081460890969
0.44954472972291615,0.8932578216720805
0.4496447396739112,0.8932074832218887
0.4497447496249063,0.893157130736149
0.44984475957590137,0.8931067642124874
0.44994476952689644,0.8930563836485287
0.4500447794778915,0.8930059890418967
0.45014478942888664,0.8929555803902136
0.4502447993798817,0.892905157691101
0.4503448093308768,0.892854720942179
0.45044481928187186,0.8928042701410661
0.45054482923286693,0.8927538052853803
0.45064483918386206,0.892703326372738
0.4507448491348572,0.8926528334007543
0.4508448590858523,0.8926023263670435
0.4509448690368474,0.8925518052692183
0.45104487898784246,0.8925012701048904
0.45114488893883753,0.8924507208716703
0.4512448988898326,0.8924001575671672
0.4513449088408277,0.892349580188989
0.4514449187918228,0.8922989887347427
0.4515449287428179,0.8922483832020339
0.45164493869381295,0.8921977635884669
0.451744948644808,0.892147129891645
0.4518449585958031,0.8920964821091701
0.4519449685467982,0.8920458202386431
0.4520449784977933,0.8919951442776634
0.45214498844878837,0.8919444542238295
0.45224499839978344,0.8918937500747384
0.4523450083507785,0.8918430318279861
0.4524450183017736,0.8917922994811671
0.4525450282527687,0.8917415530318752
0.4526450382037638,0.8916907924777026
0.45274504815475886,0.8916400178162401
0.45284505810575404,0.8915892290450778
0.4529450680567491,0.8915384261618042
0.4530450780077442,0.8914876091640068
0.45314508795873926,0.8914367780492717
0.4532450979097344,0.8913859328151837
0.45334510786072946,0.8913350734593268
0.45344511781172453,0.8912841999792834
0.4535451277627196,0.8912333123726348
0.4536451377137147,0.8911824106369609
0.45374514766470975,0.8911314947698408
0.4538451576157049,0.8910805647688519
0.45394516756669995,0.8910296206315707
0.454045177517695,0.8909786623555722
0.4541451874686901,0.8909276899384306
0.45424519741968516,0.8908767033777184
0.4543452073706803,0.890825702671007
0.45444521732167537,0.890774687815867
0.45454522727267044,0.890723658809867
0.4546452372236655,0.890672615650575
0.4547452471746606,0.8906215583355575
0.45484525712565577,0.8905704868623797
0.45494526707665084,0.890519401228606
0.4550452770276459,0.8904683014317989
0.45514528697864104,0.8904171874695201
0.4552452969296361,0.8903660593393301
0.4553453068806312,0.8903149170387878
0.45544531683162626,0.8902637605654515
0.45554532678262133,0.8902125899168775
0.45564533673361646,0.8901614050906214
0.45574534668461153,0.8901102060842372
0.4558453566356066,0.890058992895278
0.4559453665866017,0.8900077655212956
0.45604537653759675,0.8899565239598402
0.4561453864885918,0.8899052682084612
0.45624539643958695,0.8898539982647065
0.456345406390582,0.8898027141261228
0.4564454163415771,0.8897514157902556
0.45654542629257217,0.8897001032546493
0.45664543624356724,0.8896487765168467
0.45674544619456237,0.8895974355743895
0.45684545614555744,0.8895460804248184
0.4569454660965526,0.8894947110656726
0.4570454760475477,0.88944332749449
0.45714548599854277,0.8893919297088073
0.45724549594953784,0.8893405177061603
0.4573455059005329,0.889289091484083
0.457445515851528,0.8892376510401083
0.4575455258025231,0.8891861963717681
0.4576455357535182,0.8891347274765931
0.45774554570451326,0.8890832443521121
0.45784555565550833,0.8890317469958533
0.4579455656065034,0.8889802354053434
0.45804557555749853,0.8889287095781078
0.4581455855084936,0.8888771695116708
0.4582455954594887,0.8888256152035553
0.45834560541048375,0.8887740466512831
0.4584456153614788,0.8887224638523744
0.4585456253124739,0.8886708668043486
0.458645635263469,0.8886192555047234
0.4587456452144641,0.8885676299510156
0.45884565516545917,0.8885159901407405
0.45894566511645435,0.8884643360714122
0.4590456750674494,0.8884126677405437
0.4591456850184445,0.8883609851456464
0.45924569496943957,0.8883092882842306
0.4593457049204347,0.8882575771538056
0.45944571487142977,0.888205851751879
0.45954572482242484,0.8881541120759574
0.4596457347734199,0.8881023581235459
0.459745744724415,0.8880505898921486
0.45984575467541006,0.8879988073792682
0.4599457646264052,0.887947010582406
0.46004577457740026,0.8878951994990624
0.46014578452839533,0.8878433741267362
0.4602457944793904,0.8877915344629249
0.4603458044303855,0.887739680505125
0.4604458143813806,0.8876878122508314
0.4605458243323757,0.8876359296975379
0.46064583428337075,0.8875840328427373
0.4607458442343658,0.8875321216839205
0.4608458541853609,0.8874801962185777
0.46094586413635597,0.8874282564441973
0.46104587408735115,0.8873763023582669
0.4611458840383463,0.8873243339582726
0.46124589398934135,0.8872723512416992
0.4613459039403364,0.8872203542060303
0.4614459138913315,0.8871683428487481
0.46154592384232657,0.8871163171673336
0.46164593379332164,0.8870642771592665
0.46174594374431677,0.8870122228220253
0.46184595369531184,0.886960154153087
0.4619459636463069,0.8869080711499275
0.462045973597302,0.8868559738100213
0.46214598354829706,0.8868038621308418
0.4622459934992922,0.8867517361098608
0.46234600345028726,0.8866995957445492
0.46244601340128233,0.8866474410323761
0.4625460233522774,0.8865952719708099
0.4626460333032725,0.8865430885573172
0.46274604325426755,0.8864908907893637
0.4628460532052627,0.8864386786644134
0.46294606315625775,0.8863864521799293
0.46304607310725293,0.8863342113333731
0.463146083058248,0.8862819561222052
0.4632460930092431,0.8862296865438845
0.46334610296023815,0.8861774025958687
0.4634461129112332,0.8861251042756144
0.46354612286222835,0.8860727915805766
0.4636461328132234,0.8860204645082091
0.4637461427642185,0.8859681230559647
0.46384615271521357,0.8859157672212944
0.46394616266620864,0.8858633970016483
0.4640461726172037,0.8858110123944748
0.46414618256819884,0.8857586133972213
0.4642461925191939,0.885706200007334
0.464346202470189,0.8856537722222575
0.46444621242118406,0.8856013300394351
0.46454622237217913,0.885548873456309
0.46464623232317426,0.8854964024703199
0.46474624227416933,0.8854439170789075
0.4648462522251644,0.8853914172795097
0.4649462621761595,0.8853389030695635
0.46504627212715455,0.8852863744465045
0.46514628207814973,0.8852338314077667
0.4652462920291448,0.8851812739507833
0.4653463019801399,0.8851287020729858
0.465446311931135,0.8850761157718045
0.4655463218821301,0.8850235150446683
0.46564633183312515,0.8849708998890049
0.4657463417841202,0.8849182703022407
0.4658463517351153,0.8848656262818007
0.4659463616861104,0.8848129678251084
0.4660463716371055,0.8847602949295865
0.46614638158810057,0.884707607592656
0.46624639153909564,0.8846549058117364
0.4663464014900907,0.8846021895842465
0.4664464114410858,0.8845494589076031
0.4665464213920809,0.8844967137792219
0.466646431343076,0.8844439541965177
0.46674644129407106,0.8843911801569033
0.46684645124506613,0.8843383916577907
0.4669464611960612,0.8842855886965904
0.46704647114705633,0.8842327712707112
0.46714648109805146,0.8841799393775612
0.4672464910490466,0.8841270930145468
0.46734650100004166,0.8840742321790733
0.46744651095103673,0.8840213568685444
0.4675465209020318,0.8839684670803625
0.4676465308530269,0.8839155628119288
0.46774654080402195,0.8838626440606433
0.4678465507550171,0.8838097108239042
0.46794656070601215,0.8837567630991089
0.4680465706570072,0.8837038008836531
0.4681465806080023,0.8836508241749312
0.46824659055899737,0.8835978329703366
0.4683466005099925,0.8835448272672607
0.46844661046098757,0.8834918070630943
0.46854662041198264,0.8834387723552264
0.4686466303629777,0.8833857231410447
0.4687466403139728,0.8833326594179358
0.46884665026496786,0.8832795811832848
0.468946660215963,0.8832264884344753
0.46904667016695806,0.8831733811688897
0.46914668011795313,0.8831202593839091
0.4692466900689483,0.8830671230769133
0.4693467000199434,0.8830139722452807
0.46944670997093846,0.8829608068863881
0.46954671992193353,0.8829076269976114
0.46964672987292866,0.8828544325763248
0.46974673982392373,0.8828012236199013
0.4698467497749188,0.8827480001257124
0.4699467597259139,0.8826947620911286
0.47004676967690895,0.8826415095135187
0.470146779627904,0.8825882423902502
0.47024678957889915,0.8825349607186893
0.4703467995298942,0.882481664496201
0.4704468094808893,0.8824283537201487
0.47054681943188437,0.8823750283878945
0.47064682938287944,0.8823216884967993
0.47074683933387457,0.8822683340442222
0.47084684928486964,0.8822149650275217
0.4709468592358647,0.8821615814440542
0.4710468691868598,0.8821081832911751
0.47114687913785486,0.8820547705662385
0.47124688908885004,0.8820013432665967
0.4713468990398451,0.8819479013896013
0.4714469089908402,0.8818944449326022
0.4715469189418353,0.8818409738929475
0.4716469288928304,0.8817874882679848
0.47174693884382546,0.8817339880550595
0.47184694879482053,0.8816804732515164
0.4719469587458156,0.8816269438546983
0.47204696869681073,0.8815733998619469
0.4721469786478058,0.8815198412706027
0.4722469885988009,0.8814662680780042
0.47234699854979595,0.8814126802814893
0.472447008500791,0.8813590778783943
0.4725470184517861,0.8813054608660538
0.4726470284027812,0.881251829241801
0.4727470383537763,0.8811981830029685
0.47284704830477137,0.8811445221468867
0.47294705825576644,0.8810908466708848
0.4730470682067615,0.881037156572291
0.47314707815775664,0.8809834518484315
0.4732470881087517,0.8809297324966319
0.4733470980597469,0.8808759985142156
0.47344710801074197,0.8808222498985052
0.47354711796173704,0.8807684866468217
0.4736471279127321,0.8807147087564849
0.4737471378637272,0.8806609162248128
0.47384714781472226,0.8806071090491223
0.4739471577657174,0.8805532872267289
0.47404716771671246,0.8804994507549468
0.47414717766770753,0.8804455996310887
0.4742471876187026,0.8803917338524658
0.4743471975696977,0.8803378534163883
0.4744472075206928,0.8802839583201643
0.4745472174716879,0.8802300485611012
0.47464722742268295,0.8801761241365048
0.474747237373678,0.8801221850436795
0.4748472473246731,0.880068231279928
0.47494725727566817,0.880014262842552
0.4750472672266633,0.8799602797288518
0.47514727717765837,0.8799062819361262
0.47524728712865344,0.8798522694616723
0.4753472970796485,0.8797982423027864
0.4754473070306437,0.8797442004567627
0.47554731698163877,0.879690143920895
0.47564732693263384,0.8796360726924745
0.47574733688362897,0.8795819867687917
0.47584734683462404,0.8795278861471357
0.4759473567856191,0.8794737708247942
0.4760473667366142,0.8794196407990531
0.47614737668760926,0.8793654960671973
0.47624738663860433,0.8793113366265101
0.47634739658959946,0.8792571624742734
0.47644740654059453,0.879202973607768
0.4765474164915896,0.8791487700242726
0.4766474264425847,0.8790945517210653
0.47674743639357975,0.8790403186954223
0.4768474463445749,0.8789860709446184
0.47694745629556995,0.8789318084659272
0.477047466246565,0.8788775312566207
0.4771474761975601,0.8788232393139697
0.47724748614855517,0.8787689326352432
0.47734749609955024,0.8787146112177092
0.4774475060505454,0.878660275058634
0.4775475160015405,0.8786059241552827
0.4776475259525356,0.8785515585049188
0.4777475359035307,0.8784971781048045
0.47784754585452577,0.8784427829522006
0.47794755580552084,0.8783883730443661
0.4780475657565159,0.8783339483785593
0.47814757570751104,0.8782795089520362
0.4782475856585061,0.8782250547620524
0.4783475956095012,0.878170585805861
0.47844760556049626,0.8781161020807146
0.47854761551149133,0.8780616035838635
0.4786476254624864,0.8780070903125574
0.47874763541348153,0.8779525622640441
0.4788476453644766,0.87789801943557
0.4789476553154717,0.8778434618243802
0.47904766526646675,0.8777888894277184
0.4791476752174618,0.8777343022428266
0.47924768516845695,0.8776797002669456
0.479347695119452,0.8776250834973148
0.4794477050704471,0.8775704519311721
0.4795477150214423,0.8775158055657537
0.47964772497243735,0.8774611443982947
0.4797477349234324,0.8774064684260289
0.4798477448744275,0.8773517776461881
0.47994775482542257,0.8772970720560032
0.4800477647764177,0.8772423516527034
0.48014777472741277,0.8771876164335163
0.48024778467840784,0.8771328663956685
0.4803477946294029,0.8770781015363848
0.480447804580398,0.8770233218528888
0.4805478145313931,0.8769685273424023
0.4806478244823882,0.876913718002146
0.48074783443338326,0.8768588938293391
0.48084784438437833,0.8768040548211993
0.4809478543353734,0.8767492009749427
0.4810478642863685,0.8766943322877842
0.4811478742373636,0.8766394487569369
0.4812478841883587,0.8765845503796129
0.48134789413935375,0.8765296371530227
0.4814479040903488,0.876474709074375
0.481547914041344,0.8764197661408775
0.4816479239923391,0.8763648083497363
0.48174793394333415,0.8763098356981559
0.4818479438943293,0.8762548481833395
0.48194795384532435,0.8761998458024888
0.4820479637963194,0.8761448285528041
0.4821479737473145,0.8760897964314839
0.48224798369830957,0.8760347494357258
0.48234799364930464,0.8759796875627256
0.48244800360029977,0.8759246108096777
0.48254801355129484,0.8758695191737748
0.4826480235022899,0.8758144126522085
0.482748033453285,0.8757592912421689
0.48284804340428006,0.8757041549408444
0.4829480533552752,0.8756490037454221
0.48304806330627026,0.8755938376530876
0.48314807325726533,0.875538656661025
0.4832480832082604,0.8754834607664169
0.4833480931592555,0.8754282499664445
0.48344810311025055,0.8753730242582876
0.4835481130612457,0.8753177836391243
0.4836481230122408,0.8752625281061314
0.48374813296323593,0.8752072576564842
0.483848142914231,0.8751519722873564
0.4839481528652261,0.8750966719959206
0.48404816281622115,0.8750413567793474
0.4841481727672162,0.8749860266348062
0.48424818271821135,0.874930681559465
0.4843481926692064,0.87487532155049
0.4844482026202015,0.8748199466050464
0.48454821257119657,0.8747645567202974
0.48464822252219164,0.8747091518934053
0.4847482324731867,0.8746537321215301
0.48484824242418184,0.8745982974018311
0.4849482523751769,0.8745428477314657
0.485048262326172,0.8744873831075901
0.48514827227716706,0.8744319035273587
0.48524828222816213,0.8743764089879243
0.48534829217915726,0.8743208994864388
0.48544830213015233,0.8742653750200521
0.4855483120811474,0.8742098355859128
0.4856483220321426,0.8741542811811679
0.48574833198313766,0.8740987118029631
0.48584834193413273,0.8740431274484424
0.4859483518851278,0.8739875281147483
0.4860483618361229,0.8739319137990221
0.486148371787118,0.8738762844984032
0.4862483817381131,0.8738206402100298
0.48634839168910815,0.8737649809310384
0.4864484016401032,0.873709306658564
0.4865484115910983,0.8736536173897406
0.4866484215420934,0.8735979131216998
0.4867484314930885,0.8735421938515724
0.48684844144408357,0.8734864595764875
0.48694845139507864,0.8734307102935726
0.4870484613460737,0.8733749459999538
0.4871484712970688,0.8733191666927556
0.4872484812480639,0.873263372369101
0.487348491199059,0.8732075630261117
0.48744850115005406,0.8731517386609076
0.48754851110104913,0.8730958992706072
0.4876485210520442,0.8730400448523274
0.4877485310030394,0.872984175403184
0.48784854095403446,0.8729282909202908
0.4879485509050296,0.8728723914007601
0.48804856085602466,0.872816476841703
0.48814857080701973,0.872760547240229
0.4882485807580148,0.8727046025934458
0.4883485907090099,0.87264864289846
0.48844860066000495,0.8725926681523762
0.4885486106110001,0.8725366783522979
0.48864862056199515,0.872480673495327
0.4887486305129902,0.8724246535785636
0.4888486404639853,0.8723686185991064
0.48894865041498037,0.8723125685540529
0.4890486603659755,0.8722565034404988
0.48914867031697057,0.872200423255538
0.48924868026796564,0.8721443279962634
0.4893486902189607,0.8720882176597661
0.4894487001699558,0.8720320922431357
0.48954871012095086,0.8719759517434602
0.489648720071946,0.8719197961578261
0.4897487300229411,0.8718636254833185
0.48984873997393624,0.8718074397170209
0.4899487499249313,0.8717512388560151
0.4900487598759264,0.8716950228973815
0.49014876982692146,0.8716387918381991
0.49024877977791653,0.8715825456755453
0.49034878972891166,0.8715262844064954
0.49044879967990673,0.8714700080281241
0.4905488096309018,0.871413716537504
0.4906488195818969,0.8713574099317061
0.49074882953289195,0.8713010882078001
0.490848839483887,0.871244751362854
0.49094884943488215,0.8711883993939344
0.4910488593858772,0.8711320322981063
0.4911488693368723,0.8710756500724331
0.49124887928786737,0.8710192527139767
0.49134888923886244,0.8709628402197973
0.49144889918985757,0.8709064125869537
0.49154890914085264,0.8708499698125032
0.4916489190918477,0.8707935118935015
0.4917489290428428,0.8707370388270026
0.49184893899383797,0.8706805506100591
0.49194894894483304,0.8706240472397222
0.4920489588958281,0.8705675287130411
0.4921489688468232,0.8705109950270637
0.4922489787978183,0.8704544461788365
0.4923489887488134,0.8703978821654041
0.49244899869980846,0.87034130298381
0.49254900865080353,0.8702847086310954
0.4926490186017986,0.8702280991043008
0.49274902855279373,0.8701714744004644
0.4928490385037888,0.8701148345166234
0.4929490484547839,0.870058179449813
0.49304905840577895,0.8700015091970673
0.493149068356774,0.8699448237554183
0.4932490783077691,0.8698881231218968
0.4933490882587642,0.8698314072935318
0.4934490982097593,0.869774676267351
0.49354910816075437,0.8697179300403804
0.49364911811174944,0.8696611686096443
0.4937491280627445,0.8696043919721654
0.4938491380137397,0.8695476001249651
0.49394914796473477,0.8694907930650632
0.4940491579157299,0.8694339707894776
0.49414916786672497,0.8693771332952249
0.49424917781772004,0.8693202805793201
0.4943491877687151,0.8692634126387764
0.4944491977197102,0.8692065294706057
0.49454920767070526,0.8691496310718182
0.4946492176217004,0.8690927174394224
0.49474922757269546,0.8690357885704254
0.49484923752369053,0.8689788444618327
0.4949492474746856,0.8689218851106482
0.4950492574256807,0.8688649105138739
0.4951492673766758,0.8688079206685108
0.4952492773276709,0.8687509155715577
0.49534928727866595,0.8686938952200123
0.495449297229661,0.8686368596108704
0.4955493071806561,0.8685798087411264
0.49564931713165117,0.868522742607773
0.4957493270826463,0.8684656612078012
0.49584933703364137,0.8684085645382007
0.49594934698463655,0.8683514525959593
0.4960493569356316,0.8682943253780634
0.4961493668866267,0.8682371828814978
0.49624937683762177,0.8681800251032455
0.49634938678861684,0.8681228520402882
0.49644939673961197,0.8680656636896056
0.49654940669060704,0.8680084600481761
0.4966494166416021,0.8679512411129765
0.4967494265925972,0.867894006880982
0.49684943654359226,0.8678367573491658
0.49694944649458733,0.8677794925145
0.49704945644558246,0.867722212373955
0.49714946639657753,0.8676649169244992
0.4972494763475726,0.8676076061631
0.4973494862985677,0.8675502800867226
0.49744949624956275,0.8674929386923309
0.4975495062005579,0.8674355819768872
0.49764951615155295,0.867378209937352
0.497749526102548,0.8673208225706845
0.4978495360535431,0.8672634198738419
0.4979495460045383,0.86720600184378
0.49804955595553335,0.867148568477453
0.4981495659065284,0.8670911197718134
0.4982495758575235,0.8670336557238121
0.4983495858085186,0.8669761763303984
0.4984495957595137,0.8669186815885198
0.49854960571050877,0.8668611714951225
0.49864961566150384,0.8668036460471509
0.4987496256124989,0.8667461052415477
0.49884963556349404,0.8666885490752542
0.4989496455144891,0.8666309775452097
0.4990496554654842,0.8665733906483521
0.49914966541647926,0.8665157883816179
0.49924967536747433,0.8664581707419415
0.4993496853184694,0.866400537726256
0.49944969526946453,0.8663428893314927
0.4995497052204596,0.8662852255545813
0.4996497151714547,0.86622754639245
0.49974972512244975,0.8661698518420252
0.4998497350734448,0.8661121419002317
0.49994974502443995,0.8660544165639925
0.5000497549754351,0.8659966758302293
0.5001497649264302,0.8659389196958621
0.5002497748774253,0.8658811481578088
0.5003497848284203,0.8658233612129863
0.5004497947794154,0.8657655588583095
0.5005498047304106,0.8657077410906916
0.5006498146814056,0.8656499079070443
0.5007498246324007,0.8655920593042775
0.5008498345833957,0.8655341952792999
0.5009498445343908,0.8654763158290177
0.501049854485386,0.8654184209503364
0.501149864436381,0.8653605106401592
0.5012498743873761,0.8653025848953877
0.5013498843383711,0.8652446437129223
0.5014498942893663,0.8651866870896613
0.5015499042403614,0.8651287150225013
0.5016499141913564,0.8650707275083378
0.5017499241423515,0.8650127245440639
0.5018499340933466,0.8649547061265715
0.5019499440443417,0.8648966722527509
0.5020499539953368,0.8648386229194902
0.5021499639463319,0.8647805581236766
0.5022499738973271,0.864722477862195
0.5023499838483221,0.864664382131929
0.5024499937993172,0.8646062709297603
0.5025500037503122,0.8645481442525692
0.5026500137013074,0.8644900020972339
0.5027500236523024,0.8644318444606315
0.5028500336032975,0.8643736713396368
0.5029500435542926,0.8643154827311236
0.5030500535052876,0.8642572786319634
0.5031500634562828,0.8641990590390264
0.5032500734072778,0.864140823949181
0.5033500833582729,0.864082573359294
0.503450093309268,0.8640243072662305
0.5035501032602631,0.8639660256668537
0.5036501132112582,0.8639077285580253
0.5037501231622532,0.8638494159366057
0.5038501331132483,0.8637910877994528
0.5039501430642435,0.8637327441434234
0.5040501530152385,0.8636743849653726
0.5041501629662337,0.8636160102621534
0.5042501729172287,0.8635576200306179
0.5043501828682239,0.8634992142676153
0.5044501928192189,0.8634407929699945
0.504550202770214,0.8633823561346016
0.5046502127212091,0.8633239037582814
0.5047502226722042,0.8632654358378773
0.5048502326231993,0.8632069523702306
0.5049502425741943,0.863148453352181
0.5050502525251894,0.8630899387805667
0.5051502624761844,0.8630314086522239
0.5052502724271796,0.8629728629639873
0.5053502823781747,0.8629143017126899
0.5054502923291697,0.8628557248951628
0.5055503022801648,0.8627971325082356
0.5056503122311599,0.8627385245487363
0.505750322182155,0.8626799010134909
0.5058503321331501,0.8626212618993238
0.5059503420841451,0.8625626072030578
0.5060503520351403,0.8625039369215137
0.5061503619861354,0.8624452510515112
0.5062503719371305,0.8623865495898675
0.5063503818881255,0.8623278325333987
0.5064503918391207,0.862269099878919
0.5065504017901158,0.8622103516232407
0.5066504117411108,0.8621515877631746
0.5067504216921059,0.8620928082955296
0.506850431643101,0.8620340132171133
0.5069504415940961,0.861975202524731
0.5070504515450912,0.8619163762151867
0.5071504614960862,0.8618575342852824
0.5072504714470814,0.8617986767318186
0.5073504813980764,0.8617398035515942
0.5074504913490715,0.8616809147414058
0.5075505013000665,0.861622010298049
0.5076505112510616,0.861563090218317
0.5077505212020568,0.8615041544990016
0.5078505311530518,0.8614452031368932
0.5079505411040469,0.8613862361287798
0.5080505510550419,0.8613272534714481
0.5081505610060371,0.8612682551616829
0.5082505709570322,0.8612092411962675
0.5083505809080273,0.861150211571983
0.5084505908590224,0.8610911662856093
0.5085506008100175,0.8610321053339244
0.5086506107610126,0.8609730287137042
0.5087506207120076,0.8609139364217233
0.5088506306630027,0.8608548284547543
0.5089506406139979,0.8607957048095681
0.5090506505649929,0.8607365654829342
0.509150660515988,0.8606774104716198
0.509250670466983,0.8606182397723908
0.5093506804179782,0.8605590533820109
0.5094506903689733,0.8604998512972425
0.5095507003199683,0.8604406335148461
0.5096507102709634,0.8603814000315805
0.5097507202219584,0.8603221508442025
0.5098507301729536,0.8602628859494672
0.5099507401239486,0.8602036053441284
0.5100507500749437,0.8601443090249375
0.5101507600259388,0.8600849969886447
0.5102507699769339,0.8600256692319981
0.5103507799279291,0.8599663257517438
0.5104507898789241,0.8599069665446271
0.5105507998299192,0.8598475916073904
0.5106508097809143,0.8597882009367752
0.5107508197319094,0.8597287945295206
0.5108508296829045,0.8596693723823643
0.5109508396338995,0.8596099344920421
0.5110508495848947,0.8595504808552883
0.5111508595358897,0.8594910114688351
0.5112508694868848,0.8594315263294129
0.5113508794378799,0.8593720254337506
0.511450889388875,0.8593125087785751
0.5115508993398701,0.8592529763606118
0.5116509092908651,0.8591934281765841
0.5117509192418602,0.8591338642232135
0.5118509291928554,0.85907428449722
0.5119509391438504,0.8590146889953219
0.5120509490948455,0.8589550777142353
0.5121509590458405,0.8588954506506749
0.5122509689968356,0.8588358078013533
0.5123509789478308,0.8587761491629815
0.5124509888988259,0.858716474732269
0.5125509988498209,0.8586567845059229
0.512651008800816,0.8585970784806489
0.5127510187518112,0.858537356653151
0.5128510287028062,0.8584776190201312
0.5129510386538013,0.8584178655782896
0.5130510486047963,0.8583580963243249
0.5131510585557915,0.8582983112549335
0.5132510685067866,0.8582385103668105
0.5133510784577816,0.8581786936566489
0.5134510884087767,0.8581188611211401
0.5135510983597718,0.8580590127569735
0.5136511083107669,0.8579991485608368
0.513751118261762,0.8579392685294158
0.513851128212757,0.8578793726593948
0.5139511381637522,0.8578194609474559
0.5140511481147472,0.8577595333902797
0.5141511580657423,0.8576995899845447
0.5142511680167374,0.8576396307269278
0.5143511779677324,0.8575796556141045
0.5144511879187277,0.8575196646427474
0.5145511978697227,0.8574596578095284
0.5146512078207178,0.8573996351111168
0.5147512177717128,0.8573395965441808
0.514851227722708,0.857279542105386
0.514951237673703,0.8572194717913968
0.5150512476246981,0.8571593855988756
0.5151512575756932,0.8570992835244828
0.5152512675266883,0.8570391655648772
0.5153512774776834,0.8569790317167157
0.5154512874286784,0.8569188819766536
0.5155512973796735,0.8568587163413438
0.5156513073306687,0.8567985348074378
0.5157513172816637,0.8567383373715856
0.5158513272326588,0.8566781240304344
0.5159513371836538,0.8566178947806307
0.516051347134649,0.8565576496188182
0.5161513570856441,0.8564973885416394
0.5162513670366391,0.8564371115457348
0.5163513769876342,0.856376818627743
0.5164513869386294,0.8563165097843005
0.5165513968896245,0.8562561850120428
0.5166514068406195,0.8561958443076028
0.5167514167916146,0.8561354876676115
0.5168514267426098,0.8560751150886987
0.5169514366936048,0.8560147265674919
0.5170514466445999,0.8559543221006168
0.5171514565955949,0.8558939016846974
0.51725146654659,0.8558334653163557
0.5173514764975851,0.8557730129922121
0.5174514864485802,0.8557125447088846
0.5175514963995753,0.85565206046299
0.5176515063505703,0.8555915602511431
0.5177515163015655,0.8555310440699564
0.5178515262525605,0.8554705119160413
0.5179515362035556,0.8554099637860064
0.5180515461545507,0.8553493996764593
0.5181515561055458,0.8552888195840055
0.5182515660565409,0.8552282235052483
0.5183515760075359,0.8551676114367894
0.518451585958531,0.8551069833752288
0.5185515959095262,0.8550463393171644
0.5186516058605213,0.8549856792591923
0.5187516158115164,0.8549250031979068
0.5188516257625114,0.8548643111299002
0.5189516357135066,0.8548036030517631
0.5190516456645016,0.8547428789600839
0.5191516556154967,0.8546821388514497
0.5192516655664918,0.8546213827224453
0.5193516755174868,0.8545606105696536
0.519451685468482,0.8544998223896558
0.519551695419477,0.8544390181790313
0.5196517053704721,0.8543781979343574
0.5197517153214671,0.8543173616522097
0.5198517252724623,0.8542565093291619
0.5199517352234574,0.8541956409617856
0.5200517451744524,0.8541347565466508
0.5201517551254475,0.8540738560803255
0.5202517650764426,0.8540129395593758
0.5203517750274377,0.8539520069803659
0.5204517849784328,0.8538910583398582
0.5205517949294279,0.8538300936344132
0.5206518048804231,0.8537691128605894
0.5207518148314181,0.8537081160149437
0.5208518247824132,0.8536471030940305
0.5209518347334082,0.8535860740944031
0.5210518446844034,0.8535250290126122
0.5211518546353985,0.853463967845207
0.5212518645863935,0.8534028905887349
0.5213518745373886,0.8533417972397409
0.5214518844883836,0.8532806877947686
0.5215518944393788,0.8532195622503594
0.5216519043903739,0.8531584206030531
0.5217519143413689,0.8530972628493875
0.521851924292364,0.8530360889858979
0.5219519342433591,0.8529748990091186
0.5220519441943542,0.8529136929155815
0.5221519541453492,0.8528524707018167
0.5222519640963443,0.8527912323643523
0.5223519740473395,0.8527299778997145
0.5224519839983345,0.8526687073044279
0.5225519939493296,0.8526074205750146
0.5226520039003247,0.8525461177079954
0.5227520138513199,0.8524847986998885
0.5228520238023149,0.8524234635472111
0.52295203375331,0.8523621122464776
0.5230520437043051,0.8523007447942009
0.5231520536553002,0.8522393611868921
0.5232520636062953,0.8521779614210598
0.5233520735572903,0.8521165454932116
0.5234520835082854,0.8520551133998522
0.5235520934592806,0.8519936651374849
0.5236521034102756,0.8519322007026111
0.5237521133612707,0.85187072009173
0.5238521233122657,0.8518092233013392
0.5239521332632608,0.851747710327934
0.524052143214256,0.851686181168008
0.524152153165251,0.8516246358180529
0.5242521631162461,0.8515630742745582
0.5243521730672411,0.851501496534012
0.5244521830182363,0.8514399025928996
0.5245521929692313,0.8513782924477052
0.5246522029202265,0.8513166660949106
0.5247522128712215,0.8512550235309958
0.5248522228222167,0.8511933647524388
0.5249522327732118,0.8511316897557155
0.5250522427242068,0.8510699985373005
0.5251522526752019,0.8510082910936655
0.525252262626197,0.8509465674212809
0.5253522725771921,0.850884827516615
0.5254522825281872,0.8508230713761341
0.5255522924791822,0.8507612989963025
0.5256523024301774,0.8506995103735827
0.5257523123811724,0.8506377055044352
0.5258523223321675,0.8505758843853182
0.5259523322831626,0.8505140470126884
0.5260523422341576,0.8504521933830006
0.5261523521851528,0.850390323492707
0.5262523621361478,0.8503284373382586
0.5263523720871429,0.8502665349161037
0.526452382038138,0.8502046162226893
0.5265523919891331,0.85014268125446
0.5266524019401282,0.8500807300078586
0.5267524118911233,0.8500187624793257
0.5268524218421184,0.8499567786653004
0.5269524317931135,0.8498947785622195
0.5270524417441086,0.8498327621665176
0.5271524516951037,0.849770729474628
0.5272524616460987,0.8497086804829813
0.5273524715970939,0.8496466151880064
0.5274524815480889,0.8495845335861305
0.527552491499084,0.8495224356737783
0.527652501450079,0.849460321447373
0.5277525114010742,0.8493981909033355
0.5278525213520693,0.8493360440380846
0.5279525313030643,0.8492738808480377
0.5280525412540594,0.8492117013296094
0.5281525512050544,0.8491495054792132
0.5282525611560496,0.8490872932932597
0.5283525711070447,0.8490250647681583
0.5284525810580397,0.8489628199003157
0.5285525910090348,0.8489005586861372
0.5286526009600299,0.848838281122026
0.5287526109110251,0.8487759872043825
0.5288526208620201,0.8487136769296064
0.5289526308130152,0.8486513502940946
0.5290526407640104,0.8485890072942419
0.5291526507150054,0.8485266479264417
0.5292526606660005,0.8484642721870846
0.5293526706169955,0.8484018800725601
0.5294526805679907,0.8483394715792548
0.5295526905189858,0.8482770467035539
0.5296527004699808,0.8482146054418404
0.5297527104209759,0.848152147790495
0.529852720371971,0.8480896737458969
0.5299527303229661,0.8480271833044231
0.5300527402739611,0.8479646764624484
0.5301527502249562,0.8479021532163455
0.5302527601759514,0.8478396135624857
0.5303527701269464,0.8477770574972375
0.5304527800779415,0.8477144850169678
0.5305527900289365,0.8476518961180416
0.5306527999799316,0.8475892907968214
0.5307528099309268,0.847526669049668
0.5308528198819219,0.8474640308729402
0.530952829832917,0.8474013762629947
0.531052839783912,0.847338705216186
0.5311528497349072,0.8472760177288668
0.5312528596859022,0.8472133137973877
0.5313528696368973,0.8471505934180973
0.5314528795878924,0.8470878565873419
0.5315528895388875,0.8470251033014661
0.5316528994898826,0.8469623335568122
0.5317529094408776,0.8468995473497207
0.5318529193918727,0.8468367446765298
0.5319529293428679,0.8467739255335758
0.5320529392938629,0.846711089917193
0.532152949244858,0.8466482378237137
0.532252959195853,0.8465853692494678
0.5323529691468482,0.8465224841907834
0.5324529790978432,0.8464595826439865
0.5325529890488383,0.8463966646054012
0.5326529989998334,0.8463337300713493
0.5327530089508284,0.8462707790381507
0.5328530189018237,0.8462078115021231
0.5329530288528187,0.8461448274595825
0.5330530388038138,0.8460818269068422
0.5331530487548088,0.8460188098402142
0.533253058705804,0.8459557762560076
0.5333530686567991,0.8458927261505301
0.5334530786077941,0.8458296595200873
0.5335530885587892,0.845766576360982
0.5336530985097843,0.8457034766695158
0.5337531084607794,0.8456403604419881
0.5338531184117745,0.8455772276746955
0.5339531283627695,0.8455140783639334
0.5340531383137647,0.8454509125059946
0.5341531482647597,0.84538773009717
0.5342531582157548,0.8453245311337485
0.5343531681667499,0.8452613156120166
0.534453178117745,0.845198083528259
0.5345531880687401,0.8451348348787584
0.5346531980197351,0.8450715696597951
0.5347532079707302,0.8450082878676475
0.5348532179217252,0.8449449894985919
0.5349532278727205,0.8448816745489023
0.5350532378237155,0.844818343014851
0.5351532477747106,0.844754994892708
0.5352532577257058,0.8446916301787412
0.5353532676767008,0.8446282488692163
0.5354532776276959,0.844564850960397
0.5355532875786909,0.844501436448545
0.535653297529686,0.8444380053299199
0.5357533074806812,0.8443745576007787
0.5358533174316762,0.8443110932573771
0.5359533273826713,0.844247612295968
0.5360533373336663,0.8441841147128027
0.5361533472846615,0.8441206005041302
0.5362533572356566,0.844057069666197
0.5363533671866516,0.8439935221952481
0.5364533771376467,0.8439299580875262
0.5365533870886418,0.8438663773392717
0.5366533970396369,0.843802779946723
0.536753406990632,0.8437391659061163
0.536853416941627,0.843675535213686
0.5369534268926223,0.8436118878656638
0.5370534368436173,0.84354822385828
0.5371534467946124,0.843484543187762
0.5372534567456074,0.8434208458503357
0.5373534666966026,0.8433571318422245
0.5374534766475976,0.8432934011596499
0.5375534865985927,0.8432296537988312
0.5376534965495878,0.8431658897559853
0.5377535065005828,0.8431021090273275
0.537853516451578,0.8430383116090705
0.537953526402573,0.842974497497425
0.5380535363535681,0.8429106666885996
0.5381535463045632,0.8428468191788009
0.5382535562555583,0.842782954964233
0.5383535662065534,0.8427190740410982
0.5384535761575484,0.8426551764055967
0.5385535861085435,0.8425912620539259
0.5386535960595387,0.8425273309822817
0.5387536060105337,0.842463383186858
0.5388536159615288,0.8423994186638457
0.5389536259125238,0.8423354374094344
0.5390536358635191,0.8422714394198112
0.5391536458145141,0.8422074246911609
0.5392536557655092,0.8421433932196664
0.5393536657165043,0.8420793450015083
0.5394536756674994,0.8420152800328652
0.5395536856184945,0.8419511983099133
0.5396536955694895,0.8418870998288266
0.5397537055204846,0.8418229845857774
0.5398537154714796,0.8417588525769354
0.5399537254224748,0.8416947037984679
0.5400537353734699,0.8416305382465409
0.5401537453244649,0.8415663559173175
0.54025375527546,0.8415021568069587
0.5403537652264551,0.8414379409116236
0.5404537751774502,0.8413737082274689
0.5405537851284453,0.8413094587506493
0.5406537950794403,0.8412451924773172
0.5407538050304355,0.8411809094036228
0.5408538149814305,0.8411166095257141
0.5409538249324256,0.8410522928397369
0.5410538348834207,0.840987959341835
0.5411538448344159,0.84092360902815
0.541253854785411,0.8408592418948211
0.541353864736406,0.8407948579379854
0.5414538746874011,0.8407304571537777
0.5415538846383962,0.840666039538331
0.5416538945893913,0.8406016050877756
0.5417539045403864,0.8405371537982398
0.5418539144913814,0.8404726856658501
0.5419539244423766,0.8404082006867298
0.5420539343933716,0.8403436988570012
0.5421539443443667,0.8402791801727836
0.5422539542953617,0.8402146446301944
0.5423539642463568,0.8401500922253484
0.542453974197352,0.8400855229543589
0.542553984148347,0.8400209368133364
0.5426539940993421,0.8399563337983893
0.5427540040503371,0.8398917139056241
0.5428540140013323,0.8398270771311445
0.5429540239523274,0.8397624234710526
0.5430540339033224,0.839697752921448
0.5431540438543176,0.8396330654784279
0.5432540538053127,0.8395683611380877
0.5433540637563078,0.8395036398965202
0.5434540737073028,0.8394389017498162
0.5435540836582979,0.839374146694064
0.5436540936092931,0.83930937472535
0.5437541035602881,0.8392445858397584
0.5438541135112832,0.8391797800333706
0.5439541234622782,0.8391149573022665
0.5440541334132734,0.8390501176425234
0.5441541433642685,0.838985261050216
0.5442541533152635,0.8389203875214177
0.5443541632662586,0.8388554970521988
0.5444541732172536,0.8387905896386277
0.5445541831682488,0.8387256652767705
0.5446541931192438,0.8386607239626913
0.5447542030702389,0.8385957656924514
0.544854213021234,0.8385307904621104
0.5449542229722291,0.8384657982677255
0.5450542329232242,0.8384007891053512
0.5451542428742192,0.8383357629710406
0.5452542528252144,0.8382707198608437
0.5453542627762095,0.8382056597708089
0.5454542727272046,0.8381405826969819
0.5455542826781997,0.8380754886354062
0.5456542926291947,0.8380103775821235
0.5457543025801899,0.8379452495331724
0.5458543125311849,0.83788010448459
0.54595432248218,0.8378149424324107
0.5460543324331751,0.8377497633726669
0.5461543423841702,0.8376845673013885
0.5462543523351653,0.8376193542146033
0.5463543622861603,0.8375541241083367
0.5464543722371554,0.8374888769786119
0.5465543821881506,0.8374236128214495
0.5466543921391456,0.8373583316328687
0.5467544020901407,0.8372930334088854
0.5468544120411357,0.8372277181455137
0.5469544219921308,0.8371623858387655
0.5470544319431259,0.8370970364846502
0.547154441894121,0.8370316700791751
0.5472544518451161,0.8369662866183449
0.5473544617961112,0.8369008860981624
0.5474544717471064,0.8368354685146279
0.5475544816981014,0.8367700338637394
0.5476544916490965,0.8367045821414926
0.5477545016000915,0.836639113343881
0.5478545115510867,0.8365736274668956
0.5479545215020818,0.8365081245065253
0.5480545314530768,0.836442604458757
0.5481545414040719,0.8363770673195743
0.548254551355067,0.8363115130849594
0.5483545613060621,0.836245941750892
0.5484545712570572,0.8361803533133493
0.5485545812080522,0.8361147477683063
0.5486545911590474,0.8360491251117357
0.5487546011100424,0.8359834853396078
0.5488546110610375,0.8359178284478908
0.5489546210120326,0.8358521544325501
0.5490546309630276,0.8357864632895495
0.5491546409140228,0.8357207550148499
0.5492546508650178,0.8356550296044101
0.549354660816013,0.8355892870541862
0.549454670767008,0.8355235273601329
0.5495546807180032,0.8354577505182016
0.5496546906689982,0.8353919565243418
0.5497547006199933,0.8353261453745007
0.5498547105709884,0.835260317064623
0.5499547205219835,0.8351944715906512
0.5500547304729786,0.8351286089485253
0.5501547404239736,0.8350627291341831
0.5502547503749687,0.8349968321435602
0.5503547603259639,0.8349309179725894
0.5504547702769589,0.8348649866172018
0.550554780227954,0.8347990380733253
0.550654790178949,0.8347330723368863
0.5507548001299442,0.8346670894038085
0.5508548100809393,0.834601089270013
0.5509548200319343,0.8345350719314191
0.5510548299829294,0.8344690373839432
0.5511548399339244,0.8344029856234996
0.5512548498849196,0.8343369166460003
0.5513548598359147,0.8342708304473547
0.5514548697869098,0.8342047270234701
0.551554879737905,0.8341386063702514
0.5516548896889,0.8340724684836011
0.5517548996398951,0.8340063133594189
0.5518549095908901,0.833940140993603
0.5519549195418852,0.8338739513820486
0.5520549294928803,0.8338077445206484
0.5521549394438754,0.8337415204052934
0.5522549493948705,0.8336752790318717
0.5523549593458655,0.833609020396269
0.5524549692968607,0.8335427444943688
0.5525549792478557,0.8334764513220525
0.5526549891988508,0.8334101408751984
0.5527549991498459,0.833343813149683
0.552855009100841,0.8332774681413803
0.5529550190518361,0.8332111058461616
0.5530550290028311,0.8331447262598963
0.5531550389538262,0.833078329378451
0.5532550489048214,0.8330119151976902
0.5533550588558164,0.8329454837134757
0.5534550688068116,0.832879034921667
0.5535550787578066,0.8328125688181216
0.5536550887088018,0.832746085398694
0.5537550986597968,0.8326795846592365
0.5538551086107919,0.8326130665955993
0.553955118561787,0.8325465312036298
0.554055128512782,0.8324799784791731
0.5541551384637772,0.832413408418072
0.5542551484147722,0.8323468210161669
0.5543551583657673,0.8322802162692954
0.5544551683167623,0.8322135941732932
0.5545551782677575,0.8321469547239932
0.5546551882187526,0.8320802979172264
0.5547551981697476,0.8320136237488206
0.5548552081207427,0.8319469322146018
0.5549552180717378,0.8318802233103935
0.5550552280227329,0.8318134970320161
0.555155237973728,0.8317467533752888
0.555255247924723,0.8316799923360273
0.5553552578757182,0.8316132139100452
0.5554552678267133,0.8315464180931538
0.5555552777777084,0.831479604881162
0.5556552877287034,0.831412774269876
0.5557552976796986,0.8313459262550997
0.5558553076306937,0.8312790608326345
0.5559553175816887,0.8312121779982796
0.5560553275326838,0.8311452777478313
0.5561553374836788,0.831078360077084
0.556255347434674,0.831011424981829
0.5563553573856691,0.8309444724578559
0.5564553673366641,0.8308775025009512
0.5565553772876592,0.8308105151068992
0.5566553872386543,0.830743510271482
0.5567553971896494,0.8306764879904787
0.5568554071406444,0.8306094482596663
0.5569554170916395,0.8305423910748192
0.5570554270426347,0.8304753164317095
0.5571554369936297,0.8304082243261067
0.5572554469446248,0.8303411147537779
0.5573554568956198,0.8302739877104877
0.557455466846615,0.8302068431919979
0.5575554767976101,0.8301396811940686
0.5576554867486052,0.8300725017124566
0.5577554966996003,0.8300053047429168
0.5578555066505954,0.8299380902812014
0.5579555166015905,0.82987085832306
0.5580555265525855,0.8298036088642399
0.5581555365035806,0.8297363419004858
0.5582555464545758,0.8296690574275403
0.5583555564055708,0.8296017554411427
0.5584555663565659,0.8295344359370304
0.5585555763075609,0.8294670989109385
0.558655586258556,0.8293997443585989
0.5587555962095512,0.8293323722757414
0.5588556061605462,0.8292649826580937
0.5589556161115413,0.8291975755013803
0.5590556260625363,0.8291301508013236
0.5591556360135315,0.8290627085536432
0.5592556459645265,0.8289952487540566
0.5593556559155216,0.8289277713982784
0.5594556658665167,0.8288602764820211
0.5595556758175119,0.8287927640009941
0.559655685768507,0.828725233950905
0.559755695719502,0.8286576863274583
0.5598557056704971,0.8285901211263562
0.5599557156214922,0.8285225383432985
0.5600557255724873,0.8284549379739823
0.5601557355234824,0.8283873200141021
0.5602557454744774,0.8283196844593502
0.5603557554254726,0.8282520313054161
0.5604557653764676,0.8281843605479868
0.5605557753274627,0.8281166721827469
0.5606557852784578,0.8280489662053783
0.5607557952294528,0.8279812426115606
0.560855805180448,0.8279135013969704
0.560955815131443,0.8278457425572825
0.5610558250824381,0.8277779660881682
0.5611558350334332,0.8277101719852972
0.5612558449844283,0.8276423602443361
0.5613558549354234,0.827574530860949
0.5614558648864184,0.8275066838307977
0.5615558748374135,0.8274388191495412
0.5616558847884087,0.827370936812836
0.5617558947394038,0.8273030368163361
0.5618559046903988,0.8272351191556929
0.5619559146413939,0.8271671838265553
0.5620559245923891,0.8270992308245696
0.5621559345433841,0.8270312601453796
0.5622559444943792,0.8269632717846263
0.5623559544453742,0.8268952657379484
0.5624559643963694,0.8268272420009818
0.5625559743473645,0.82675920056936
0.5626559842983595,0.8266911414387142
0.5627559942493546,0.8266230646046724
0.5628560042003496,0.8265549700628603
0.5629560141513448,0.8264868578089012
0.5630560241023399,0.8264187278384156
0.5631560340533349,0.8263505801470216
0.56325604400433,0.8262824147303343
0.5633560539553251,0.8262142315839669
0.5634560639063202,0.8261460307035293
0.5635560738573153,0.8260778120846294
0.5636560838083104,0.8260095757228719
0.5637560937593056,0.8259413216138596
0.5638561037103006,0.8258730497531922
0.5639561136612957,0.825804760136467
0.5640561236122907,0.8257364527592785
0.5641561335632859,0.8256681276172189
0.5642561435142809,0.8255997847058775
0.564356153465276,0.8255314240208411
0.5644561634162711,0.8254630455576941
0.5645561733672662,0.8253946493120181
0.5646561833182613,0.8253262352793919
0.5647561932692563,0.825257803455392
0.5648562032202514,0.8251893538355921
0.5649562131712466,0.8251208864155634
0.5650562231222416,0.8250524011908744
0.5651562330732367,0.8249838981570908
0.5652562430242317,0.8249153773097764
0.5653562529752268,0.8248468386444912
0.565456262926222,0.8247782821567935
0.565556272877217,0.8247097078422388
0.5656562828282121,0.8246411156963795
0.5657562927792072,0.824572505714766
0.5658563027302024,0.8245038778929458
0.5659563126811974,0.8244352322264634
0.5660563226321925,0.8243665687108613
0.5661563325831876,0.8242978873416787
0.5662563425341827,0.824229188114453
0.5663563524851778,0.824160471024718
0.5664563624361728,0.8240917360680056
0.5665563723871679,0.8240229832398442
0.566656382338163,0.8239542125357608
0.5667563922891581,0.8238854239512785
0.5668564022401532,0.8238166174819185
0.5669564121911482,0.8237477931231991
0.5670564221421434,0.8236789508706358
0.5671564320931384,0.8236100907197418
0.5672564420441335,0.8235412126660272
0.5673564519951286,0.8234723167049997
0.5674564619461236,0.8234034028321644
0.5675564718971188,0.8233344710430233
0.5676564818481138,0.8232655213330764
0.567756491799109,0.8231965536978203
0.567856501750104,0.8231275681327495
0.5679565117010992,0.8230585646333554
0.5680565216520943,0.822989543195127
0.5681565316030893,0.8229205038135505
0.5682565415540844,0.8228514464841094
0.5683565515050795,0.8227823712022845
0.5684565614560746,0.822713277963554
0.5685565714070697,0.8226441667633932
0.5686565813580647,0.8225750375972752
0.5687565913090599,0.8225058904606696
0.5688566012600549,0.8224367253490441
0.56895661121105,0.822367542257863
0.569056621162045,0.8222983411825886
0.5691566311130402,0.8222291221186797
0.5692566410640353,0.8221598850615931
0.5693566510150303,0.8220906300067827
0.5694566609660254,0.8220213569496995
0.5695566709170204,0.8219520658857917
0.5696566808680156,0.8218827568105052
0.5697566908190107,0.8218134297192826
0.5698567007700058,0.8217440846075644
0.569956710721001,0.8216747214707881
0.570056720671996,0.8216053403043885
0.5701567306229911,0.8215359411037974
0.5702567405739861,0.8214665238644443
0.5703567505249812,0.8213970885817555
0.5704567604759764,0.8213276352511552
0.5705567704269714,0.8212581638680643
0.5706567803779665,0.821188674427901
0.5707567903289615,0.8211191669260813
0.5708568002799567,0.8210496413580178
0.5709568102309518,0.8209800977191206
0.5710568201819468,0.8209105360047974
0.5711568301329419,0.8208409562104524
0.571256840083937,0.8207713583314876
0.5713568500349321,0.8207017423633023
0.5714568599859272,0.8206321083012925
0.5715568699369222,0.8205624561408523
0.5716568798879174,0.8204927858773722
0.5717568898389124,0.8204230975062402
0.5718568997899076,0.8203533910228418
0.5719569097409026,0.8202836664225596
0.5720569196918978,0.8202139237007732
0.5721569296428928,0.8201441628528595
0.5722569395938879,0.8200743838741931
0.572356949544883,0.820004586760145
0.572456959495878,0.8199347715060843
0.5725569694468732,0.8198649381073765
0.5726569793978682,0.819795086559385
0.5727569893488633,0.8197252168574699
0.5728569992998584,0.8196553289969888
0.5729570092508535,0.8195854229732965
0.5730570192018486,0.8195154987817449
0.5731570291528436,0.8194455564176832
0.5732570391038387,0.8193755958764575
0.5733570490548339,0.8193056171534118
0.5734570590058289,0.8192356202438864
0.573557068956824,0.8191656051432196
0.573657078907819,0.8190955718467463
0.5737570888588142,0.8190255203497988
0.5738570988098093,0.818955450647707
0.5739571087608044,0.8188853627357972
0.5740571187117995,0.8188152566093935
0.5741571286627946,0.8187451322638171
0.5742571386137897,0.8186749896943859
0.5743571485647847,0.8186048288964156
0.5744571585157798,0.8185346498652187
0.5745571684667748,0.8184644525961052
0.57465717841777,0.8183942370843817
0.5747571883687651,0.8183240033253527
0.5748571983197601,0.8182537513143193
0.5749572082707552,0.81818348104658
0.5750572182217503,0.8181131925174305
0.5751572281727454,0.8180428857221634
0.5752572381237405,0.8179725606560687
0.5753572480747355,0.8179022173144338
0.5754572580257307,0.8178318556925425
0.5755572679767257,0.8177614757856765
0.5756572779277208,0.8176910775891142
0.5757572878787159,0.8176206610981314
0.575857297829711,0.817550226308001
0.5759573077807061,0.8174797732139928
0.5760573177317012,0.817409301811374
0.5761573276826963,0.8173388120954088
0.5762573376336914,0.817268304061359
0.5763573475846865,0.8171977777044825
0.5764573575356816,0.8171272330200354
0.5765573674866766,0.8170566700032705
0.5766573774376718,0.8169860886494376
0.5767573873886668,0.8169154889537836
0.5768573973396619,0.8168448709115528
0.5769574072906569,0.8167742345179867
0.577057417241652,0.8167035797683232
0.5771574271926472,0.8166329066577982
0.5772574371436422,0.8165622151816443
0.5773574470946373,0.8164915053350911
0.5774574570456323,0.8164207771133656
0.5775574669966275,0.8163500305116914
0.5776574769476226,0.81627926552529
0.5777574868986176,0.8162084821493794
0.5778574968496127,0.8161376803791746
0.5779575068006078,0.8160668602098883
0.578057516751603,0.8159960216367297
0.578157526702598,0.8159251646549055
0.5782575366535931,0.8158542892596192
0.5783575466045883,0.8157833954460715
0.5784575565555833,0.8157124832094604
0.5785575665065784,0.8156415525449805
0.5786575764575734,0.8155706034478238
0.5787575864085686,0.8154996359131795
0.5788575963595637,0.8154286499362335
0.5789576063105587,0.8153576455121692
0.5790576162615538,0.8152866226361666
0.5791576262125488,0.8152155813034032
0.579257636163544,0.8151445215090533
0.579357646114539,0.8150734432482882
0.5794576560655341,0.8150023465162767
0.5795576660165292,0.8149312313081841
0.5796576759675243,0.8148600976191733
0.5797576859185194,0.8147889454444036
0.5798576958695144,0.8147177747790322
0.5799577058205095,0.8146465856182123
0.5800577157715047,0.8145753779570951
0.5801577257224998,0.8145041517908284
0.5802577356734949,0.8144329071145568
0.5803577456244899,0.8143616439234229
0.5804577555754851,0.814290362212565
0.5805577655264801,0.8142190619771197
0.5806577754774752,0.8141477432122194
0.5807577854284703,0.8140764059129947
0.5808577953794654,0.8140050500745725
0.5809578053304605,0.8139336756920768
0.5810578152814555,0.813862282760629
0.5811578252324506,0.813790871275347
0.5812578351834458,0.8137194412313462
0.5813578451344408,0.8136479926237388
0.5814578550854359,0.8135765254476337
0.5815578650364309,0.8135050396981376
0.581657874987426,0.8134335353703533
0.5817578849384211,0.8133620124593814
0.5818578948894162,0.8132904709603187
0.5819579048404113,0.8132189108682598
0.5820579147914063,0.8131473321782959
0.5821579247424016,0.8130757348855151
0.5822579346933966,0.8130041189850027
0.5823579446443917,0.8129324844718407
0.5824579545953867,0.8128608313411088
0.5825579645463819,0.8127891595878826
0.582657974497377,0.8127174692072355
0.582757984448372,0.8126457601942381
0.5828579943993671,0.8125740325439568
0.5829580043503622,0.8125022862514562
0.5830580143013573,0.812430521311797
0.5831580242523524,0.8123587377200375
0.5832580342033474,0.8122869354712328
0.5833580441543426,0.8122151145604347
0.5834580541053376,0.8121432749826923
0.5835580640563327,0.8120714167330514
0.5836580740073278,0.8119995398065547
0.5837580839583228,0.8119276441982424
0.583858093909318,0.811855729903151
0.583958103860313,0.8117837969163143
0.5840581138113081,0.811711845232763
0.5841581237623031,0.8116398748475249
0.5842581337132984,0.811567885755624
0.5843581436642934,0.8114958779520824
0.5844581536152885,0.8114238514319183
0.5845581635662837,0.811351806190147
0.5846581735172787,0.8112797422217812
0.5847581834682738,0.8112076595218296
0.5848581934192688,0.8111355580852988
0.5849582033702639,0.8110634379071917
0.5850582133212591,0.8109912989825083
0.5851582232722541,0.8109191413062456
0.5852582332232492,0.8108469648733976
0.5853582431742442,0.8107747696789549
0.5854582531252394,0.8107025557179052
0.5855582630762345,0.8106303229852331
0.5856582730272295,0.8105580714759203
0.5857582829782246,0.810485801184945
0.5858582929292196,0.8104135121072826
0.5859583028802148,0.8103412042379052
0.5860583128312099,0.8102688775717822
0.5861583227822049,0.8101965321038794
0.5862583327332002,0.8101241678291596
0.5863583426841952,0.810051784742583
0.5864583526351903,0.8099793828391059
0.5865583625861853,0.8099069621136821
0.5866583725371805,0.8098345225612618
0.5867583824881755,0.8097620641767926
0.5868583924391706,0.8096895869552186
0.5869584023901657,0.8096170908914808
0.5870584123411607,0.8095445759805174
0.5871584222921559,0.809472042217263
0.5872584322431509,0.8093994895966494
0.587358442194146,0.8093269181136051
0.5874584521451411,0.8092543277630555
0.5875584620961362,0.8091817185399232
0.5876584720471313,0.8091090904391268
0.5877584819981263,0.8090364434555827
0.5878584919491214,0.8089637775842035
0.5879585019001166,0.8088910928198991
0.5880585118511116,0.808818389157576
0.5881585218021067,0.8087456665921374
0.5882585317531017,0.8086729251184838
0.588358541704097,0.808600164731512
0.588458551655092,0.8085273854261162
0.5885585616060871,0.8084545871971869
0.5886585715570822,0.8083817700396115
0.5887585815080772,0.808308933948275
0.5888585914590724,0.808236078918058
0.5889586014100674,0.8081632049438389
0.5890586113610625,0.8080903120204924
0.5891586213120575,0.8080174001428903
0.5892586312630527,0.8079444693059008
0.5893586412140478,0.8078715195043896
0.5894586511650428,0.8077985507332187
0.5895586611160379,0.8077255629872467
0.589658671067033,0.8076525562613299
0.5897586810180281,0.8075795305503204
0.5898586909690232,0.8075064858490676
0.5899587009200182,0.8074334221524178
0.5900587108710134,0.8073603394552137
0.5901587208220084,0.8072872377522952
0.5902587307730035,0.8072141170384987
0.5903587407239986,0.8071409773086574
0.5904587506749938,0.8070678185576015
0.5905587606259889,0.8069946407801578
0.5906587705769839,0.8069214439711501
0.590758780527979,0.8068482281253985
0.590858790478974,0.8067749932377204
0.5909588004299692,0.8067017393029297
0.5910588103809643,0.806628466315837
0.5911588203319593,0.8065551742712499
0.5912588302829545,0.8064818631639725
0.5913588402339495,0.806408532988806
0.5914588501849446,0.8063351837405479
0.5915588601359396,0.8062618154139931
0.5916588700869347,0.8061884280039324
0.5917588800379299,0.806115021505154
0.5918588899889249,0.8060415959124428
0.59195889993992,0.8059681512205801
0.592058909890915,0.8058946874243441
0.5921589198419102,0.8058212045185099
0.5922589297929053,0.8057477024978492
0.5923589397439003,0.8056741813571304
0.5924589496948955,0.8056006410911185
0.5925589596458906,0.8055270816945759
0.5926589695968857,0.8054535031622606
0.5927589795478807,0.8053799054889283
0.5928589894988758,0.805306288669331
0.592958999449871,0.8052326526982173
0.593059009400866,0.805158997570333
0.5931590193518611,0.80508532328042
0.5932590293028561,0.8050116298232175
0.5933590392538513,0.8049379171934606
0.5934590492048464,0.8048641853858822
0.5935590591558414,0.804790434395211
0.5936590691068365,0.8047166642161726
0.5937590790578315,0.8046428748434896
0.5938590890088267,0.8045690662718811
0.5939590989598217,0.8044952384960627
0.5940591089108168,0.8044213915107469
0.5941591188618119,0.8043475253106428
0.594259128812807,0.8042736398904565
0.5943591387638021,0.8041997352448902
0.5944591487147972,0.8041258113686431
0.5945591586657923,0.8040518682564112
0.5946591686167874,0.8039779059028869
0.5947591785677825,0.8039039243027594
0.5948591885187776,0.8038299234507144
0.5949591984697726,0.8037559033414347
0.5950592084207678,0.8036818639695992
0.5951592183717628,0.8036078053298837
0.5952592283227579,0.8035337274169609
0.595359238273753,0.8034596302254996
0.595459248224748,0.8033855137501658
0.5955592581757432,0.8033113779856218
0.5956592681267382,0.8032372229265267
0.5957592780777333,0.8031630485675358
0.5958592880287285,0.803088854903302
0.5959592979797235,0.8030146419284739
0.5960593079307186,0.8029404096376971
0.5961593178817136,0.8028661580256138
0.5962593278327087,0.8027918870868628
0.5963593377837038,0.8027175968160797
0.5964593477346989,0.8026432872078963
0.596559357685694,0.8025689582569414
0.5966593676366891,0.8024946099578403
0.5967593775876843,0.8024202423052148
0.5968593875386793,0.8023458552936836
0.5969593974896744,0.8022714489178615
0.5970594074406694,0.8021970231723605
0.5971594173916646,0.8021225780517887
0.5972594273426597,0.8020481135507509
0.5973594372936547,0.8019736296638489
0.5974594472446498,0.8018991263856804
0.5975594571956448,0.8018246037108404
0.59765946714664,0.8017500616339199
0.5977594770976351,0.8016755001495067
0.5978594870486301,0.8016009192521855
0.5979594969996253,0.801526318936537
0.5980595069506203,0.8014516991971388
0.5981595169016154,0.8013770600285649
0.5982595268526105,0.801302401425386
0.5983595368036055,0.8012277233821696
0.5984595467546007,0.8011530258934793
0.5985595567055958,0.8010783089538754
0.5986595666565909,0.8010035725579148
0.5987595766075859,0.8009288167001511
0.5988595865585811,0.8008540413751344
0.5989595965095761,0.8007792465774108
0.5990596064605712,0.8007044323015238
0.5991596164115663,0.8006295985420129
0.5992596263625614,0.8005547452934142
0.5993596363135565,0.8004798725502605
0.5994596462645515,0.8004049803070811
0.5995596562155466,0.8003300685584015
0.5996596661665418,0.8002551372987441
0.5997596761175368,0.8001801865226278
0.5998596860685319,0.8001052162245678
0.5999596960195269,0.8000302263990761
0.600059705970522,0.7999552170406607
0.6001597159215172,0.7998801881438269
0.6002597258725122,0.7998051397030757
0.6003597358235073,0.7997300717129052
0.6004597457745023,0.7996549841678097
0.6005597557254975,0.79957987706228
0.6006597656764926,0.7995047503908035
0.6007597756274877,0.799429604147864
0.6008597855784829,0.799354438327942
0.6009597955294779,0.7992792529255143
0.601059805480473,0.7992040479350538
0.601159815431468,0.7991288233510311
0.6012598253824631,0.7990535791679115
0.6013598353334582,0.7989783153801585
0.6014598452844533,0.7989030319822309
0.6015598552354484,0.7988277289685846
0.6016598651864434,0.7987524063336716
0.6017598751374386,0.7986770640719404
0.6018598850884336,0.7986017021778363
0.6019598950394287,0.7985263206458005
0.6020599049904238,0.7984509194702714
0.6021599149414189,0.7983754986456831
0.602259924892414,0.7983000581664665
0.602359934843409,0.798224598027049
0.6024599447944041,0.7981491182218543
0.6025599547453993,0.7980736187453025
0.6026599646963944,0.7979980995918102
0.6027599746473895,0.7979225607557906
0.6028599845983845,0.7978470022316532
0.6029599945493797,0.7977714240138036
0.6030600045003747,0.7976958260966445
0.6031600144513698,0.7976202084745743
0.6032600244023649,0.7975445711419883
0.6033600343533599,0.7974689140932782
0.6034600443043551,0.7973932373228317
0.6035600542553501,0.7973175408250335
0.6036600642063452,0.797241824594264
0.6037600741573402,0.7971660886249007
0.6038600841083354,0.7970903329113169
0.6039600940593305,0.797014557447883
0.6040601040103255,0.796938762228965
0.6041601139613206,0.7968629472489257
0.6042601239123156,0.7967871125021243
0.6043601338633108,0.7967112579829163
0.6044601438143059,0.7966353836856537
0.6045601537653009,0.7965594896046847
0.604660163716296,0.7964835757343538
0.6047601736672912,0.7964076420690022
0.6048601836182863,0.7963316886029671
0.6049601935692813,0.7962557153305825
0.6050602035202765,0.7961797222461783
0.6051602134712716,0.796103709344081
0.6052602234222666,0.7960276766186135
0.6053602333732617,0.7959516240640948
0.6054602433242567,0.7958755516748406
0.6055602532752519,0.7957994594451624
0.605660263226247,0.7957233473693688
0.605760273177242,0.7956472154417642
0.6058602831282371,0.7955710636566492
0.6059602930792322,0.7954948920083215
0.6060603030302273,0.7954187004910741
0.6061603129812223,0.7953424890991972
0.6062603229322174,0.7952662578269767
0.6063603328832126,0.7951900066686952
0.6064603428342076,0.7951137356186317
0.6065603527852027,0.7950374446710611
0.6066603627361977,0.7949611338202548
0.6067603726871929,0.7948848030604805
0.606860382638188,0.7948084523860023
0.6069603925891831,0.7947320817910806
0.6070604025401782,0.7946556912699718
0.6071604124911733,0.7945792808169291
0.6072604224421684,0.7945028504262016
0.6073604323931634,0.7944264000920347
0.6074604423441585,0.7943499298086703
0.6075604522951537,0.7942734395703461
0.6076604622461487,0.794196929371297
0.6077604721971438,0.7941203992057533
0.6078604821481388,0.7940438490679418
0.6079604920991339,0.7939672789520856
0.6080605020501291,0.7938906888524043
0.6081605120011241,0.7938140787631135
0.6082605219521192,0.7937374486784251
0.6083605319031142,0.7936607985925472
0.6084605418541094,0.7935841284996845
0.6085605518051044,0.7935074383940373
0.6086605617560995,0.7934307282698027
0.6087605717070946,0.7933539981211737
0.6088605816580898,0.7932772479423399
0.6089605916090849,0.7932004777274868
0.6090606015600799,0.7931236874707964
0.609160611511075,0.7930468771664467
0.60926062146207,0.7929700468086119
0.6093606314130652,0.7928931963914626
0.6094606413640603,0.7928163259091656
0.6095606513150553,0.7927394353558839
0.6096606612660505,0.7926625247257764
0.6097606712170455,0.7925855940129989
0.6098606811680406,0.7925086432117024
0.6099606911190357,0.7924316723160353
0.6100607010700307,0.7923546813201413
0.6101607110210259,0.7922776702181604
0.6102607209720209,0.7922006390042293
0.610360730923016,0.7921235876724804
0.6104607408740111,0.7920465162170423
0.6105607508250062,0.7919694246320401
0.6106607607760013,0.7918923129115949
0.6107607707269963,0.791815181049824
0.6108607806779914,0.7917380290408405
0.6109607906289866,0.7916608568787543
0.6110608005799817,0.7915836645576713
0.6111608105309767,0.7915064520716932
0.6112608204819718,0.7914292194149182
0.611360830432967,0.7913519665814404
0.611460840383962,0.7912746935653503
0.6115608503349571,0.7911974003607344
0.6116608602859521,0.7911200869616755
0.6117608702369473,0.7910427533622523
0.6118608801879424,0.7909653995565397
0.6119608901389374,0.7908880255386089
0.6120609000899325,0.7908106313025272
0.6121609100409275,0.7907332168423579
0.6122609199919227,0.7906557821521604
0.6123609299429178,0.7905783272259902
0.6124609398939128,0.7905008520578993
0.6125609498449079,0.7904233566419354
0.612660959795903,0.7903458409721423
0.6127609697468981,0.7902683050425603
0.6128609796978932,0.7901907488472252
0.6129609896488883,0.7901131723801694
0.6130609995998835,0.7900355756354215
0.6131610095508785,0.7899579586070055
0.6132610195018736,0.7898803212889423
0.6133610294528686,0.7898026636752482
0.6134610394038638,0.789724985759936
0.6135610493548588,0.7896472875370145
0.6136610593058539,0.7895695690004885
0.613761069256849,0.789491830144359
0.613861079207844,0.7894140709626228
0.6139610891588392,0.7893362914492732
0.6140610991098342,0.7892584915982991
0.6141611090608293,0.7891806714036856
0.6142611190118245,0.7891028308594142
0.6143611289628195,0.789024969959462
0.6144611389138146,0.7889470886978022
0.6145611488648096,0.7888691870684045
0.6146611588158047,0.7887912650652339
0.6147611687667999,0.788713322682252
0.6148611787177949,0.7886353599134165
0.61496118866879,0.7885573767526805
0.6150611986197851,0.7884793731939937
0.6151612085707803,0.7884013492313018
0.6152612185217753,0.7883233048585462
0.6153612284727704,0.7882452400696645
0.6154612384237655,0.7881671548585901
0.6155612483747606,0.7880890492192532
0.6156612583257557,0.7880109231455787
0.6157612682767507,0.7879327766314888
0.6158612782277458,0.7878546096709005
0.615961288178741,0.7877764222577279
0.616061298129736,0.7876982143858805
0.6161613080807311,0.7876199860492638
0.6162613180317261,0.7875417372417792
0.6163613279827213,0.7874634679573246
0.6164613379337163,0.7873851781897933
0.6165613478847114,0.7873068679330747
0.6166613578357065,0.7872285371810543
0.6167613677867015,0.7871501859276139
0.6168613777376967,0.7870718141666303
0.6169613876886917,0.7869934218919774
0.6170613976396869,0.7869150090975239
0.6171614075906819,0.7868365757771356
0.6172614175416771,0.7867581219246734
0.6173614274926722,0.7866796475339947
0.6174614374436672,0.7866011525989522
0.6175614473946623,0.7865226371133952
0.6176614573456574,0.7864441010711687
0.6177614672966525,0.7863655444661134
0.6178614772476476,0.786286967292066
0.6179614871986426,0.7862083695428597
0.6180614971496378,0.7861297512123226
0.6181615071006328,0.7860511122942797
0.6182615170516279,0.7859724527825511
0.618361527002623,0.7858937726709535
0.618461536953618,0.785815071953299
0.6185615469046132,0.7857363506233959
0.6186615568556082,0.7856576086750481
0.6187615668066033,0.7855788461020558
0.6188615767575983,0.7855000628982147
0.6189615867085935,0.7854212590573165
0.6190615966595886,0.785342434573149
0.6191616066105837,0.7852635894394956
0.6192616165615789,0.7851847236501358
0.6193616265125739,0.7851058371988447
0.619461636463569,0.7850269300793935
0.619561646414564,0.7849480022855494
0.6196616563655591,0.7848690538110747
0.6197616663165543,0.7847900846497285
0.6198616762675493,0.7847110947952654
0.6199616862185444,0.7846320842414354
0.6200616961695394,0.7845530529819852
0.6201617061205346,0.7844740010106567
0.6202617160715297,0.7843949283211876
0.6203617260225247,0.784315834907312
0.6204617359735198,0.7842367207627593
0.6205617459245149,0.7841575858812551
0.62066175587551,0.7840784302565201
0.6207617658265051,0.7839992538822721
0.6208617757775001,0.7839200567522234
0.6209617857284953,0.7838408388600828
0.6210617956794903,0.783761600199555
0.6211618056304855,0.7836823407643398
0.6212618155814805,0.783603060548134
0.6213618255324757,0.7835237595446288
0.6214618354834707,0.7834444377475123
0.6215618454344658,0.7833650951504677
0.6216618553854609,0.7832857317471743
0.6217618653364559,0.7832063475313072
0.6218618752874511,0.7831269424965371
0.6219618852384461,0.7830475166365308
0.6220618951894412,0.7829680699449504
0.6221619051404363,0.7828886024154539
0.6222619150914314,0.7828091140416955
0.6223619250424265,0.7827296048173246
0.6224619349934215,0.7826500747359867
0.6225619449444166,0.7825705237913226
0.6226619548954118,0.7824909519769696
0.6227619648464068,0.7824113592865602
0.6228619747974019,0.7823317457137225
0.6229619847483969,0.7822521112520809
0.623061994699392,0.7821724558952551
0.6231620046503872,0.7820927796368605
0.6232620146013823,0.7820130824705085
0.6233620245523774,0.781933364389806
0.6234620345033725,0.7818536253883559
0.6235620444543676,0.7817738654597565
0.6236620544053626,0.7816940845976017
0.6237620643563577,0.7816142827954815
0.6238620743073527,0.7815344600469816
0.6239620842583479,0.7814546163456828
0.624062094209343,0.7813747516851622
0.624162104160338,0.7812948660589927
0.6242621141113331,0.781214959460742
0.6243621240623282,0.7811350318839746
0.6244621340133233,0.7810550833222496
0.6245621439643184,0.7809751137691227
0.6246621539153134,0.7808951232181446
0.6247621638663086,0.7808151116628621
0.6248621738173036,0.7807350790968175
0.6249621837682987,0.7806550255135486
0.6250621937192938,0.7805749509065891
0.6251622036702889,0.7804948552694683
0.6252622136212841,0.7804147385957109
0.6253622235722791,0.7803346008788377
0.6254622335232742,0.7802544421123645
0.6255622434742693,0.7801742622898035
0.6256622534252644,0.7800940614046618
0.6257622633762595,0.7800138394504427
0.6258622733272545,0.7799335964206445
0.6259622832782497,0.779853332308762
0.6260622932292447,0.7797730471082848
0.6261623031802398,0.7796927408126982
0.6262623131312348,0.7796124134154838
0.6263623230822299,0.7795320649101178
0.6264623330332251,0.7794516952900729
0.6265623429842201,0.7793713045488169
0.6266623529352152,0.7792908926798129
0.6267623628862102,0.7792104596765206
0.6268623728372054,0.7791300055323942
0.6269623827882005,0.779049530240884
0.6270623927391955,0.7789690337954359
0.6271624026901906,0.7788885161894911
0.6272624126411857,0.7788079774164868
0.6273624225921809,0.7787274174698551
0.6274624325431759,0.7786468363430242
0.627562442494171,0.7785662340294179
0.6276624524451662,0.778485610522455
0.6277624623961612,0.7784049658155505
0.6278624723471563,0.7783242999021143
0.6279624822981513,0.7782436127755524
0.6280624922491465,0.778162904429266
0.6281625022001416,0.7780821748566518
0.6282625121511366,0.7780014240511022
0.6283625221021317,0.7779206520060051
0.6284625320531267,0.7778398587147438
0.6285625420041219,0.7777590441706972
0.6286625519551169,0.7776782083672398
0.628762561906112,0.7775973512977411
0.6288625718571071,0.7775164729555668
0.6289625818081022,0.7774355733340779
0.6290625917590973,0.7773546524266304
0.6291626017100923,0.7772737102265763
0.6292626116610874,0.7771927467272629
0.6293626216120826,0.7771117619220331
0.6294626315630777,0.777030755804225
0.6295626415140728,0.7769497283671725
0.6296626514650678,0.7768686796042047
0.629762661416063,0.7767876095086463
0.629862671367058,0.7767065180738176
0.6299626813180531,0.7766254052930338
0.6300626912690482,0.7765442711596062
0.6301627012200433,0.7764631156668412
0.6302627111710384,0.7763819388080407
0.6303627211220334,0.776300740576502
0.6304627310730285,0.7762195209655178
0.6305627410240237,0.7761382799683766
0.6306627509750187,0.7760570175783618
0.6307627609260138,0.7759757337887522
0.6308627708770088,0.7758944285928226
0.6309627808280039,0.7758131019838427
0.631062790778999,0.7757317539550779
0.6311628007299941,0.7756503844997885
0.6312628106809892,0.775568993611231
0.6313628206319842,0.7754875812826566
0.6314628305829795,0.7754061475073121
0.6315628405339745,0.7753246922784398
0.6316628504849696,0.7752432155892774
0.6317628604359646,0.7751617174330578
0.6318628703869598,0.7750801978030094
0.6319628803379549,0.7749986566923557
0.6320628902889499,0.774917094094316
0.632162900239945,0.7748355100021044
0.63226291019094,0.7747539044089312
0.6323629201419352,0.774672277308001
0.6324629300929303,0.7745906286925147
0.6325629400439253,0.7745089585556679
0.6326629499949205,0.7744272668906518
0.6327629599459155,0.7743455536906528
0.6328629698969106,0.7742638189488529
0.6329629798479057,0.774182062658429
0.6330629897989007,0.7741002848125538
0.6331629997498959,0.7740184854043948
0.6332630097008909,0.7739366644271153
0.633363019651886,0.7738548218738736
0.6334630296028811,0.7737729577378234
0.6335630395538763,0.7736910720121135
0.6336630495048713,0.7736091646898885
0.6337630594558664,0.7735272357642876
0.6338630694068615,0.773445285228446
0.6339630793578566,0.7733633130754937
0.6340630893088517,0.7732813192985559
0.6341630992598467,0.7731993038907535
0.6342631092108418,0.7731172668452023
0.634363119161837,0.7730352081550135
0.634463129112832,0.7729531278132936
0.6345631390638271,0.7728710258131443
0.6346631490148221,0.7727889021476627
0.6347631589658173,0.7727067568099406
0.6348631689168124,0.7726245897930656
0.6349631788678074,0.7725424010901206
0.6350631888188025,0.7724601906941833
0.6351631987697975,0.7723779585983268
0.6352632087207927,0.7722957047956195
0.6353632186717878,0.772213429279125
0.6354632286227828,0.7721311320419019
0.635563238573778,0.7720488130770042
0.6356632485247731,0.7719664723774813
0.6357632584757682,0.7718841099363773
0.6358632684267632,0.7718017257467322
0.6359632783777583,0.7717193198015804
0.6360632883287534,0.7716368920939519
0.6361632982797485,0.7715544426168718
0.6362633082307436,0.7714719713633605
0.6363633181817386,0.7713894783264336
0.6364633281327338,0.7713069634991013
0.6365633380837288,0.7712244268743699
0.6366633480347239,0.7711418684452401
0.636763357985719,0.771059288204708
0.636863367936714,0.7709766861457651
0.6369633778877092,0.7708940622613975
0.6370633878387042,0.770811416544587
0.6371633977896993,0.77072874898831
0.6372634077406945,0.7706460595855386
0.6373634176916895,0.7705633483292396
0.6374634276426846,0.7704806152123749
0.6375634375936797,0.770397860227902
0.6376634475446749,0.770315083368773
0.6377634574956699,0.7702322846279354
0.637863467446665,0.7701494639983315
0.6379634773976601,0.7700666214728991
0.6380634873486551,0.7699837570445708
0.6381634972996503,0.7699008707062743
0.6382635072506453,0.7698179624509326
0.6383635172016404,0.7697350322714634
0.6384635271526354,0.7696520801607801
0.6385635371036306,0.7695691061117904
0.6386635470546257,0.7694861101173978
0.6387635570056207,0.7694030921705001
0.6388635669566158,0.7693200522639909
0.6389635769076109,0.7692369903907584
0.639063586858606,0.7691539065436858
0.6391635968096011,0.7690708007156518
0.6392636067605961,0.7689876728995295
0.6393636167115913,0.7689045230881878
0.6394636266625863,0.7688213512744898
0.6395636366135814,0.7687381574512943
0.6396636465645765,0.7686549416114545
0.6397636565155717,0.7685717037478192
0.6398636664665668,0.768488443853232
0.6399636764175618,0.7684051619205315
0.6400636863685569,0.768321857942551
0.640163696319552,0.7682385319121194
0.6402637062705471,0.7681551838220598
0.6403637162215422,0.7680718136651912
0.6404637261725372,0.7679884214343269
0.6405637361235323,0.7679050071222753
0.6406637460745274,0.76782157072184
0.6407637560255225,0.7677381122258193
0.6408637659765175,0.7676546316270068
0.6409637759275126,0.7675711289181905
0.6410637858785078,0.7674876040921539
0.6411637958295028,0.7674040571416754
0.6412638057804979,0.7673204880595278
0.6413638157314929,0.7672368968384795
0.641463825682488,0.7671532834712934
0.6415638356334832,0.7670696479507275
0.6416638455844782,0.7669859902695348
0.6417638555354734,0.7669023104204629
0.6418638654864685,0.7668186083962548
0.6419638754374636,0.7667348841896479
0.6420638853884586,0.7666511377933749
0.6421638953394537,0.7665673692001631
0.6422639052904489,0.7664835784027348
0.6423639152414439,0.7663997653938074
0.642463925192439,0.7663159301660929
0.642563935143434,0.7662320727122983
0.6426639450944291,0.7661481930251253
0.6427639550454243,0.7660642910972706
0.6428639649964193,0.7659803669214261
0.6429639749474144,0.765896420490278
0.6430639848984094,0.7658124517965076
0.6431639948494046,0.765728460832791
0.6432640048003996,0.7656444475917993
0.6433640147513947,0.7655604120661982
0.6434640247023898,0.7654763542486483
0.6435640346533849,0.7653922741318056
0.64366404460438,0.7653081717083196
0.6437640545553751,0.7652240469708358
0.6438640645063702,0.7651398999119944
0.6439640744573653,0.7650557305244298
0.6440640844083604,0.7649715388007715
0.6441640943593555,0.7648873247336442
0.6442641043103505,0.7648030883156669
0.6443641142613457,0.7647188295394534
0.6444641242123407,0.7646345483976125
0.6445641341633358,0.7645502448827476
0.6446641441143309,0.764465918987457
0.644764154065326,0.7643815707043339
0.6448641640163211,0.7642972000259659
0.6449641739673161,0.7642128069449358
0.6450641839183112,0.7641283914538205
0.6451641938693063,0.7640439535451924
0.6452642038203014,0.7639594932116183
0.6453642137712965,0.7638750104456594
0.6454642237222915,0.7637905052398725
0.6455642336732866,0.763705977586808
0.6456642436242817,0.7636214274790122
0.6457642535752768,0.7635368549090251
0.6458642635262719,0.763452259869382
0.645964273477267,0.7633676423526128
0.6460642834282622,0.763283002351242
0.6461642933792572,0.7631983398577891
0.6462643033302523,0.7631136548647677
0.6463643132812473,0.7630289473646865
0.6464643232322425,0.762944217350049
0.6465643331832376,0.762859464813353
0.6466643431342326,0.7627746897470913
0.6467643530852277,0.7626898921437513
0.6468643630362227,0.7626050719958148
0.6469643729872179,0.7625202292957585
0.647064382938213,0.7624353640360536
0.647164392889208,0.7623504762091664
0.6472644028402031,0.7622655658075571
0.6473644127911982,0.7621806328236813
0.6474644227421933,0.7620956772499884
0.6475644326931884,0.762010699078923
0.6476644426441834,0.7619256983029246
0.6477644525951786,0.7618406749144263
0.6478644625461737,0.7617556289058568
0.6479644724971688,0.7616705602696391
0.6480644824481638,0.7615854689981904
0.648164492399159,0.7615003550839229
0.648264502350154,0.7614152185192434
0.6483645123011491,0.7613300592965531
0.6484645222521442,0.7612448774082479
0.6485645322031393,0.7611596728467183
0.6486645421541344,0.761074445604349
0.6487645521051294,0.76098919567352
0.6488645620561245,0.7609039230466049
0.6489645720071197,0.7608186277159728
0.6490645819581147,0.7607333096739868
0.6491645919091098,0.7606479689130045
0.6492646018601048,0.7605626054253782
0.6493646118111,0.7604772192034548
0.6494646217620951,0.7603918102395757
0.6495646317130901,0.7603063785260766
0.6496646416640852,0.7602209240552878
0.6497646516150802,0.7601354468195346
0.6498646615660754,0.7600499468111358
0.6499646715170705,0.7599644240224056
0.6500646814680656,0.7598788784456523
0.6501646914190607,0.7597933100731787
0.6502647013700558,0.7597077188972823
0.6503647113210509,0.7596221049102547
0.6504647212720459,0.7595364681043825
0.650564731223041,0.759450808471946
0.650664741174036,0.7593651260052207
0.6507647511250312,0.759279420696476
0.6508647610760263,0.7591936925379762
0.6509647710270213,0.7591079415219799
0.6510647809780165,0.7590221676407399
0.6511647909290115,0.7589363708865037
0.6512648008800066,0.7588505512515131
0.6513648108310017,0.7587647087280044
0.6514648207819967,0.7586788433082083
0.6515648307329919,0.7585929549843498
0.6516648406839869,0.7585070437486483
0.651764850634982,0.7584211095933179
0.6518648605859771,0.7583351525105667
0.6519648705369723,0.7582491724925976
0.6520648804879674,0.7581631695316073
0.6521648904389624,0.7580771436197877
0.6522649003899575,0.757991094749324
0.6523649103409526,0.757905022912397
0.6524649202919477,0.7578189281011806
0.6525649302429428,0.7577328103078441
0.6526649401939378,0.7576466695245506
0.652764950144933,0.7575605057434575
0.652864960095928,0.757474318956717
0.6529649700469231,0.7573881091564751
0.6530649799979181,0.7573018763348727
0.6531649899489133,0.7572156204840442
0.6532649998999084,0.757129341596119
0.6533650098509034,0.7570430396632208
0.6534650198018985,0.7569567146774671
0.6535650297528935,0.7568703666309703
0.6536650397038887,0.7567839955158365
0.6537650496548838,0.7566976013241665
0.6538650596058788,0.7566111840480555
0.653965069556874,0.7565247436795924
0.6540650795078691,0.7564382802108609
0.6541650894588642,0.7563517936339387
0.6542650994098592,0.756265283940898
0.6543651093608543,0.7561787511238048
0.6544651193118495,0.7560921951747198
0.6545651292628445,0.7560056160856979
0.6546651392138396,0.7559190138487879
0.6547651491648346,0.7558323884560332
0.6548651591158298,0.755745739899471
0.6549651690668249,0.7556590681711333
0.6550651790178199,0.7555723732630459
0.655165188968815,0.7554856551672288
0.65526519891981,0.7553989138756964
0.6553652088708052,0.7553121493804571
0.6554652188218002,0.7552253616735137
0.6555652287727953,0.755138550746863
0.6556652387237905,0.755051716592496
0.6557652486747855,0.7549648592023981
0.6558652586257806,0.7548779785685485
0.6559652685767756,0.7547910746829208
0.6560652785277709,0.7547041475374827
0.6561652884787659,0.7546171971241962
0.656265298429761,0.754530223435017
0.6563653083807561,0.7544432264618955
0.6564653183317511,0.7543562061967759
0.6565653282827463,0.7542691626315964
0.6566653382337413,0.7541820957582898
0.6567653481847364,0.7540950055687824
0.6568653581357315,0.7540078920549951
0.6569653680867266,0.7539207552088428
0.6570653780377217,0.7538335950222342
0.6571653879887167,0.7537464114870727
0.6572653979397118,0.7536592045952549
0.657365407890707,0.7535719743386722
0.657465417841702,0.75348472070921
0.6575654277926971,0.7533974436987474
0.6576654377436921,0.7533101432991579
0.6577654476946873,0.7532228195023087
0.6578654576456823,0.7531354723000617
0.6579654675966774,0.753048101684272
0.6580654775476725,0.7529607076467892
0.6581654874986677,0.7528732901794571
0.6582654974496628,0.7527858492741133
0.6583655074006578,0.7526983849225893
0.6584655173516529,0.7526108971167107
0.658565527302648,0.7525233858482973
0.6586655372536431,0.7524358511091624
0.6587655472046382,0.7523482928911142
0.6588655571556332,0.7522607111859538
0.6589655671066283,0.752173105985477
0.6590655770576234,0.7520854772814736
0.6591655870086185,0.7519978250657268
0.6592655969596136,0.7519101493300142
0.6593656069106086,0.7518224500661075
0.6594656168616038,0.7517347272657718
0.6595656268125988,0.7516469809207669
0.6596656367635939,0.7515592110228456
0.659765646714589,0.7514714175637554
0.659865656665584,0.7513836005352377
0.6599656666165792,0.751295759929027
0.6600656765675742,0.751207895736853
0.6601656865185694,0.7511200079504379
0.6602656964695645,0.7510320965614992
0.6603657064205596,0.750944161561747
0.6604657163715547,0.7508562029428865
0.6605657263225497,0.7507682206966158
0.6606657362735449,0.7506802148146272
0.6607657462245399,0.7505921852886073
0.660865756175535,0.7505041321102358
0.66096576612653,0.750416055271187
0.6610657760775251,0.7503279547631284
0.6611657860285203,0.7502398305777219
0.6612657959795153,0.750151682706623
0.6613658059305104,0.750063511141481
0.6614658158815054,0.7499753158739388
0.6615658258325006,0.7498870968956337
0.6616658357834957,0.7497988541981964
0.6617658457344907,0.7497105877732515
0.6618658556854858,0.7496222976124174
0.6619658656364809,0.7495339837073064
0.662065875587476,0.7494456460495242
0.6621658855384711,0.749357284630671
0.6622658954894662,0.74926889944234
0.6623659054404614,0.7491804904761187
0.6624659153914564,0.7490920577235882
0.6625659253424515,0.7490036011763234
0.6626659352934465,0.7489151208258928
0.6627659452444417,0.7488266166638589
0.6628659551954368,0.7487380886817774
0.6629659651464318,0.7486495368711986
0.6630659750974269,0.7485609612236658
0.663165985048422,0.7484723617307163
0.6632659949994171,0.748383738383881
0.6633660049504121,0.7482950911746847
0.6634660149014072,0.7482064200946459
0.6635660248524023,0.7481177251352764
0.6636660348033974,0.7480290062880822
0.6637660447543925,0.7479402635445627
0.6638660547053875,0.747851496896211
0.6639660646563826,0.7477627063345138
0.6640660746073778,0.7476738918509517
0.6641660845583728,0.7475850534369989
0.664266094509368,0.7474961910841228
0.664366104460363,0.7474073047837851
0.6644661144113582,0.747318394527441
0.6645661243623532,0.7472294603065388
0.6646661343133483,0.747140502112521
0.6647661442643434,0.7470515199368235
0.6648661542153385,0.7469625137708757
0.6649661641663336,0.746873483606101
0.6650661741173286,0.7467844294339159
0.6651661840683237,0.7466953512457305
0.6652661940193189,0.7466062490329491
0.6653662039703139,0.7465171227869691
0.665466213921309,0.7464279724991814
0.665566223872304,0.7463387981609706
0.6656662338232991,0.746249599763715
0.6657662437742942,0.7461603772987863
0.6658662537252893,0.7460711307575496
0.6659662636762844,0.7459818601313637
0.6660662736272794,0.7458925654115813
0.6661662835782746,0.7458032465895478
0.6662662935292696,0.7457139036566028
0.6663663034802648,0.745624536604079
0.6664663134312598,0.7455351454233031
0.666566323382255,0.7454457301055947
0.6666663333332501,0.7453562906422673
0.6667663432842451,0.7452668270246277
0.6668663532352402,0.7451773392439761
0.6669663631862353,0.7450878272916066
0.6670663731372304,0.7449982911588061
0.6671663830882255,0.7449087308368557
0.6672663930392205,0.7448191463170294
0.6673664029902157,0.7447295375905947
0.6674664129412107,0.7446399046488129
0.6675664228922058,0.7445502474829383
0.6676664328432009,0.7444605660842187
0.667766442794196,0.7443708604438958
0.6678664527451911,0.744281130553204
0.6679664626961861,0.7441913764033715
0.6680664726471812,0.7441015979856199
0.6681664825981762,0.7440117952911641
0.6682664925491714,0.7439219683112123
0.6683665025001665,0.7438321170369662
0.6684665124511616,0.7437422414596209
0.6685665224021567,0.7436523415703647
0.6686665323531518,0.7435624173603796
0.6687665423041469,0.7434724688208405
0.6688665522551419,0.7433824959429159
0.668966562206137,0.7432924987177676
0.6690665721571322,0.7432024771365506
0.6691665821081272,0.7431124311904136
0.6692665920591223,0.7430223608704979
0.6693666020101173,0.7429322661679388
0.6694666119611125,0.7428421470738648
0.6695666219121076,0.7427520035793971
0.6696666318631026,0.742661835675651
0.6697666418140977,0.7425716433537347
0.6698666517650927,0.7424814266047495
0.6699666617160879,0.7423911854197901
0.670066671667083,0.7423009197899445
0.670166681618078,0.7422106297062941
0.6702666915690731,0.7421203151599133
0.6703667015200682,0.7420299761418697
0.6704667114710634,0.7419396126432244
0.6705667214220584,0.7418492246550317
0.6706667313730535,0.7417588121683385
0.6707667413240486,0.7416683751741858
0.6708667512750437,0.7415779136636074
0.6709667612260388,0.74148742762763
0.6710667711770338,0.7413969170572741
0.671166781128029,0.7413063819435527
0.671266791079024,0.7412158222774727
0.6713668010300191,0.7411252380500335
0.6714668109810142,0.741034629252228
0.6715668209320093,0.7409439958750422
0.6716668308830044,0.7408533379094553
0.6717668408339994,0.7407626553464396
0.6718668507849945,0.7406719481769604
0.6719668607359897,0.7405812163919762
0.6720668706869847,0.7404904599824388
0.6721668806379798,0.7403996789392928
0.6722668905889748,0.740308873253476
0.67236690053997,0.7402180429159195
0.6724669104909651,0.7401271879175473
0.6725669204419602,0.7400363082492764
0.6726669303929553,0.739945403902017
0.6727669403439503,0.7398544748666724
0.6728669502949455,0.7397635211341388
0.6729669602459405,0.7396725426953057
0.6730669701969356,0.7395815395410552
0.6731669801479306,0.739490511662263
0.6732669900989258,0.7393994590497973
0.6733670000499209,0.7393083816945198
0.6734670100009159,0.739217279587285
0.673567019951911,0.73912615271894
0.6736670299029061,0.7390350010803258
0.6737670398539012,0.7389438246622754
0.6738670498048963,0.7388526234556154
0.6739670597558913,0.7387613974511654
0.6740670697068865,0.7386701466397376
0.6741670796578815,0.7385788710121375
0.6742670896088766,0.7384875705591633
0.6743670995598717,0.7383962452716062
0.6744671095108667,0.7383048951402505
0.674567119461862,0.7382135201558734
0.674667129412857,0.7381221203092448
0.6747671393638521,0.7380306955911277
0.6748671493148471,0.737939245992278
0.6749671592658423,0.7378477715034444
0.6750671692168374,0.7377562721153685
0.6751671791678324,0.7376647478187852
0.6752671891188275,0.7375731986044216
0.6753671990698226,0.7374816244629981
0.6754672090208177,0.7373900253852279
0.6755672189718127,0.7372984013618169
0.6756672289228078,0.737206752383464
0.675767238873803,0.7371150784408609
0.675867248824798,0.7370233795246923
0.6759672587757931,0.7369316556256353
0.6760672687267881,0.7368399067343603
0.6761672786777833,0.7367481328415302
0.6762672886287784,0.7366563339378007
0.6763672985797734,0.7365645100138206
0.6764673085307685,0.736472661060231
0.6765673184817635,0.7363807870676665
0.6766673284327588,0.7362888880267533
0.6767673383837538,0.7361969639281118
0.6768673483347489,0.7361050147623542
0.6769673582857441,0.7360130405200855
0.6770673682367391,0.7359210411919039
0.6771673781877342,0.7358290167683998
0.6772673881387292,0.735736967240157
0.6773673980897243,0.7356448925977512
0.6774674080407195,0.7355527928317513
0.6775674179917145,0.735460667932719
0.6776674279427096,0.7353685178912084
0.6777674378937046,0.7352763426977664
0.6778674478446998,0.7351841423429325
0.6779674577956948,0.7350919168172392
0.6780674677466899,0.734999666111211
0.678167477697685,0.7349073902153658
0.6782674876486801,0.7348150891202138
0.6783674975996752,0.7347227628162576
0.6784675075506702,0.734630411293993
0.6785675175016653,0.7345380345439078
0.6786675274526605,0.7344456325564829
0.6787675374036556,0.7343532053221917
0.6788675473546507,0.7342607528315
0.6789675573056457,0.7341682750748665
0.6790675672566409,0.7340757720427419
0.6791675772076359,0.7339832437255702
0.679267587158631,0.7338906901137877
0.6793675971096261,0.733798111197823
0.6794676070606211,0.7337055069680978
0.6795676170116163,0.7336128774150255
0.6796676269626113,0.7335202225290129
0.6797676369136064,0.7334275423004588
0.6798676468646015,0.7333348367197549
0.6799676568155966,0.7332421057772849
0.6800676667665917,0.7331493494634255
0.6801676767175867,0.7330565677685458
0.6802676866685818,0.732963760683007
0.6803676966195769,0.7328709281971632
0.680467706570572,0.7327780703013608
0.6805677165215671,0.7326851869859385
0.6806677264725621,0.7325922782412284
0.6807677364235574,0.7324993440575533
0.6808677463745524,0.7324063844252303
0.6809677563255475,0.7323133993345675
0.6810677662765425,0.7322203887758664
0.6811677762275377,0.7321273527394201
0.6812677861785328,0.7320342912155147
0.6813677961295278,0.7319412041944285
0.6814678060805229,0.7318480916664324
0.681567816031518,0.7317549536217892
0.6816678259825131,0.7316617900507545
0.6817678359335082,0.7315686009435759
0.6818678458845032,0.7314753862904939
0.6819678558354983,0.7313821460817409
0.6820678657864934,0.7312888803075418
0.6821678757374885,0.7311955889581134
0.6822678856884836,0.7311022720236658
0.6823678956394786,0.7310089294944007
0.6824679055904738,0.7309155613605118
0.6825679155414688,0.7308221676121862
0.6826679254924639,0.7307287482396021
0.682767935443459,0.7306353032329307
0.6828679453944542,0.7305418325823352
0.6829679553454492,0.7304483362779716
0.6830679652964443,0.7303548143099869
0.6831679752474394,0.7302612666685218
0.6832679851984345,0.7301676933437085
0.6833679951494296,0.7300740943256713
0.6834680051004246,0.7299804696045271
0.6835680150514197,0.7298868191703848
0.6836680250024149,0.7297931430133456
0.6837680349534099,0.7296994411235029
0.683868044904405,0.7296057134909422
0.6839680548554,0.7295119601057412
0.6840680648063951,0.7294181809579698
0.6841680747573903,0.7293243760376901
0.6842680847083853,0.7292305453349565
0.6843680946593804,0.7291366888398151
0.6844681046103754,0.7290428065423046
0.6845681145613706,0.7289488984324554
0.6846681245123657,0.7288549645002905
0.6847681344633607,0.7287610047358247
0.684868144414356,0.7286670191290648
0.684968154365351,0.7285730076700102
0.6850681643163461,0.7284789703486517
0.6851681742673411,0.7283849071549728
0.6852681842183362,0.7282908180789487
0.6853681941693313,0.7281967031105469
0.6854682041203264,0.7281025622397264
0.6855682140713215,0.7280083954564388
0.6856682240223165,0.727914202750628
0.6857682339733117,0.7278199841122289
0.6858682439243067,0.7277257395311697
0.6859682538753018,0.7276314689973692
0.6860682638262969,0.7275371725007395
0.686168273777292,0.7274428500311838
0.6862682837282871,0.7273485015785977
0.6863682936792821,0.7272541271328687
0.6864683036302772,0.7271597266838762
0.6865683135812723,0.7270653002214915
0.6866683235322674,0.7269708477355783
0.6867683334832625,0.7268763692159915
0.6868683434342576,0.7267818646525783
0.6869683533852528,0.7266873340351782
0.6870683633362478,0.7265927773536218
0.6871683732872429,0.7264981945977322
0.687268383238238,0.7264035857573242
0.687368393189233,0.7263089508222047
0.6874684031402282,0.7262142897821722
0.6875684130912232,0.7261196026270169
0.6876684230422183,0.7260248893465214
0.6877684329932133,0.7259301499304598
0.6878684429442085,0.7258353843685978
0.6879684528952036,0.7257405926506937
0.6880684628461986,0.7256457747664968
0.6881684727971937,0.7255509307057486
0.6882684827481887,0.7254560604581826
0.6883684926991839,0.7253611640135235
0.688468502650179,0.7252662413614882
0.688568512601174,0.7251712924917856
0.6886685225521691,0.7250763173941158
0.6887685325031642,0.7249813160581711
0.6888685424541593,0.7248862884736351
0.6889685524051544,0.7247912346301837
0.6890685623561495,0.7246961545174841
0.6891685723071447,0.7246010481251955
0.6892685822581397,0.7245059154429687
0.6893685922091348,0.7244107564604461
0.6894686021601298,0.7243155711672618
0.689568612111125,0.7242203595530415
0.6896686220621201,0.7241251216074033
0.6897686320131151,0.724029857319956
0.6898686419641102,0.7239345666803004
0.6899686519151053,0.7238392496780292
0.6900686618661004,0.7237439063027264
0.6901686718170954,0.7236485365439679
0.6902686817680905,0.723553140391321
0.6903686917190857,0.7234577178343444
0.6904687016700807,0.7233622688625894
0.6905687116210758,0.7232667934655976
0.6906687215720708,0.7231712916329031
0.690768731523066,0.7230757633540309
0.6908687414740611,0.7229802086184981
0.6909687514250562,0.722884627415813
0.6910687613760513,0.7227890197354759
0.6911687713270463,0.7226933855669783
0.6912687812780415,0.7225977248998029
0.6913687912290365,0.7225020377234246
0.6914688011800316,0.7224063240273094
0.6915688111310268,0.7223105838009147
0.6916688210820218,0.72221481703369
0.6917688310330169,0.7221190237150752
0.6918688409840119,0.7220232038345029
0.691968850935007,0.7219273573813961
0.6920688608860022,0.7218314843451701
0.6921688708369972,0.7217355847152309
0.6922688807879923,0.7216396584809766
0.6923688907389873,0.7215437056317962
0.6924689006899825,0.7214477261570703
0.6925689106409775,0.7213517200461712
0.6926689205919726,0.7212556872884619
0.6927689305429677,0.7211596278732973
0.6928689404939627,0.7210635417900239
0.6929689504449579,0.7209674290279787
0.693068960395953,0.7208712895764908
0.6931689703469481,0.7207751234248806
0.6932689802979431,0.7206789305624594
0.6933689902489383,0.7205827109785301
0.6934690001999334,0.7204864646623867
0.6935690101509284,0.7203901916033154
0.6936690201019236,0.7202938917905921
0.6937690300529186,0.7201975652134853
0.6938690400039137,0.7201012118612544
0.6939690499549088,0.7200048317231498
0.6940690599059038,0.7199084247884135
0.694169069856899,0.7198119910462785
0.694269079807894,0.7197155304859693
0.6943690897588891,0.7196190430967011
0.6944690997098842,0.719522528867681
0.6945691096608793,0.7194259877881071
0.6946691196118744,0.719329419847168
0.6947691295628694,0.7192328250340446
0.6948691395138645,0.7191362033379084
0.6949691494648595,0.7190395547479218
0.6950691594158548,0.7189428792532387
0.6951691693668498,0.7188461768430046
0.6952691793178449,0.7187494475063548
0.6953691892688401,0.7186526912324173
0.6954691992198351,0.7185559080103102
0.6955692091708302,0.7184590978291429
0.6956692191218252,0.718362260678016
0.6957692290728203,0.7182653965460214
0.6958692390238155,0.7181685054222414
0.6959692489748105,0.7180715872957503
0.6960692589258056,0.7179746421556125
0.6961692688768006,0.7178776699908842
0.6962692788277958,0.7177806707906123
0.6963692887787909,0.7176836445438345
0.6964692987297859,0.7175865912395801
0.696569308680781,0.7174895108668689
0.6966693186317761,0.717392403414712
0.6967693285827712,0.7172952688721111
0.6968693385337663,0.7171981072280594
0.6969693484847613,0.7171009184715408
0.6970693584357565,0.7170037025915297
0.6971693683867516,0.7169064595769924
0.6972693783377467,0.7168091894168853
0.6973693882887417,0.7167118921001564
0.6974693982397369,0.7166145676157437
0.6975694081907319,0.7165172159525772
0.697669418141727,0.7164198370995768
0.6977694280927221,0.7163224310456539
0.6978694380437171,0.7162249977797106
0.6979694479947123,0.7161275372906398
0.6980694579457073,0.7160300495673253
0.6981694678967024,0.7159325345986417
0.6982694778476976,0.7158349923734546
0.6983694877986926,0.7157374228806203
0.6984694977496877,0.7156398261089856
0.6985695077006827,0.7155422020473885
0.6986695176516778,0.7154445506846578
0.698769527602673,0.7153468720096128
0.698869537553668,0.7152491660110638
0.6989695475046631,0.7151514326778116
0.6990695574556581,0.7150536719986482
0.6991695674066534,0.7149558839623555
0.6992695773576484,0.7148580685577074
0.6993695873086435,0.7147602257734671
0.6994695972596386,0.7146623555983895
0.6995696072106337,0.7145644580212199
0.6996696171616288,0.7144665330306941
0.6997696271126238,0.7143685806155387
0.6998696370636189,0.714270600764471
0.699969647014614,0.714172593466199
0.7000696569656091,0.714074558709421
0.7001696669166042,0.7139764964828265
0.7002696768675992,0.7138784067750951
0.7003696868185944,0.7137802895748971
0.7004696967695894,0.7136821448708939
0.7005697067205845,0.7135839726517366
0.7006697166715796,0.7134857729060674
0.7007697266225746,0.7133875456225193
0.7008697365735698,0.7132892907897151
0.7009697465245648,0.7131910083962693
0.7010697564755599,0.7130926984307855
0.701169766426555,0.7129943608818587
0.7012697763775502,0.7128959957380746
0.7013697863285453,0.7127976029880086
0.7014697962795403,0.7126991826202274
0.7015698062305354,0.7126007346232874
0.7016698161815305,0.7125022589857364
0.7017698261325256,0.7124037556961115
0.7018698360835207,0.712305224742941
0.7019698460345157,0.7122066661147439
0.7020698559855109,0.7121080798000287
0.7021698659365059,0.7120094657872951
0.702269875887501,0.7119108240650327
0.7023698858384961,0.7118121546217218
0.7024698957894911,0.7117134574458329
0.7025699057404863,0.711614732525827
0.7026699156914813,0.7115159798501552
0.7027699256424764,0.7114171994072593
0.7028699355934714,0.7113183911855712
0.7029699455444666,0.711219555173513
0.7030699554954617,0.7111206913594974
0.7031699654464567,0.7110217997319273
0.703269975397452,0.7109228802791955
0.703369985348447,0.7108239329896858
0.7034699952994421,0.7107249578517719
0.7035700052504371,0.7106259548538175
0.7036700152014322,0.7105269239841768
0.7037700251524274,0.7104278652311942
0.7038700351034224,0.7103287785832044
0.7039700450544175,0.7102296640285319
0.7040700550054125,0.7101305215554922
0.7041700649564077,0.71003135115239
0.7042700749074028,0.709932152807521
0.7043700848583978,0.7098329265091705
0.7044700948093929,0.7097336722456142
0.704570104760388,0.709634390005118
0.7046701147113831,0.7095350797759377
0.7047701246623782,0.7094357415463192
0.7048701346133732,0.7093363753044991
0.7049701445643684,0.709236981038703
0.7050701545153634,0.7091375587371477
0.7051701644663585,0.7090381083880393
0.7052701744173535,0.7089386299795742
0.7053701843683488,0.7088391234999389
0.7054701943193438,0.7087395889373101
0.7055702042703389,0.7086400262798541
0.705670214221334,0.7085404355157274
0.705770224172329,0.7084408166330766
0.7058702341233242,0.708341169620038
0.7059702440743192,0.7082414944647385
0.7060702540253143,0.7081417911552941
0.7061702639763094,0.7080420596798113
0.7062702739273045,0.7079423000263866
0.7063702838782996,0.7078425121831059
0.7064702938292946,0.7077426961380457
0.7065703037802897,0.7076428518792719
0.7066703137312849,0.7075429793948403
0.7067703236822799,0.7074430786727971
0.706870333633275,0.7073431497011775
0.70697034358427,0.7072431924680075
0.7070703535352652,0.7071432069613023
0.7071703634862603,0.7070431931690669
0.7072703734372553,0.7069431510792968
0.7073703833882504,0.7068430806799764
0.7074703933392456,0.7067429819590805
0.7075704032902407,0.7066428549045736
0.7076704132412357,0.7065426995044098
0.7077704231922308,0.706442515746533
0.7078704331432258,0.7063423036188771
0.707970443094221,0.7062420631093651
0.7080704530452161,0.7061417942059105
0.7081704629962111,0.7060414968964162
0.7082704729472062,0.7059411711687744
0.7083704828982013,0.7058408170108676
0.7084704928491964,0.7057404344105677
0.7085705028001915,0.7056400233557362
0.7086705127511865,0.7055395838342242
0.7087705227021817,0.7054391158338728
0.7088705326531767,0.7053386193425124
0.7089705426041718,0.7052380943479629
0.7090705525551669,0.7051375408380341
0.709170562506162,0.7050369588005254
0.7092705724571571,0.7049363482232255
0.7093705824081521,0.704835709093913
0.7094705923591473,0.7047350414003554
0.7095706023101424,0.7046343451303108
0.7096706122611375,0.7045336202715257
0.7097706222121326,0.7044328668117368
0.7098706321631276,0.7043320847386704
0.7099706421141228,0.7042312740400417
0.7100706520651178,0.7041304347035559
0.7101706620161129,0.7040295667169071
0.7102706719671079,0.7039286700677796
0.710370681918103,0.7038277447438466
0.7104706918690982,0.7037267907327708
0.7105707018200932,0.7036258080222045
0.7106707117710883,0.7035247965997892
0.7107707217220833,0.7034237564531559
0.7108707316730785,0.7033226875699248
0.7109707416240736,0.7032215899377057
0.7110707515750686,0.7031204635440979
0.7111707615260637,0.7030193083766894
0.7112707714770587,0.702918124423058
0.7113707814280539,0.7028169116707708
0.711470791379049,0.702715670107384
0.7115708013300441,0.7026143997204434
0.7116708112810393,0.7025131004974835
0.7117708212320343,0.702411772426029
0.7118708311830294,0.7023104154935927
0.7119708411340244,0.7022090296876777
0.7120708510850196,0.7021076149957753
0.7121708610360147,0.7020061714053669
0.7122708709870097,0.7019046989039229
0.7123708809380048,0.7018031974789022
0.7124708908889998,0.7017016671177537
0.712570900839995,0.7016001078079152
0.71267091079099,0.7014985195368133
0.7127709207419851,0.7013969022918641
0.7128709306929802,0.7012952560604728
0.7129709406439753,0.7011935808300338
0.7130709505949704,0.70109187658793
0.7131709605459654,0.7009901433215342
0.7132709704969605,0.7008883810182075
0.7133709804479557,0.7007865896653006
0.7134709903989507,0.7006847692501532
0.7135710003499459,0.7005829197600933
0.7136710103009409,0.7004810411824394
0.7137710202519361,0.7003791335044972
0.7138710302029311,0.7002771967135627
0.7139710401539262,0.7001752307969203
0.7140710501049213,0.7000732357418437
0.7141710600559164,0.699971211535595
0.7142710700069115,0.6998691581654257
0.7143710799579065,0.6997670756185763
0.7144710899089016,0.6996649638822757
0.7145710998598968,0.6995628229437421
0.7146711098108918,0.6994606527901825
0.7147711197618869,0.6993584534087925
0.7148711297128819,0.6992562247867572
0.714971139663877,0.6991539669112496
0.7150711496148721,0.6990516797694325
0.7151711595658672,0.6989493633484567
0.7152711695168623,0.6988470176354622
0.7153711794678573,0.6987446426175778
0.7154711894188525,0.6986422382819211
0.7155711993698475,0.6985398046155982
0.7156712093208427,0.6984373416057038
0.7157712192718377,0.6983348492393221
0.7158712292228329,0.6982323275035254
0.715971239173828,0.6981297763853747
0.716071249124823,0.69802719587192
0.7161712590758181,0.6979245859501995
0.7162712690268132,0.6978219466072406
0.7163712789778083,0.697719277830059
0.7164712889288034,0.6976165796056593
0.7165712988797984,0.6975138519210343
0.7166713088307936,0.6974110947631658
0.7167713187817886,0.697308308119024
0.7168713287327837,0.6972054919755675
0.7169713386837788,0.6971026463197441
0.7170713486347738,0.6969997711384894
0.717171358585769,0.696896866418728
0.717271368536764,0.696793932147373
0.7173713784877591,0.6966909683113254
0.7174713884387541,0.6965879748974758
0.7175713983897493,0.6964849518927022
0.7176714083407444,0.6963818992838717
0.7177714182917395,0.6962788170578398
0.7178714282427346,0.69617570520145
0.7179714381937297,0.6960725637015349
0.7180714481447248,0.6959693925449149
0.7181714580957198,0.6958661917183991
0.7182714680467149,0.6957629612087848
0.7183714779977101,0.6956597010028578
0.7184714879487051,0.6955564110873925
0.7185714978997002,0.6954530914491509
0.7186715078506952,0.6953497420748843
0.7187715178016904,0.6952463629513312
0.7188715277526855,0.6951429540652195
0.7189715377036805,0.6950395154032648
0.7190715476546756,0.6949360469521707
0.7191715576056706,0.6948325486986296
0.7192715675566658,0.6947290206293218
0.7193715775076609,0.6946254627309162
0.7194715874586559,0.6945218749900693
0.719571597409651,0.6944182573934264
0.7196716073606461,0.6943146099276207
0.7197716173116413,0.6942109325792732
0.7198716272626363,0.6941072253349939
0.7199716372136314,0.6940034881813801
0.7200716471646265,0.693899721105018
0.7201716571156216,0.6937959240924809
0.7202716670666167,0.6936920971303312
0.7203716770176117,0.6935882402051189
0.7204716869686069,0.6934843533033819
0.7205716969196019,0.6933804364116465
0.720671706870597,0.6932764895164268
0.7207717168215921,0.6931725126042251
0.7208717267725872,0.6930685056615316
0.7209717367235823,0.6929644686748243
0.7210717466745773,0.6928604016305696
0.7211717566255724,0.6927563045152214
0.7212717665765676,0.6926521773152218
0.7213717765275626,0.692548020017001
0.7214717864785577,0.6924438326069765
0.7215717964295527,0.6923396150715544
0.7216718063805478,0.6922353673971282
0.721771816331543,0.6921310895700795
0.7218718262825381,0.6920267815767777
0.7219718362335332,0.6919224434035799
0.7220718461845282,0.6918180750368315
0.7221718561355234,0.6917136764628649
0.7222718660865184,0.6916092476680011
0.7223718760375135,0.6915047886385483
0.7224718859885085,0.6914002993608026
0.7225718959395037,0.6912957798210482
0.7226719058904988,0.6911912300055564
0.7227719158414938,0.691086649900587
0.7228719257924889,0.6909820394923868
0.722971935743484,0.6908773987671906
0.7230719456944791,0.6907727277112208
0.7231719556454742,0.6906680263106874
0.7232719655964692,0.6905632945517882
0.7233719755474644,0.6904585324207085
0.7234719854984594,0.6903537399036215
0.7235719954494545,0.6902489169866872
0.7236720054004496,0.6901440636560541
0.7237720153514446,0.6900391798978579
0.7238720253024399,0.6899342656982212
0.7239720352534349,0.6898293210432558
0.72407204520443,0.6897243459190591
0.724172055155425,0.6896193403117172
0.7242720651064202,0.6895143042073032
0.7243720750574153,0.6894092375918778
0.7244720850084103,0.6893041404514895
0.7245720949594054,0.6891990127721733
0.7246721049104005,0.6890938545399528
0.7247721148613956,0.688988665740838
0.7248721248123906,0.6888834463608268
0.7249721347633857,0.6887781963859042
0.7250721447143809,0.6886729158020432
0.7251721546653759,0.6885676045952033
0.725272164616371,0.6884622627513316
0.725372174567366,0.688356890256363
0.7254721845183612,0.6882514870962191
0.7255721944693563,0.6881460532568088
0.7256722044203513,0.6880405887240286
0.7257722143713464,0.687935093483762
0.7258722243223416,0.6878295675218798
0.7259722342733367,0.6877240108242402
0.7260722442243317,0.6876184233766882
0.7261722541753268,0.6875128051650562
0.726272264126322,0.6874071561751638
0.726372274077317,0.6873014763928179
0.7264722840283121,0.6871957658038119
0.7265722939793071,0.6870900243939271
0.7266723039303022,0.6869842521489313
0.7267723138812974,0.6868784490545798
0.7268723238322924,0.6867726150966148
0.7269723337832875,0.6866667502607655
0.7270723437342825,0.6865608545327482
0.7271723536852777,0.6864549278982659
0.7272723636362727,0.6863489703430095
0.7273723735872678,0.6862429818526555
0.7274723835382629,0.6861369624128688
0.727572393489258,0.6860309120093003
0.7276724034402531,0.6859248306275882
0.7277724133912481,0.6858187182533576
0.7278724233422432,0.6857125748722203
0.7279724332932384,0.6856064004697752
0.7280724432442335,0.6855001950316079
0.7281724531952286,0.6853939585432911
0.7282724631462236,0.6852876909903842
0.7283724730972188,0.6851813923584333
0.7284724830482138,0.6850750626329716
0.7285724929992089,0.6849687017995185
0.728672502950204,0.6848623098435808
0.728772512901199,0.6847558867506519
0.7288725228521942,0.6846494325062117
0.7289725328031892,0.6845429470957269
0.7290725427541843,0.6844364305046511
0.7291725527051794,0.6843298827184242
0.7292725626561745,0.6842233037224734
0.7293725726071696,0.6841166935022117
0.7294725825581646,0.6840100520430396
0.7295725925091597,0.6839033793303434
0.7296726024601548,0.6837966753494967
0.7297726124111499,0.6836899400858591
0.729872622362145,0.6835831735247772
0.7299726323131401,0.6834763756515839
0.7300726422641353,0.6833695464515989
0.7301726522151303,0.6832626859101282
0.7302726621661254,0.683155794012464
0.7303726721171204,0.6830488707438855
0.7304726820681156,0.6829419160896583
0.7305726920191107,0.6828349300350339
0.7306727019701057,0.6827279125652511
0.7307727119211008,0.6826208636655342
0.7308727218720958,0.6825137833210946
0.730972731823091,0.6824066715171295
0.7310727417740861,0.682299528238823
0.7311727517250811,0.6821923534713452
0.7312727616760762,0.6820851471998526
0.7313727716270713,0.6819779094094881
0.7314727815780664,0.6818706400853805
0.7315727915290615,0.6817633392126452
0.7316728014800565,0.6816560067763842
0.7317728114310517,0.6815486427616847
0.7318728213820467,0.6814412471536213
0.7319728313330418,0.681333819937254
0.7320728412840369,0.681226361097629
0.7321728512350321,0.6811188706197793
0.7322728611860271,0.6810113484887235
0.7323728711370222,0.6809037946894662
0.7324728810880173,0.6807962092069985
0.7325728910390124,0.6806885920262975
0.7326729009900075,0.6805809431323262
0.7327729109410025,0.680473262510034
0.7328729208919976,0.6803655501443556
0.7329729308429928,0.6802578060202127
0.7330729407939878,0.6801500301225124
0.7331729507449829,0.6800422224361476
0.7332729606959779,0.6799343829459978
0.733372970646973,0.6798265116369279
0.7334729805979682,0.6797186084937888
0.7335729905489632,0.6796106735014178
0.7336730004999583,0.6795027066446374
0.7337730104509533,0.6793947079082565
0.7338730204019485,0.6792866772770693
0.7339730303529436,0.6791786147358565
0.7340730403039387,0.6790705202693841
0.7341730502549338,0.6789623938624041
0.7342730602059289,0.6788542354996545
0.734373070156924,0.6787460451658585
0.734473080107919,0.6786378228457256
0.7345730900589141,0.6785295685239505
0.7346731000099092,0.6784212821852142
0.7347731099609043,0.6783129638141828
0.7348731199118994,0.6782046133955084
0.7349731298628944,0.678096230913829
0.7350731398138896,0.6779878163537675
0.7351731497648846,0.6778793696999331
0.7352731597158797,0.6777708909369201
0.7353731696668748,0.6776623800493087
0.7354731796178698,0.6775538370216647
0.735573189568865,0.677445261838539
0.73567319951986,0.6773366544844686
0.7357732094708551,0.6772280149439752
0.7358732194218502,0.677119343201567
0.7359732293728453,0.677010639241737
0.7360732393238404,0.6769019030489636
0.7361732492748355,0.6767931346077107
0.7362732592258306,0.6766843339024281
0.7363732691768257,0.6765755009175504
0.7364732791278208,0.6764666356374976
0.7365732890788159,0.6763577380466753
0.7366732990298109,0.6762488081294745
0.7367733089808061,0.6761398458702709
0.7368733189318011,0.6760308512534262
0.7369733288827962,0.6759218242632871
0.7370733388337912,0.6758127648841853
0.7371733487847864,0.6757036731004381
0.7372733587357815,0.6755945488963478
0.7373733686867765,0.6754853922562021
0.7374733786377716,0.6753762031642735
0.7375733885887666,0.6752669816048199
0.7376733985397618,0.6751577275620844
0.7377734084907569,0.675048441020295
0.7378734184417519,0.6749391219636652
0.737973428392747,0.6748297703763928
0.7380734383437421,0.6747203862426615
0.7381734482947372,0.6746109695466395
0.7382734582457323,0.6745015202724801
0.7383734681967274,0.6743920384043218
0.7384734781477226,0.674282523926288
0.7385734880987176,0.6741729768224869
0.7386734980497127,0.6740633970770117
0.7387735080007077,0.6739537846739405
0.7388735179517029,0.6738441395973365
0.738973527902698,0.6737344618312473
0.739073537853693,0.673624751359706
0.7391735478046881,0.67351500816673
0.7392735577556832,0.6734052322363219
0.7393735677066783,0.6732954235524685
0.7394735776576733,0.6731855820991423
0.7395735876086684,0.6730757078602996
0.7396735975596636,0.6729658008198818
0.7397736075106586,0.6728558609618155
0.7398736174616537,0.6727458882700114
0.7399736274126487,0.6726358827283648
0.7400736373636438,0.672525844320756
0.740173647314639,0.6724157730310499
0.7402736572656341,0.6723056688430958
0.7403736672166292,0.6721955317407279
0.7404736771676242,0.6720853617077648
0.7405736871186194,0.6719751587280093
0.7406736970696144,0.6718649227852493
0.7407737070206095,0.671754653863257
0.7408737169716046,0.6716443519457889
0.7409737269225997,0.6715340170165862
0.7410737368735948,0.6714236490593744
0.7411737468245898,0.6713132480578637
0.7412737567755849,0.6712028139957482
0.7413737667265801,0.6710923468567068
0.7414737766775751,0.6709818466244027
0.7415737866285702,0.6708713132824833
0.7416737965795652,0.6707607468145804
0.7417738065305604,0.67065014720431
0.7418738164815554,0.6705395144352728
0.7419738264325505,0.6704288484910531
0.7420738363835456,0.6703181493552198
0.7421738463345406,0.6702074170113261
0.7422738562855358,0.6700966514429093
0.7423738662365309,0.6699858526334905
0.742473876187526,0.6698750205665758
0.742573886138521,0.6697641552256547
0.7426738960895162,0.6696532565942008
0.7427739060405113,0.6695423246556723
0.7428739159915063,0.6694313593935112
0.7429739259425014,0.6693203607911434
0.7430739358934965,0.669209328831979
0.7431739458444916,0.669098263499412
0.7432739557954867,0.6689871647768206
0.7433739657464817,0.6688760326475666
0.7434739756974769,0.6687648670949959
0.7435739856484719,0.6686536681024385
0.743673995599467,0.6685424356532081
0.7437740055504621,0.6684311697306021
0.7438740155014572,0.6683198703179024
0.7439740254524523,0.6682085373983737
0.7440740354034473,0.6680971709552657
0.7441740453544424,0.6679857709718107
0.7442740553054374,0.6678743374312257
0.7443740652564327,0.6677628703167106
0.7444740752074277,0.6676513696114502
0.7445740851584228,0.6675398352986117
0.744674095109418,0.6674282673613469
0.744774105060413,0.6673166657827908
0.7448741150114081,0.6672050305460621
0.7449741249624031,0.6670933616342631
0.7450741349133982,0.6669816590304798
0.7451741448643934,0.6668699227177817
0.7452741548153884,0.6667581526792218
0.7453741647663835,0.6666463488978367
0.7454741747173785,0.6665345113566464
0.7455741846683737,0.6664226400386543
0.7456741946193688,0.6663107349268476
0.7457742045703638,0.6661987960041966
0.7458742145213589,0.666086823253655
0.745974224472354,0.6659748166581602
0.7460742344233491,0.6658627762006325
0.7461742443743442,0.6657507018639759
0.7462742543253392,0.6656385936310776
0.7463742642763344,0.665526451484808
0.7464742742273295,0.6654142754080211
0.7465742841783246,0.6653020653835536
0.7466742941293196,0.665189821394226
0.7467743040803148,0.6650775434228414
0.7468743140313099,0.6649652314521868
0.7469743239823049,0.6648528854650317
0.7470743339333,0.664740505444129
0.747174343884295,0.6646280913722149
0.7472743538352902,0.6645156432320081
0.7473743637862852,0.6644031610062112
0.7474743737372803,0.6642906446775091
0.7475743836882754,0.66417809422857
0.7476743936392705,0.6640655096420451
0.7477744035902656,0.6639528909005687
0.7478744135412606,0.663840237986758
0.7479744234922557,0.6637275508832127
0.7480744334432509,0.6636148295725158
0.7481744433942459,0.6635020740372335
0.748274453345241,0.6633892842599138
0.748374463296236,0.6632764602230887
0.7484744732472313,0.6631636019092723
0.7485744831982263,0.6630507093009618
0.7486744931492214,0.6629377823806367
0.7487745031002165,0.6628248211307598
0.7488745130512116,0.6627118255337766
0.7489745230022067,0.6625987955721147
0.7490745329532017,0.6624857312281849
0.7491745429041968,0.6623726324843802
0.749274552855192,0.6622594993230767
0.749374562806187,0.6621463317266328
0.7494745727571821,0.6620331296773896
0.7495745827081771,0.6619198931576706
0.7496745926591722,0.6618066221497819
0.7497746026101673,0.661693316636012
0.7498746125611624,0.6615799765986321
0.7499746225121575,0.6614666020198956
0.7500746324631525,0.6613531928820384
0.7501746424141477,0.6612397491672787
0.7502746523651427,0.6611262708578175
0.7503746623161378,0.6610127579358376
0.7504746722671329,0.6608992103835042
0.7505746822181281,0.6607856281829653
0.7506746921691232,0.6606720113163507
0.7507747021201182,0.6605583597657725
0.7508747120711133,0.6604446735133251
0.7509747220221084,0.6603309525410853
0.7510747319731035,0.6602171968311116
0.7511747419240986,0.6601034063654451
0.7512747518750936,0.6599895811261087
0.7513747618260888,0.6598757210951077
0.7514747717770838,0.6597618262544294
0.7515747817280789,0.6596478965860427
0.751674791679074,0.6595339320718993
0.751774801630069,0.6594199326939324
0.7518748115810642,0.6593058984340572
0.7519748215320592,0.6591918292741709
0.7520748314830543,0.6590777251961528
0.7521748414340493,0.6589635861818639
0.7522748513850445,0.658849412213147
0.7523748613360396,0.658735203271827
0.7524748712870346,0.6586209593397105
0.7525748812380298,0.6585066803985858
0.7526748911890249,0.6583923664302235
0.75277490114002,0.6582780174163748
0.752874911091015,0.6581636333387741
0.7529749210420101,0.6580492141791362
0.7530749309930053,0.6579347599191582
0.7531749409440003,0.6578202705405191
0.7532749508949954,0.6577057460248786
0.7533749608459904,0.6575911863538793
0.7534749707969856,0.657476591509144
0.7535749807479807,0.6573619614722779
0.7536749906989757,0.6572472962248675
0.7537750006499708,0.6571325957484809
0.7538750106009658,0.6570178600246676
0.753975020551961,0.6569030890349581
0.7540750305029561,0.6567882827608649
0.7541750404539511,0.6566734411838818
0.7542750504049462,0.6565585642854839
0.7543750603559413,0.6564436520471273
0.7544750703069364,0.6563287044502498
0.7545750802579314,0.6562137214762706
0.7546750902089266,0.6560987031065894
0.7547751001599217,0.655983649322588
0.7548751101109168,0.6558685601056291
0.7549751200619119,0.6557534354370563
0.7550751300129069,0.655638275298195
0.7551751399639021,0.6555230796703507
0.7552751499148971,0.6554078485348109
0.7553751598658922,0.6552925818728438
0.7554751698168873,0.6551772796656988
0.7555751797678824,0.6550619418946061
0.7556751897188775,0.6549465685407768
0.7557751996698725,0.6548311595854036
0.7558752096208676,0.6547157150096593
0.7559752195718628,0.6546002347946981
0.7560752295228578,0.6544847189216552
0.7561752394738529,0.654369167371646
0.7562752494248479,0.6542535801257675
0.756375259375843,0.6541379571650969
0.7564752693268382,0.6540222984706926
0.7565752792778332,0.6539066040235935
0.7566752892288284,0.653790873804819
0.7567752991798234,0.6536751077953701
0.7568753091308186,0.6535593059762272
0.7569753190818136,0.6534434683283524
0.7570753290328087,0.6533275948326877
0.7571753389838037,0.6532116854701558
0.7572753489347989,0.6530957402216605
0.757375358885794,0.6529797590680854
0.757475368836789,0.652863741990295
0.7575753787877841,0.652747688969134
0.7576753887387792,0.6526315999854282
0.7577753986897743,0.6525154750199827
0.7578754086407694,0.6523993140535839
0.7579754185917644,0.6522831170669984
0.7580754285427596,0.6521668840409727
0.7581754384937546,0.6520506149562341
0.7582754484447497,0.6519343097934897
0.7583754583957448,0.6518179685334272
0.7584754683467398,0.6517015911567147
0.758575478297735,0.6515851776439997
0.75867548824873,0.6514687279759107
0.7587754981997252,0.6513522421330556
0.7588755081507202,0.6512357200960234
0.7589755181017154,0.651119161845382
0.7590755280527105,0.6510025673616799
0.7591755380037055,0.6508859366254461
0.7592755479547006,0.6507692696171885
0.7593755579056957,0.6506525663173961
0.7594755678566908,0.6505358267065366
0.7595755778076858,0.6504190507650589
0.7596755877586809,0.6503022384733906
0.7597755977096761,0.6501853898119401
0.7598756076606711,0.650068504761095
0.7599756176116662,0.6499515833012229
0.7600756275626612,0.6498346254126712
0.7601756375136564,0.6497176310757667
0.7602756474646515,0.6496006002708163
0.7603756574156465,0.6494835329781067
0.7604756673666416,0.6493664291779033
0.7605756773176366,0.6492492888504524
0.7606756872686318,0.6491321119759788
0.7607756972196269,0.6490148985346873
0.760875707170622,0.6488976485067625
0.7609757171216172,0.6487803618723678
0.7610757270726122,0.6486630386116468
0.7611757370236073,0.6485456787047218
0.7612757469746023,0.6484282821316951
0.7613757569255974,0.6483108488726481
0.7614757668765926,0.6481933789076415
0.7615757768275876,0.6480758722167155
0.7616757867785827,0.6479583287798892
0.7617757967295777,0.6478407485771616
0.7618758066805729,0.64772313158851
0.7619758166315679,0.647605477793892
0.762075826582563,0.6474877871732434
0.7621758365335581,0.6473700597064795
0.7622758464845532,0.6472522953734949
0.7623758564355483,0.6471344941541628
0.7624758663865433,0.6470166560283361
0.7625758763375384,0.6468987809758457
0.7626758862885336,0.6467808689765027
0.7627758962395286,0.6466629200100961
0.7628759061905238,0.6465449340563942
0.7629759161415188,0.6464269110951446
0.763075926092514,0.6463088511060731
0.763175936043509,0.6461907540688847
0.7632759459945041,0.6460726199632629
0.7633759559454992,0.6459544487688704
0.7634759658964942,0.6458362404653483
0.7635759758474894,0.6457179950323162
0.7636759857984844,0.645599712449373
0.7637759957494795,0.6454813926960955
0.7638760057004746,0.6453630357520397
0.7639760156514697,0.6452446415967399
0.7640760256024648,0.645126210209709
0.7641760355534598,0.6450077415704383
0.7642760455044549,0.6448892356583976
0.76437605545545,0.6447706924530355
0.7644760654064451,0.6446521119337784
0.7645760753574402,0.6445334940800315
0.7646760853084352,0.6444148388711783
0.7647760952594304,0.6442961462865805
0.7648761052104255,0.6441774163055782
0.7649761151614206,0.6440586489074897
0.7650761251124156,0.6439398440716115
0.7651761350634108,0.6438210017772183
0.7652761450144059,0.6437021220035631
0.7653761549654009,0.6435832047298768
0.765476164916396,0.6434642499353685
0.765576174867391,0.6433452575992256
0.7656761848183862,0.6432262277006128
0.7657761947693813,0.6431071602186735
0.7658762047203763,0.6429880551325291
0.7659762146713714,0.6428689124212782
0.7660762246223665,0.6427497320639982
0.7661762345733616,0.6426305140397437
0.7662762445243567,0.6425112583275473
0.7663762544753517,0.6423919649064198
0.7664762644263469,0.6422726337553492
0.7665762743773419,0.6421532648533015
0.766676284328337,0.6420338581792202
0.766776294279332,0.6419144137120268
0.7668763042303272,0.6417949314306204
0.7669763141813223,0.6416754113138773
0.7670763241323174,0.6415558533406518
0.7671763340833125,0.6414362574897755
0.7672763440343076,0.6413166237400578
0.7673763539853027,0.641196952070285
0.7674763639362977,0.6410772424592215
0.7675763738872928,0.6409574948856085
0.767676383838288,0.6408377093281649
0.767776393789283,0.6407178857655871
0.7678764037402781,0.6405980241765482
0.7679764136912731,0.6404781245396993
0.7680764236422682,0.640358186833668
0.7681764335932634,0.6402382110370598
0.7682764435442584,0.6401181971284569
0.7683764534952535,0.6399981450864186
0.7684764634462485,0.6398780548894818
0.7685764733972437,0.6397579265161597
0.7686764833482388,0.6396377599449432
0.7687764932992338,0.6395175551543
0.7688765032502289,0.6393973121226744
0.7689765132012241,0.6392770308284881
0.7690765231522192,0.6391567112501394
0.7691765331032142,0.6390363533660037
0.7692765430542093,0.638915957154433
0.7693765530052044,0.6387955225937562
0.7694765629561995,0.6386750496622786
0.7695765729071946,0.6385545383382827
0.7696765828581896,0.6384339886000278
0.7697765928091848,0.638313400425749
0.7698766027601798,0.6381927737936589
0.7699766127111749,0.6380721086819462
0.77007662266217,0.6379514050687762
0.770176632613165,0.637830662932291
0.7702766425641602,0.6377098822506085
0.7703766525151552,0.6375890630018239
0.7704766624661503,0.637468205164008
0.7705766724171454,0.6373473087152085
0.7706766823681405,0.6372263736334494
0.7707766923191356,0.6371053998967302
0.7708767022701306,0.6369843874830281
0.7709767122211257,0.636863336370295
0.7710767221721209,0.6367422465364599
0.771176732123116,0.6366211179594279
0.7712767420741111,0.6364999506170799
0.7713767520251061,0.636378744487273
0.7714767619761013,0.6362574995478403
0.7715767719270963,0.6361362157765911
0.7716767818780914,0.6360148931513102
0.7717767918290864,0.6358935316497589
0.7718768017800816,0.6357721312496739
0.7719768117310767,0.6356506919287682
0.7720768216820717,0.6355292136647304
0.7721768316330668,0.6354076964352244
0.7722768415840618,0.635286140217891
0.772376851535057,0.6351645449903455
0.7724768614860521,0.6350429107301794
0.7725768714370471,0.6349212374149603
0.7726768813880422,0.6347995250222304
0.7727768913390373,0.6346777735295083
0.7728769012900324,0.6345559829142875
0.7729769112410275,0.6344341531540375
0.7730769211920225,0.634312284226203
0.7731769311430178,0.634190376108204
0.7732769410940128,0.6340684287774362
0.7733769510450079,0.6339464422112703
0.7734769609960029,0.6338244163870526
0.7735769709469981,0.6337023512821042
0.7736769808979932,0.6335802468737218
0.7737769908489882,0.6334581031391775
0.7738770007999833,0.6333359200557178
0.7739770107509784,0.6332136976005651
0.7740770207019735,0.6330914357509163
0.7741770306529685,0.6329691344839437
0.7742770406039636,0.632846793776794
0.7743770505549588,0.6327244136065897
0.7744770605059538,0.6326019939504279
0.7745770704569489,0.63247953478538
0.7746770804079439,0.6323570360884933
0.774777090358939,0.6322344978367886
0.7748771003099342,0.6321119200072628
0.7749771102609292,0.6319893025768867
0.7750771202119243,0.6318666455226056
0.7751771301629194,0.6317439488213403
0.7752771401139146,0.6316212124499855
0.7753771500649096,0.6314984363854107
0.7754771600159047,0.63137562060446
0.7755771699668998,0.6312527650839516
0.7756771799178949,0.6311298698006788
0.77577718986889,0.6310069347314086
0.775877199819885,0.630883959852883
0.7759772097708801,0.630760945141818
0.7760772197218753,0.6306378905749037
0.7761772296728703,0.6305147961288048
0.7762772396238654,0.6303916617801602
0.7763772495748604,0.6302684875055827
0.7764772595258556,0.6301452732816594
0.7765772694768506,0.6300220190849515
0.7766772794278457,0.6298987248919942
0.7767772893788408,0.6297753906792966
0.7768772993298358,0.6296520164233421
0.776977309280831,0.6295286021005876
0.777077319231826,0.6294051476874644
0.7771773291828211,0.629281653160377
0.7772773391338162,0.629158118495704
0.7773773490848114,0.6290345436697983
0.7774773590358065,0.6289109286589856
0.7775773689868015,0.628787273439566
0.7776773789377966,0.6286635779878127
0.7777773888887917,0.628539842279973
0.7778773988397868,0.6284160662922672
0.7779774087907819,0.6282922500008897
0.7780774187417769,0.6281683933820082
0.7781774286927721,0.6280444964117635
0.7782774386437671,0.6279205590662703
0.7783774485947622,0.6277965813216159
0.7784774585457573,0.6276725631538618
0.7785774684967524,0.6275485045390424
0.7786774784477475,0.6274244054531651
0.7787774883987425,0.6273002658722109
0.7788774983497376,0.6271760857721335
0.7789775083007326,0.62705186512886
0.7790775182517278,0.6269276039182904
0.7791775282027229,0.6268033021162979
0.779277538153718,0.6266789596987286
0.7793775481047132,0.6265545766414012
0.7794775580557082,0.6264301529201082
0.7795775680067033,0.6263056885106137
0.7796775779576983,0.6261811833886557
0.7797775879086934,0.6260566375299441
0.7798775978596886,0.6259320509101622
0.7799776078106836,0.6258074235049657
0.7800776177616787,0.6256827552899826
0.7801776277126737,0.6255580462408142
0.7802776376636689,0.6254332963330337
0.780377647614664,0.625308505542187
0.780477657565659,0.6251836738437928
0.7805776675166541,0.6250588012133417
0.7806776774676492,0.6249338876262969
0.7807776874186443,0.624808933058094
0.7808776973696394,0.6246839374841407
0.7809777073206344,0.6245589008798174
0.7810777172716296,0.6244338232204757
0.7811777272226246,0.6243087044814406
0.7812777371736197,0.6241835446380083
0.7813777471246148,0.6240583436654473
0.78147775707561,0.6239331015389983
0.781577767026605,0.623807818233874
0.7816777769776001,0.6236824937252586
0.7817777869285952,0.6235571279883086
0.7818777968795902,0.6234317209981525
0.7819778068305854,0.6233062727298897
0.7820778167815804,0.6231807831585926
0.7821778267325755,0.6230552522593041
0.7822778366835706,0.6229296800070396
0.7823778466345657,0.622804066376786
0.7824778565855608,0.6226784113435013
0.7825778665365558,0.6225527148821155
0.7826778764875509,0.6224269769675298
0.7827778864385461,0.6223011975746172
0.7828778963895411,0.6221753766782216
0.7829779063405362,0.6220495142531586
0.7830779162915312,0.6219236102742149
0.7831779262425264,0.6217976647161486
0.7832779361935215,0.6216716775536889
0.7833779461445166,0.6215456487615361
0.7834779560955117,0.6214195783143619
0.7835779660465068,0.6212934661868089
0.7836779759975019,0.6211673123534905
0.7837779859484969,0.6210411167889915
0.783877995899492,0.6209148794678672
0.783978005850487,0.620788600364644
0.7840780158014822,0.6206622794538191
0.7841780257524773,0.6205359167098606
0.7842780357034723,0.6204095121072073
0.7843780456544674,0.6202830656202684
0.7844780556054625,0.6201565772234242
0.7845780655564576,0.6200300468910251
0.7846780755074527,0.6199034745973928
0.7847780854584477,0.6197768603168187
0.7848780954094429,0.6196502040235649
0.7849781053604379,0.6195235056918642
0.785078115311433,0.6193967652959195
0.7851781252624281,0.6192699828099039
0.7852781352134232,0.6191431582079614
0.7853781451644183,0.6190162914642053
0.7854781551154134,0.6188893825527196
0.7855781650664085,0.6187624314475586
0.7856781750174036,0.6186354381227462
0.7857781849683987,0.6185084025522766
0.7858781949193938,0.6183813247101139
0.7859782048703888,0.6182542045701922
0.786078214821384,0.6181270421064152
0.786178224772379,0.6179998372926572
0.7862782347233741,0.6178725901027611
0.7863782446743691,0.6177453005105406
0.7864782546253642,0.6176179684897782
0.7865782645763594,0.6174905940142269
0.7866782745273544,0.6173631770576088
0.7867782844783495,0.6172357175936154
0.7868782944293445,0.6171082155959081
0.7869783043803397,0.6169806710381173
0.7870783143313348,0.6168530838938431
0.7871783242823298,0.6167254541366549
0.7872783342333249,0.6165977817400912
0.78737834418432,0.61647006667766
0.7874783541353152,0.616342308922838
0.7875783640863102,0.616214508449072
0.7876783740373053,0.6160866652297766
0.7877783839883005,0.6159587792383365
0.7878783939392955,0.615830850448105
0.7879784038902906,0.615702878832404
0.7880784138412856,0.615574864364525
0.7881784237922808,0.6154468070177275
0.7882784337432759,0.6153187067652404
0.7883784436942709,0.6151905635802611
0.788478453645266,0.6150623774359558
0.788578463596261,0.6149341483054591
0.7886784735472562,0.6148058761618743
0.7887784834982512,0.6146775609782734
0.7888784934492463,0.6145492027276965
0.7889785034002414,0.6144208013831524
0.7890785133512365,0.6142923569176183
0.7891785233022316,0.6141638693040393
0.7892785332532266,0.6140353385153294
0.7893785432042217,0.6139067645243703
0.7894785531552169,0.6137781473040119
0.789578563106212,0.6136494868270727
0.7896785730572071,0.6135207830663385
0.7897785830082021,0.6133920359945638
0.7898785929591973,0.6132632455844707
0.7899786029101923,0.6131344118087492
0.7900786128611874,0.6130055346400569
0.7901786228121825,0.6128766140510197
0.7902786327631776,0.6127476500142311
0.7903786427141727,0.6126186425022521
0.7904786526651677,0.6124895914876115
0.7905786626161628,0.6123604969428053
0.790678672567158,0.6122313588402974
0.790778682518153,0.6121021771525195
0.7908786924691481,0.6119729518518695
0.7909787024201431,0.6118436829107143
0.7910787123711382,0.6117143703013865
0.7911787223221334,0.6115850139961873
0.7912787322731284,0.6114556139673842
0.7913787422241235,0.6113261701872121
0.7914787521751185,0.6111966826278733
0.7915787621261138,0.6110671512615363
0.7916787720771088,0.6109375760603379
0.7917787820281039,0.6108079569963806
0.7918787919790989,0.6106782940417343
0.7919788019300941,0.6105485871684356
0.7920788118810892,0.6104188363484879
0.7921788218320842,0.6102890415538615
0.7922788317830793,0.6101592027564929
0.7923788417340744,0.6100293199282857
0.7924788516850695,0.6098993930411094
0.7925788616360646,0.6097694220668005
0.7926788715870596,0.6096394069771621
0.7927788815380548,0.6095093477439627
0.7928788914890498,0.6093792443389384
0.7929789014400449,0.6092490967337905
0.79307891139104,0.6091189049001868
0.793178921342035,0.6089886688097619
0.7932789312930302,0.6088583884341152
0.7933789412440252,0.6087280637448134
0.7934789511950203,0.6085976947133882
0.7935789611460154,0.608467281311338
0.7936789710970106,0.6083368235101264
0.7937789810480057,0.6082063212811831
0.7938789909990007,0.6080757745959039
0.7939790009499959,0.6079451834256494
0.7940790109009909,0.6078145477417467
0.794179020851986,0.6076838675154878
0.794279030802981,0.6075531427181305
0.7943790407539761,0.6074223733208983
0.7944790507049713,0.6072915592949796
0.7945790606559663,0.6071607006115286
0.7946790706069614,0.6070297972416643
0.7947790805579564,0.6068988491564714
0.7948790905089516,0.6067678563269993
0.7949791004599467,0.6066368187242627
0.7950791104109417,0.6065057363192418
0.7951791203619368,0.6063746090828808
0.7952791303129318,0.6062434369860896
0.795379140263927,0.6061122199997426
0.7954791502149221,0.6059809580946792
0.7955791601659171,0.6058496512417036
0.7956791701169124,0.6057182994115843
0.7957791800679074,0.6055869025750549
0.7958791900189025,0.6054554607028131
0.7959791999698975,0.6053239737655216
0.7960792099208926,0.605192441733807
0.7961792198718878,0.6050608645782606
0.7962792298228828,0.6049292422694381
0.7963792397738779,0.6047975747778592
0.7964792497248729,0.6046658620740082
0.7965792596758681,0.6045341041283329
0.7966792696268631,0.6044023009112457
0.7967792795778582,0.6042704523931227
0.7968792895288533,0.6041385585443044
0.7969792994798484,0.6040066193350949
0.7970793094308435,0.6038746347357618
0.7971793193818385,0.6037426047165371
0.7972793293328336,0.6036105292476159
0.7973793392838288,0.6034784082991576
0.7974793492348238,0.6033462418412847
0.7975793591858189,0.6032140298440832
0.7976793691368139,0.603081772277603
0.7977793790878092,0.6029494691118565
0.7978793890388042,0.6028171203168209
0.7979793989897993,0.6026847258624353
0.7980794089407944,0.6025522857186023
0.7981794188917894,0.6024197998551885
0.7982794288427846,0.6022872682420223
0.7983794387937796,0.602154690848896
0.7984794487447747,0.6020220676455645
0.7985794586957699,0.6018893986017457
0.7986794686467649,0.6017566836871205
0.79877947859776,0.6016239228713322
0.798879488548755,0.601491116123987
0.7989794984997501,0.6013582634146535
0.7990795084507452,0.6012253647128633
0.7991795184017403,0.60109241998811
0.7992795283527354,0.60095942920985
0.7993795383037304,0.6008263923475023
0.7994795482547256,0.6006933093704474
0.7995795582057206,0.6005601802480287
0.7996795681567157,0.6004270049495515
0.7997795781077108,0.6002937834442833
0.799879588058706,0.6001605157014537
0.7999795980097011,0.6000272016902543
0.8000796079606961,0.5998938413798385
0.8001796179116912,0.5997604347393214
0.8002796278626862,0.5996269817377804
0.8003796378136814,0.5994934823442538
0.8004796477646765,0.5993599365277424
0.8005796577156715,0.5992263442572082
0.8006796676666667,0.5990927055015746
0.8007796776176617,0.5989590202297264
0.8008796875686568,0.5988252884105102
0.8009796975196519,0.5986915100127335
0.8010797074706469,0.5985576850051654
0.8011797174216421,0.5984238133565356
0.8012797273726371,0.5982898950355358
0.8013797373236322,0.5981559300108177
0.8014797472746272,0.5980219182509949
0.8015797572256224,0.5978878597246412
0.8016797671766175,0.5977537544002918
0.8017797771276125,0.5976196022464424
0.8018797870786077,0.5974854032315491
0.8019797970296028,0.5973511573240292
0.8020798069805979,0.5972168644922603
0.8021798169315929,0.5970825247045806
0.802279826882588,0.5969481379292882
0.8023798368335832,0.5968137041346424
0.8024798467845782,0.5966792232888622
0.8025798567355733,0.5965446953601269
0.8026798666865683,0.5964101203165763
0.8027798766375634,0.5962754981263094
0.8028798865885586,0.5961408287573862
0.8029798965395536,0.5960061121778264
0.8030799064905487,0.595871348355609
0.8031799164415437,0.5957365372586734
0.8032799263925389,0.5956016788549184
0.803379936343534,0.5954667731122025
0.803479946294529,0.5953318199983442
0.8035799562455241,0.5951968194811205
0.8036799661965192,0.595061771528269
0.8037799761475143,0.5949266761074858
0.8038799860985093,0.594791533186427
0.8039799960495045,0.594656342732707
0.8040800060004996,0.5945211047139004
0.8041800159514947,0.5943858190975402
0.8042800259024898,0.5942504858511185
0.8043800358534848,0.5941151049420865
0.80448004580448,0.593979676337854
0.804580055755475,0.5938442000057901
0.8046800657064701,0.5937086759132217
0.8047800756574652,0.5935731040274353
0.8048800856084602,0.5934374843156756
0.8049800955594554,0.5933018167451454
0.8050801055104504,0.5931661012830066
0.8051801154614455,0.5930303378963788
0.8052801254124407,0.5928945265523403
0.8053801353634357,0.5927586672179278
0.8054801453144308,0.5926227598601352
0.8055801552654258,0.5924868044459155
0.8056801652164209,0.5923508009421787
0.8057801751674161,0.5922147493157937
0.8058801851184111,0.5920786495335865
0.8059801950694063,0.5919425015623406
0.8060802050204013,0.5918063053687986
0.8061802149713965,0.591670060919659
0.8062802249223915,0.5915337681815788
0.8063802348733866,0.5913974271211719
0.8064802448243816,0.5912610377050102
0.8065802547753768,0.5911245998996221
0.8066802647263719,0.5909881136714938
0.8067802746773669,0.5908515789870687
0.806880284628362,0.5907149958127468
0.806980294579357,0.5905783641148854
0.8070803045303522,0.5904416838597983
0.8071803144813473,0.5903049550137567
0.8072803244323423,0.5901681775429883
0.8073803343833375,0.5900313514136771
0.8074803443343325,0.5898944765919646
0.8075803542853276,0.5897575530439477
0.8076803642363227,0.5896205807356805
0.8077803741873177,0.5894835596331733
0.8078803841383129,0.5893464897023923
0.8079803940893079,0.5892093709092606
0.8080804040403031,0.5890722032196566
0.8081804139912981,0.5889349865994157
0.8082804239422933,0.5887977210143283
0.8083804338932884,0.588660406430141
0.8084804438442834,0.5885230428125567
0.8085804537952785,0.5883856301272333
0.8086804637462736,0.5882481683397849
0.8087804736972687,0.5881106574157806
0.8088804836482637,0.5879730973207455
0.8089804935992588,0.5878354880201598
0.809080503550254,0.5876978294794593
0.809180513501249,0.5875601216640345
0.8092805234522441,0.5874223645392315
0.8093805334032391,0.5872845580703515
0.8094805433542342,0.5871467022226504
0.8095805533052294,0.5870087969613391
0.8096805632562244,0.5868708422515836
0.8097805732072195,0.5867328380585043
0.8098805831582145,0.5865947843471764
0.8099805931092097,0.5864566810826295
0.8100806030602048,0.5863185282298479
0.8101806130111999,0.5861803257537703
0.810280622962195,0.5860420736192898
0.8103806329131901,0.5859037717912536
0.8104806428641852,0.585765420234463
0.8105806528151802,0.5856270189136736
0.8106806627661753,0.5854885677935946
0.8107806727171705,0.5853500668388896
0.8108806826681655,0.5852115160141758
0.8109806926191606,0.5850729152840238
0.8110807025701556,0.5849342646129586
0.8111807125211508,0.5847955639654581
0.8112807224721458,0.584656813305954
0.8113807324231409,0.5845180125988312
0.811480742374136,0.5843791618084282
0.811580752325131,0.5842402608990366
0.8116807622761262,0.5841013098349007
0.8117807722271212,0.5839623085802189
0.8118807821781163,0.5838232570991413
0.8119807921291115,0.5836841553557718
0.8120808020801065,0.5835450033141668
0.8121808120311017,0.583405800938335
0.8122808219820967,0.5832665481922388
0.8123808319330919,0.583127245039792
0.8124808418840869,0.5829878914448613
0.812580851835082,0.5828484873712657
0.8126808617860771,0.5827090327827765
0.8127808717370721,0.5825695276431175
0.8128808816880673,0.5824299719159638
0.8129808916390623,0.5822903655649433
0.8130809015900574,0.5821507085536352
0.8131809115410525,0.5820110008455707
0.8132809214920476,0.5818712424042333
0.8133809314430427,0.5817314331930571
0.8134809413940377,0.5815915731754288
0.8135809513450328,0.5814516623146858
0.8136809612960278,0.5813117005741171
0.813780971247023,0.5811716879169632
0.8138809811980181,0.5810316243064152
0.8139809911490131,0.5808915097056164
0.8140810011000083,0.5807513440776598
0.8141810110510034,0.5806111273855901
0.8142810210019985,0.5804708595924027
0.8143810309529935,0.5803305406610438
0.8144810409039887,0.5801901705544098
0.8145810508549838,0.5800497492353481
0.8146810608059788,0.5799092766666568
0.8147810707569739,0.5797687528110834
0.8148810807079689,0.5796281776313265
0.8149810906589641,0.5794875510900346
0.8150811006099592,0.5793468731498062
0.8151811105609542,0.57920614377319
0.8152811205119493,0.5790653629226845
0.8153811304629444,0.5789245305607381
0.8154811404139395,0.5787836466497484
0.8155811503649346,0.5786427111520631
0.8156811603159296,0.5785017240299796
0.8157811702669248,0.5783606852457441
0.8158811802179198,0.5782195947615528
0.8159811901689149,0.5780784525395504
0.8160812001199099,0.5779372585418313
0.816181210070905,0.5777960127304386
0.8162812200219002,0.5776547150673647
0.8163812299728953,0.5775133655145503
0.8164812399238904,0.5773719640338856
0.8165812498748855,0.5772305105872089
0.8166812598258806,0.577089005136307
0.8167812697768756,0.5769474476429155
0.8168812797278707,0.5768058380687181
0.8169812896788659,0.5766641763753468
0.8170812996298609,0.5765224625243821
0.817181309580856,0.5763806964773519
0.817281319531851,0.5762388781957327
0.8173813294828461,0.5760970076409483
0.8174813394338413,0.575955084774371
0.8175813493848363,0.57581310955732
0.8176813593358314,0.5756710819510625
0.8177813692868264,0.5755290019168132
0.8178813792378216,0.5753868694157338
0.8179813891888167,0.5752446844089335
0.8180813991398117,0.5751024468574691
0.8181814090908068,0.5749601567223435
0.818281419041802,0.5748178139645073
0.8183814289927971,0.5746754185448577
0.8184814389437921,0.574532970424239
0.8185814488947872,0.5743904695634415
0.8186814588457823,0.5742479159232028
0.8187814687967774,0.5741053094642061
0.8188814787477725,0.5739626501470817
0.8189814886987675,0.5738199379324063
0.8190814986497627,0.5736771727807015
0.8191815086007577,0.5735343546524364
0.8192815185517528,0.5733914835080252
0.8193815285027479,0.573248559307828
0.819481538453743,0.5731055820121511
0.8195815484047382,0.5729625515812459
0.8196815583557332,0.5728194679753096
0.8197815683067283,0.5726763311544846
0.8198815782577233,0.572533141078859
0.8199815882087185,0.5723898977084655
0.8200815981597136,0.5722466010032825
0.8201816081107086,0.5721032509232332
0.8202816180617037,0.5719598474281855
0.8203816280126988,0.5718163904779523
0.8204816379636939,0.5716728800322908
0.820581647914689,0.5715293160509033
0.820681657865684,0.5713856984934366
0.8207816678166792,0.5712420273194809
0.8208816777676742,0.5710983024885719
0.8209816877186693,0.5709545239601884
0.8210816976696643,0.5708106916937541
0.8211817076206595,0.5706668056486357
0.8212817175716546,0.5705228657841446
0.8213817275226496,0.5703788720595353
0.8214817374736447,0.5702348244340062
0.8215817474246397,0.570090722866699
0.8216817573756349,0.5699465673166988
0.82178176732663,0.5698023577430341
0.821881777277625,0.5696580941046765
0.8219817872286201,0.5695137763605402
0.8220817971796152,0.5693694044694833
0.8221818071306103,0.5692249783903057
0.8222818170816054,0.5690804980817505
0.8223818270326004,0.5689359635025035
0.8224818369835956,0.5687913746111927
0.8225818469345906,0.5686467313663887
0.8226818568855857,0.5685020337266039
0.8227818668365808,0.5683572816502934
0.8228818767875758,0.5682124750958543
0.822981886738571,0.568067614021625
0.823081896689566,0.5679226983858865
0.8231819066405611,0.5677777281468607
0.8232819165915561,0.567632703262712
0.8233819265425513,0.5674876236915452
0.8234819364935465,0.5673424893914069
0.8235819464445416,0.5671973003202855
0.8236819563955367,0.56705205643611
0.8237819663465318,0.56690675769675
0.8238819762975269,0.5667614040600165
0.8239819862485219,0.5666159954836614
0.824081996199517,0.5664705319253767
0.8241820061505121,0.5663250133427954
0.8242820161015072,0.5661794396934903
0.8243820260525023,0.5660338109349753
0.8244820360034973,0.5658881270247041
0.8245820459544925,0.5657423879200703
0.8246820559054875,0.5655965935784076
0.8247820658564826,0.5654507439569894
0.8248820758074777,0.565304839013029
0.8249820857584728,0.5651588787036792
0.8250820957094679,0.5650128629860318
0.8251821056604629,0.5648667918171192
0.825282115611458,0.5647206651539113
0.8253821255624532,0.5645744829533184
0.8254821355134482,0.5644282451721895
0.8255821454644433,0.5642819517673118
0.8256821554154383,0.5641356026954122
0.8257821653664335,0.5639891979131554
0.8258821753174285,0.5638427373771452
0.8259821852684236,0.5636962210439233
0.8260821952194187,0.5635496488699697
0.8261822051704137,0.5634030208117031
0.8262822151214089,0.5632563368254793
0.8263822250724039,0.5631095968675928
0.826482235023399,0.562962800894275
0.8265822449743941,0.5628159488616955
0.8266822549253892,0.5626690407259617
0.8267822648763843,0.5625220764431174
0.8268822748273793,0.5623750559691445
0.8269822847783744,0.5622279792599615
0.8270822947293696,0.5620808462714241
0.8271823046803646,0.5619336569593251
0.8272823146313597,0.5617864112793937
0.8273823245823547,0.5616391091872956
0.8274823345333499,0.5614917506386333
0.8275823444843451,0.5613443355889456
0.8276823544353402,0.5611968639937076
0.8277823643863352,0.5610493358083303
0.8278823743373304,0.5609017509881604
0.8279823842883255,0.5607541094884814
0.8280823942393205,0.5606064112645115
0.8281824041903156,0.5604586562714048
0.8282824141413107,0.5603108444642513
0.8283824240923058,0.5601629757980754
0.8284824340433008,0.5600150502278378
0.8285824439942959,0.5598670677084333
0.828682453945291,0.5597190281946921
0.8287824638962861,0.5595709316413794
0.8288824738472812,0.5594227780031943
0.8289824837982762,0.5592745672347712
0.8290824937492713,0.5591262992906786
0.8291825037002665,0.558977974125419
0.8292825136512615,0.5588295916934296
0.8293825236022566,0.5586811519490811
0.8294825335532516,0.5585326548466785
0.8295825435042468,0.5583841003404597
0.8296825534552419,0.5582354883845971
0.8297825634062369,0.5580868189331966
0.829882573357232,0.5579380919402962
0.829982583308227,0.5577893073598686
0.8300825932592222,0.5576404651458184
0.8301826032102173,0.5574915652519838
0.8302826131612123,0.5573426076321356
0.8303826231122075,0.5571935922399769
0.8304826330632025,0.5570445190291439
0.8305826430141976,0.5568953879532044
0.8306826529651926,0.5567461989656591
0.8307826629161877,0.5565969520199405
0.8308826728671829,0.556447647069413
0.8309826828181779,0.5562982840673729
0.831082692769173,0.556148862967048
0.831182702720168,0.555999383721598
0.8312827126711632,0.5558498462841133
0.8313827226221583,0.5557002506076161
0.8314827325731533,0.5555505966450598
0.8315827425241484,0.5554008843493282
0.8316827524751437,0.555251113673236
0.8317827624261388,0.5551012845695292
0.8318827723771338,0.554951396990884
0.831982782328129,0.5548014508899064
0.832082792279124,0.5546514462191334
0.8321828022301191,0.5545013829310315
0.8322828121811142,0.5543512609779977
0.8323828221321092,0.5542010803123587
0.8324828320831044,0.5540508408863701
0.8325828420340994,0.5539005426522183
0.8326828519850945,0.5537501855620178
0.8327828619360896,0.5535997695678132
0.8328828718870847,0.5534492946215779
0.8329828818380798,0.5532987606752139
0.8330828917890748,0.5531481676805525
0.8331829017400699,0.5529975155893532
0.8332829116910649,0.5528468043533045
0.8333829216420601,0.5526960339240222
0.8334829315930552,0.5525452042530515
0.8335829415440502,0.5523943152918652
0.8336829514950453,0.5522433669918634
0.8337829614460404,0.5520923593043747
0.8338829713970355,0.5519412921806548
0.8339829813480306,0.551790165571887
0.8340829912990256,0.551638979429182
0.8341830012500208,0.5514877337035773
0.8342830112010158,0.5513364283460379
0.8343830211520109,0.5511850633074548
0.834483031103006,0.5510336385386463
0.834583041054001,0.5508821539903571
0.8346830510049962,0.5507306096132581
0.8347830609559912,0.5505790053579467
0.8348830709069863,0.5504273411749457
0.8349830808579815,0.5502756170147044
0.8350830908089765,0.5501238328275978
0.8351831007599716,0.549971988563926
0.8352831107109666,0.549820084173915
0.8353831206619617,0.5496681196077159
0.8354831306129569,0.5495160948154048
0.8355831405639519,0.5493640097469829
0.835683150514947,0.5492118643523758
0.8357831604659423,0.5490596585814341
0.8358831704169374,0.5489073923839332
0.8359831803679324,0.5487550657095722
0.8360831903189275,0.5486026785079745
0.8361832002699225,0.5484502307286876
0.8362832102209177,0.5482977223211825
0.8363832201719127,0.5481451532348542
0.8364832301229078,0.5479925234190212
0.836583240073903,0.547839832822925
0.836683250024898,0.5476870813957311
0.8367832599758931,0.5475342690865266
0.8368832699268881,0.547381395844323
0.8369832798778832,0.5472284616180532
0.8370832898288784,0.5470754663565731
0.8371832997798734,0.5469224100086617
0.8372833097308685,0.5467692925230188
0.8373833196818635,0.5466161138482674
0.8374833296328587,0.5464628739329513
0.8375833395838538,0.5463095727255369
0.8376833495348488,0.5461562101744118
0.8377833594858439,0.5460027862278848
0.8378833694368389,0.545849300834186
0.8379833793878341,0.5456957539414663
0.8380833893388292,0.5455421454977979
0.8381833992898242,0.5453884754511733
0.8382834092408193,0.5452347437495056
0.8383834191918144,0.5450809503406283
0.8384834291428095,0.5449270951722948
0.8385834390938045,0.5447731781921789
0.8386834490447996,0.5446191993478736
0.8387834589957948,0.5444651585868924
0.8388834689467898,0.5443110558566677
0.8389834788977849,0.5441568911045509
0.8390834888487799,0.5440026642778134
0.839183498799775,0.5438483753236447
0.8392835087507702,0.5436940241891536
0.8393835187017652,0.5435396108213673
0.8394835286527603,0.5433851351672312
0.8395835386037553,0.5432305971736096
0.8396835485547505,0.5430759967872839
0.8397835585057456,0.5429213339549542
0.8398835684567408,0.5427666086232379
0.8399835784077359,0.5426118207386705
0.840083588358731,0.5424569702477038
0.8401835983097261,0.5423020570967076
0.8402836082607211,0.5421470812319688
0.8403836182117163,0.5419920425996901
0.8404836281627113,0.5418369411459921
0.8405836381137064,0.5416817768169107
0.8406836480647015,0.5415265495583989
0.8407836580156965,0.5413712593163256
0.8408836679666917,0.5412159060364752
0.8409836779176867,0.5410604896645482
0.8410836878686818,0.5409050101461603
0.8411836978196768,0.5407494674268432
0.841283707770672,0.5405938614520429
0.8413837177216671,0.540438192167121
0.8414837276726621,0.5402824595173538
0.8415837376236572,0.5401266634479317
0.8416837475746523,0.5399708039039602
0.8417837575256474,0.5398148808304585
0.8418837674766425,0.5396588941723601
0.8419837774276375,0.5395028438745124
0.8420837873786327,0.5393467298816762
0.8421837973296277,0.5391905521385261
0.8422838072806228,0.5390343105896495
0.8423838172316179,0.5388780051795472
0.8424838271826129,0.5387216358526333
0.8425838371336081,0.5385652025532335
0.8426838470846031,0.5384087052255873
0.8427838570355982,0.5382521438138452
0.8428838669865933,0.538095518262071
0.8429838769375884,0.53793882851424
0.8430838868885835,0.5377820745142388
0.8431838968395785,0.537625256205866
0.8432839067905736,0.5374683735328313
0.8433839167415687,0.5373114264387562
0.8434839266925638,0.5371544148671717
0.8435839366435589,0.5369973387615212
0.8436839465945539,0.5368401980651578
0.843783956545549,0.5366829927213448
0.8438839664965441,0.5365257226732562
0.8439839764475394,0.5363683878639748
0.8440839863985344,0.5362109882364952
0.8441839963495296,0.5360535237337196
0.8442840063005246,0.5358959942984607
0.8443840162515197,0.5357383998734394
0.8444840262025148,0.5355807404012864
0.8445840361535099,0.5354230158245411
0.844684046104505,0.5352652260856504
0.8447840560555,0.535107371126971
0.8448840660064951,0.5349494508907663
0.8449840759574903,0.5347914653192086
0.8450840859084853,0.5346334143543778
0.8451840958594804,0.5344752979382608
0.8452841058104754,0.5343171160127522
0.8453841157614705,0.5341588685196536
0.8454841257124657,0.5340005554006733
0.8455841356634607,0.5338421765974267
0.8456841456144558,0.533683732051435
0.8457841555654508,0.5335252217041264
0.845884165516446,0.5333666454968344
0.845984175467441,0.5332080033707991
0.8460841854184361,0.5330492952671652
0.8461841953694312,0.5328905211269837
0.8462842053204263,0.5327316808912106
0.8463842152714214,0.5325727745007064
0.8464842252224164,0.5324138018962369
0.8465842351734115,0.5322547630184721
0.8466842451244067,0.5320956578079863
0.8467842550754017,0.5319364862052585
0.8468842650263968,0.5317772481506704
0.8469842749773918,0.5316179435845088
0.8470842849283869,0.5314585724469625
0.8471842948793821,0.5312991346781247
0.8472843048303771,0.5311396302179914
0.8473843147813722,0.5309800590064605
0.8474843247323672,0.5308204209833336
0.8475843346833624,0.5306607160883138
0.8476843446343575,0.5305009442610068
0.8477843545853525,0.5303411054409203
0.8478843645363476,0.5301811995674629
0.8479843744873427,0.5300212265799458
0.848084384438338,0.52986118641758
0.848184394389333,0.529701079019479
0.8482844043403281,0.5295409043246562
0.8483844142913232,0.5293806622720257
0.8484844242423183,0.5292203528004017
0.8485844341933133,0.529059975848499
0.8486844441443084,0.5288995313549315
0.8487844540953036,0.5287390192582135
0.8488844640462986,0.5285784394967585
0.8489844739972937,0.5284177920088786
0.8490844839482887,0.5282570767327857
0.8491844938992839,0.5280962936065895
0.849284503850279,0.5279354425682988
0.849384513801274,0.5277745235558206
0.8494845237522691,0.5276135365069593
0.8495845337032641,0.527452481359418
0.8496845436542593,0.5272913580507964
0.8497845536052544,0.527130166518592
0.8498845635562494,0.5269689067001995
0.8499845735072445,0.5268075785329095
0.8500845834582396,0.5266461819539104
0.8501845934092347,0.526484716900286
0.8502846033602298,0.5263231833090165
0.8503846133112248,0.5261615811169783
0.85048462326222,0.5259999102609427
0.850584633213215,0.5258381706775769
0.8506846431642101,0.5256763623034428
0.8507846531152051,0.5255144850749979
0.8508846630662003,0.525352538928593
0.8509846730171954,0.5251905238004748
0.8510846829681904,0.5250284396267832
0.8511846929191855,0.5248662863435524
0.8512847028701805,0.5247040638867098
0.8513847128211757,0.5245417721920765
0.8514847227721708,0.5243794111953667
0.8515847327231658,0.5242169808321877
0.8516847426741609,0.5240544810380389
0.851784752625156,0.5238919117483127
0.8518847625761511,0.5237292728982931
0.8519847725271462,0.5235665644231562
0.8520847824781412,0.52340378625797
0.8521847924291365,0.5232409383376931
0.8522848023801316,0.5230780205971763
0.8523848123311267,0.5229150329711605
0.8524848222821217,0.5227519753942775
0.8525848322331169,0.522588847801049
0.8526848421841119,0.5224256501258875
0.852784852135107,0.5222623823030945
0.8528848620861021,0.5220990442668618
0.8529848720370972,0.5219356359512703
0.8530848819880923,0.5217721572902896
0.8531848919390873,0.5216086082177785
0.8532849018900824,0.5214449886674839
0.8533849118410775,0.5212812985730415
0.8534849217920726,0.5211175378679744
0.8535849317430677,0.5209537064856938
0.8536849416940627,0.5207898043594985
0.8537849516450579,0.5206258314225738
0.8538849615960529,0.5204617876079927
0.853984971547048,0.5202976728487142
0.8540849814980431,0.520133487077584
0.8541849914490381,0.5199692302273343
0.8542850014000333,0.5198049022305823
0.8543850113510283,0.5196405030198312
0.8544850213020234,0.5194760325274695
0.8545850312530185,0.5193114906857708
0.8546850412040136,0.5191468774268931
0.8547850511550087,0.5189821926828793
0.8548850611060037,0.5188174363856561
0.8549850710569988,0.5186526084670342
0.855085081007994,0.518487708858708
0.855185090958989,0.5183227374922557
0.8552851009099841,0.5181576942991374
0.8553851108609791,0.5179925792106972
0.8554851208119743,0.517827392158161
0.8555851307629693,0.5176621330726373
0.8556851407139644,0.5174968018851159
0.8557851506649595,0.5173313985264693
0.8558851606159545,0.5171659229274504
0.8559851705669497,0.5170003750186939
0.8560851805179447,0.5168347547307147
0.8561851904689398,0.5166690619939085
0.856285200419935,0.516503296738551
0.8563852103709302,0.5163374588947984
0.8564852203219252,0.5161715483926862
0.8565852302729203,0.5160055651621289
0.8566852402239155,0.5158395091329203
0.8567852501749105,0.5156733802347335
0.8568852601259056,0.515507178397119
0.8569852700769006,0.5153409035495065
0.8570852800278957,0.5151745556212025
0.8571852899788909,0.5150081345413923
0.8572852999298859,0.5148416402391377
0.857385309880881,0.5146750726433773
0.857485319831876,0.514508431682927
0.8575853297828712,0.5143417172864788
0.8576853397338663,0.5141749293826007
0.8577853496848613,0.5140080678997365
0.8578853596358564,0.5138411327662056
0.8579853695868515,0.5136741239102024
0.8580853795378466,0.513507041259796
0.8581853894888416,0.5133398847429306
0.8582853994398367,0.513172654287424
0.8583854093908319,0.5130053498209682
0.8584854193418269,0.5128379712711293
0.858585429292822,0.5126705185653457
0.858685439243817,0.5125029916309299
0.8587854491948121,0.512335390395066
0.8588854591458073,0.5121677147848113
0.8589854690968023,0.511999964727095
0.8590854790477974,0.5118321401487175
0.8591854889987924,0.5116642409763515
0.8592854989497876,0.51149626713654
0.8593855089007827,0.5113282185556972
0.8594855188517777,0.5111600951601079
0.8595855288027728,0.5109918968759264
0.8596855387537679,0.5108236236291779
0.859785548704763,0.5106552753457558
0.8598855586557581,0.5104868519514237
0.8599855686067531,0.510318353371814
0.8600855785577483,0.5101497795324267
0.8601855885087433,0.509981130358631
0.8602855984597384,0.5098124057756634
0.8603856084107336,0.5096436057086282
0.8604856183617288,0.5094747300824971
0.8605856283127238,0.5093057788221084
0.8606856382637189,0.5091367518521668
0.8607856482147139,0.5089676490972435
0.8608856581657091,0.5087984704817752
0.8609856681167042,0.5086292159300648
0.8610856780676992,0.5084598853662802
0.8611856880186943,0.5082904787144532
0.8612856979696893,0.5081209958984819
0.8613857079206845,0.507951436842127
0.8614857178716796,0.5077818014690136
0.8615857278226746,0.5076120897026312
0.8616857377736697,0.5074423014663307
0.8617857477246648,0.5072724366833274
0.8618857576756599,0.5071024952766982
0.861985767626655,0.5069324771693823
0.86208577757765,0.5067623822841811
0.8621857875286452,0.5065922105437567
0.8622857974796402,0.506421961870633
0.8623858074306353,0.5062516361871942
0.8624858173816304,0.5060812334156848
0.8625858273326255,0.5059107534782098
0.8626858372836206,0.5057401962967335
0.8627858472346156,0.5055695617930797
0.8628858571856107,0.5053988498889306
0.8629858671366057,0.5052280605058281
0.8630858770876009,0.5050571935651711
0.863185887038596,0.5048862489882173
0.863285896989591,0.5047152266960818
0.8633859069405861,0.5045441266097361
0.8634859168915812,0.5043729486500098
0.8635859268425763,0.5042016927375874
0.8636859367935714,0.5040303587930106
0.8637859467445664,0.5038589467366765
0.8638859566955616,0.5036874564888372
0.8639859666465566,0.5035158879696005
0.8640859765975517,0.5033442410989276
0.8641859865485468,0.5031725157966349
0.8642859964995419,0.5030007119823927
0.864386006450537,0.5028288295757238
0.8644860164015322,0.5026568684960048
0.8645860263525273,0.502484828662465
0.8646860363035224,0.5023127099941864
0.8647860462545175,0.5021405124101017
0.8648860562055125,0.5019682358289965
0.8649860661565076,0.5017958801695065
0.8650860761075028,0.501623445350119
0.8651860860584978,0.5014509312891717
0.8652860960094929,0.5012783379048517
0.8653861059604879,0.5011056651151962
0.8654861159114831,0.5009329128380915
0.8655861258624781,0.5007600809912729
0.8656861358134732,0.5005871694923242
0.8657861457644683,0.5004141782586768
0.8658861557154633,0.5002411072076108
0.8659861656664585,0.5000679562562524
0.8660861756174535,0.49989472532157553
0.8661861855684486,0.4997214143204002
0.8662861955194437,0.4995480231693927
0.8663862054704388,0.49937455178506507
0.8664862154214339,0.4992010000837744
0.8665862253724289,0.4990273679817229
0.866686235323424,0.49885365539495696
0.8667862452744192,0.4986798622393674
0.8668862552254142,0.4985059884306889
0.8669862651764093,0.4983320338844985
0.8670862751274043,0.498157998516217
0.8671862850783995,0.49798388224110723
0.8672862950293946,0.49780968497427397
0.8673863049803896,0.4976354066306642
0.8674863149313847,0.4974610471250653
0.8675863248823797,0.497286606372106
0.8676863348333749,0.4971120842862548
0.8677863447843699,0.496937480781821
0.867886354735365,0.4967627957729525
0.8679863646863601,0.4965880291736371
0.8680863746373552,0.4964131808977008
0.8681863845883503,0.4962382508588078
0.8682863945393453,0.49606323897046073
0.8683864044903404,0.4958881451459985
0.8684864144413356,0.495712969298598
0.8685864243923308,0.495537711341272
0.8686864343433258,0.4953623711868703
0.868786444294321,0.49518694874807717
0.8688864542453161,0.49501144393741264
0.8689864641963111,0.4948358566672319
0.8690864741473062,0.4946601868497238
0.8691864840983012,0.4944844343969116
0.8692864940492964,0.49430859922065146
0.8693865040002915,0.49413268123263326
0.8694865139512865,0.4939566803443793
0.8695865239022816,0.49378059646724337
0.8696865338532767,0.4936044295124118
0.8697865438042718,0.4934281793909015
0.8698865537552669,0.4932518460135604
0.8699865637062619,0.49307542929106724
0.8700865736572571,0.4928989291339296
0.8701865836082521,0.49272234545248556
0.8702865935592472,0.49254567815690115
0.8703866035102422,0.4923689271571719
0.8704866134612373,0.49219209236312034
0.8705866234122325,0.49201517368439734
0.8706866333632275,0.49183817103048105
0.8707866433142226,0.4916610843106752
0.8708866532652176,0.49148391343411085
0.8709866632162128,0.491306658309744
0.8710866731672079,0.4911293188463563
0.8711866831182029,0.4909518949525543
0.871286693069198,0.49077438653676814
0.871386703020193,0.4905967935072526
0.8714867129711882,0.4904191157720852
0.8715867229221833,0.4902413532391665
0.8716867328731783,0.4900635058162199
0.8717867428241735,0.48988557341079
0.8718867527751685,0.48970755593024323
0.8719867627261636,0.4895294532817666
0.8720867726771587,0.489351265372368
0.8721867826281537,0.4891729921088752
0.8722867925791489,0.4889946333979351
0.8723868025301439,0.488816189146014
0.872486812481139,0.4886376592593961
0.872586822432134,0.4884590436441845
0.8726868323831294,0.48828034220629835
0.8727868423341244,0.4881015548514758
0.8728868522851195,0.4879226814852697
0.8729868622361145,0.48774372201304983
0.8730868721871097,0.48756467634000067
0.8731868821381048,0.4873855443711226
0.8732868920890998,0.48720632601123
0.873386902040095,0.487027021164951
0.87348691199109,0.4868476297367277
0.8735869219420851,0.4866681516308144
0.8736869318930802,0.4864885867512785
0.8737869418440752,0.4863089350019992
0.8738869517950704,0.4861291962866665
0.8739869617460654,0.48594937050878223
0.8740869716970605,0.48576945757165724
0.8741869816480556,0.4855894573784135
0.8742869915990507,0.4854093698319817
0.8743870015500458,0.48522919483510085
0.8744870115010408,0.4850489322903191
0.8745870214520359,0.4848685820999914
0.8746870314030311,0.4846881441662804
0.8747870413540261,0.4845076183911554
0.8748870513050212,0.4843270046763914
0.8749870612560162,0.4841463029235693
0.8750870712070113,0.4839655130340746
0.8751870811580064,0.4837846349090979
0.8752870911090015,0.48360366844963293
0.8753871010599966,0.4834226135564774
0.8754871110109916,0.48324147013023167
0.8755871209619868,0.48306023807129805
0.8756871309129818,0.4828789172798811
0.8757871408639769,0.482697507655986
0.875887150814972,0.4825160090994188
0.875987160765967,0.48233442150978595
0.8760871707169622,0.4821527447864923
0.8761871806679572,0.48197097882874296
0.8762871906189523,0.48178912353554015
0.8763872005699475,0.4816071788056846
0.8764872105209425,0.4814251445377745
0.8765872204719376,0.48124302063020374
0.8766872304229326,0.4810608069811631
0.876787240373928,0.48087850348863787
0.876887250324923,0.48069611005041
0.8769872602759181,0.48051362656405394
0.8770872702269131,0.480331052926939
0.8771872801779083,0.4801483890362269
0.8772872901289034,0.4799656347888725
0.8773873000798984,0.47978279008162256
0.8774873100308935,0.4795998548110149
0.8775873199818885,0.4794168288733786
0.8776873299328837,0.47923371216483235
0.8777873398838788,0.479050504581285
0.8778873498348738,0.4788672060184346
0.877987359785869,0.4786838163717665
0.878087369736864,0.47850033553655524
0.8781873796878591,0.4783167634078614
0.8782873896388541,0.47813309988053293
0.8783873995898492,0.4779493448492032
0.8784874095408444,0.4777654982082913
0.8785874194918394,0.47758155985200124
0.8786874294428345,0.4773975296743205
0.8787874393938295,0.4772134075690208
0.8788874493448247,0.4770291934296561
0.8789874592958198,0.47684488714956313
0.8790874692468148,0.4766604886218601
0.8791874791978099,0.476475997739446
0.879287489148805,0.4762914143950006
0.8793874990998001,0.47610673848098306
0.8794875090507952,0.47592196988963165
0.8795875190017902,0.4757371085129637
0.8796875289527853,0.47555215424277336
0.8797875389037804,0.4753671069706329
0.8798875488547755,0.47518196658789047
0.8799875588057706,0.4749967329856706
0.8800875687567656,0.4748114060548728
0.8801875787077608,0.474625985686171
0.8802875886587558,0.47444047177001375
0.8803875986097509,0.4742548641966218
0.8804876085607459,0.4740691628559895
0.880587618511741,0.47388336763788247
0.8806876284627362,0.4736974784318379
0.8807876384137312,0.47351149512716406
0.8808876483647264,0.47332541761293795
0.8809876583157216,0.4731392457780071
0.8810876682667167,0.47295297951098714
0.8811876782177117,0.47276661870026165
0.8812876881687068,0.47258016323398105
0.8813876981197019,0.47239361300006305
0.881487708070697,0.4722069678861904
0.8815877180216921,0.47202022777981184
0.8816877279726871,0.47183339256814044
0.8817877379236823,0.4716464621381522
0.8818877478746773,0.47145943637658755
0.8819877578256724,0.4712723151699483
0.8820877677766675,0.4710850984044983
0.8821877777276625,0.47089778596626286
0.8822877876786577,0.47071037774102653
0.8823877976296527,0.47052287361433454
0.8824878075806478,0.47033527347149023
0.882587817531643,0.47014757719755546
0.882687827482638,0.46995978467734956
0.8827878374336331,0.4697718957954481
0.8828878473846281,0.46958391043618347
0.8829878573356232,0.4693958284836425
0.8830878672866183,0.46920764982166696
0.8831878772376134,0.4690193743338524
0.8832878871886085,0.4688310019035473
0.8833878971396035,0.46864253241385306
0.8834879070905987,0.4684539657476215
0.8835879170415937,0.4682653017874565
0.8836879269925888,0.4680765404157114
0.8837879369435839,0.46788768151448884
0.883887946894579,0.4676987249656407
0.8839879568455741,0.46750967065076576
0.8840879667965691,0.46732051845121086
0.8841879767475642,0.4671312682480684
0.8842879866985593,0.46694191992217676
0.8843879966495544,0.4667524733541193
0.8844880066005495,0.4665629284242226
0.8845880165515445,0.4663732850125577
0.8846880265025396,0.46618354299893705
0.8847880364535348,0.4659937022629152
0.8848880464045298,0.46580376268378804
0.8849880563555249,0.4656137241405909
0.8850880663065201,0.46542358651209864
0.8851880762575153,0.46523334967682545
0.8852880862085103,0.4650430135130225
0.8853880961595054,0.46485257789867784
0.8854881061105004,0.4646620427115164
0.8855881160614956,0.4644714078289976
0.8856881260124906,0.4642806731283164
0.8857881359634857,0.46408983848640056
0.8858881459144808,0.46389890377991144
0.8859881558654759,0.4637078688852425
0.886088165816471,0.4635167336785181
0.886188175767466,0.46332549803559353
0.8862881857184611,0.4631341618320533
0.8863881956694563,0.4629427249432112
0.8864882056204513,0.4627511872441091
0.8865882155714464,0.4625595486095152
0.8866882255224414,0.46236780891392526
0.8867882354734365,0.4621759680315592
0.8868882454244317,0.4619840258363627
0.8869882553754267,0.4617919822020049
0.8870882653264218,0.4615998370018775
0.8871882752774168,0.4614075901090948
0.887288285228412,0.4612152413964919
0.8873882951794071,0.4610227907366245
0.8874883051304021,0.4608302380017681
0.8875883150813972,0.46063758306391617
0.8876883250323923,0.4604448257947807
0.8877883349833874,0.4602519660657896
0.8878883449343824,0.4600590037480879
0.8879883548853775,0.45986593871253484
0.8880883648363727,0.4596727708297043
0.8881883747873677,0.4594794999698839
0.8882883847383628,0.4592861260030727
0.8883883946893578,0.4590926487989824
0.888488404640353,0.45889906822703447
0.8885884145913481,0.4587053841563608
0.8886884245423431,0.458511596455802
0.8887884344933382,0.45831770499390595
0.8888884444443332,0.45812370963892873
0.8889884543953284,0.4579296102588313
0.8890884643463235,0.45773540672128066
0.8891884742973187,0.4575410988936476
0.8892884842483137,0.45734668664300676
0.8893884941993089,0.4571521698361345
0.889488504150304,0.45695754833950886
0.889588514101299,0.456762822019309
0.8896885240522941,0.4565679907414124
0.8897885340032892,0.4563730543713964
0.8898885439542843,0.456178012774535
0.8899885539052794,0.45598286581579967
0.8900885638562744,0.45578761335985746
0.8901885738072696,0.4555922552710695
0.8902885837582646,0.455396791413492
0.8903885937092597,0.45520122165087257
0.8904886036602547,0.455005545846652
0.8905886136112499,0.454809763863961
0.890688623562245,0.4546138755656205
0.89078863351324,0.45441788081414075
0.8908886434642351,0.45422177947171893
0.8909886534152301,0.4540255714002405
0.8910886633662253,0.4538292564612754
0.8911886733172204,0.4536328345160793
0.8912886832682154,0.4534363054255921
0.8913886932192105,0.45323966905043533
0.8914887031702056,0.4530429252509139
0.8915887131212007,0.4528460738870122
0.8916887230721958,0.45264911481839537
0.8917887330231908,0.45245204790440735
0.891888742974186,0.4522548730040688
0.891988752925181,0.45205758997607864
0.8920887628761761,0.45186019867880994
0.8921887728271712,0.4516626989703115
0.8922887827781663,0.4514650907083054
0.8923887927291614,0.4512673737501858
0.8924888026801564,0.45106954795301896
0.8925888126311515,0.4508716131735409
0.8926888225821465,0.4506735692681576
0.8927888325331417,0.4504754160929428
0.8928888424841368,0.45027715350363745
0.8929888524351318,0.4500787813556493
0.893088862386127,0.44988029950404984
0.893188872337122,0.4496817078035757
0.8932888822881173,0.4494830061086249
0.8933888922391123,0.44928419427325916
0.8934889021901075,0.4490852721511991
0.8935889121411025,0.44888623959582574
0.8936889220920976,0.4486870964601775
0.8937889320430927,0.4484878425969513
0.8938889419940877,0.4482884778584995
0.8939889519450829,0.4480890020968292
0.8940889618960779,0.4478894151636023
0.894188971847073,0.4476897169101323
0.8942889817980681,0.44748990718738507
0.8943889917490632,0.4472899858459769
0.8944890017000583,0.4470899527361727
0.8945890116510533,0.4468898077078863
0.8946890216020484,0.4466895506106779
0.8947890315530436,0.44648918129375365
0.8948890415040386,0.44628869960596484
0.8949890514550337,0.4460881053958052
0.8950890614060287,0.4458873985114118
0.8951890713570239,0.4456865788005617
0.8952890813080189,0.4454856461106727
0.895389091259014,0.4452846002888008
0.8954891012100091,0.44508344118163967
0.8955891111610041,0.44488216863551927
0.8956891211119993,0.44468078249640414
0.8957891310629943,0.44447928260989356
0.8958891410139894,0.44427766882121833
0.8959891509649845,0.44407594097524145
0.8960891609159796,0.44387409891645596
0.8961891708669747,0.44367214248898296
0.8962891808179697,0.4434700715365726
0.8963891907689648,0.4432678859025999
0.89648920071996,0.4430655854300663
0.896589210670955,0.4428631699615965
0.8966892206219501,0.44266063933943767
0.8967892305729451,0.4424579934054589
0.8968892405239403,0.4422552320011484
0.8969892504749354,0.4420523549676142
0.8970892604259304,0.4418493621455815
0.8971892703769255,0.44164625337539093
0.8972892803279205,0.4414430284969991
0.8973892902789159,0.4412396873499749
0.8974893002299109,0.4410362297735015
0.897589310180906,0.4408326556063709
0.8976893201319011,0.4406289646869861
0.8977893300828962,0.4404251568533574
0.8978893400338912,0.440221231943103
0.8979893499848863,0.44001718979344584
0.8980893599358815,0.43981303024121376
0.8981893698868765,0.4396087531228374
0.8982893798378716,0.43940435827434854
0.8983893897888666,0.4391998455313798
0.8984893997398617,0.43899521472916186
0.8985894096908569,0.43879046570252345
0.8986894196418519,0.4385855982858892
0.898789429592847,0.43838061231327813
0.898889439543842,0.438175507618303
0.8989894494948372,0.4379702840341678
0.8990894594458323,0.4377649413936674
0.8991894693968273,0.437559479529186
0.8992894793478224,0.4373538982726945
0.8993894892988175,0.43714819745575106
0.8994894992498126,0.43694237690949755
0.8995895092008077,0.4367364364646599
0.8996895191518027,0.43653037595154587
0.8997895291027979,0.4363241952000431
0.8998895390537929,0.43611789403961887
0.899989549004788,0.4359114722993171
0.900089558955783,0.43570492980775877
0.9001895689067781,0.4354982663931384
0.9002895788577733,0.43529148188322414
0.9003895888087683,0.43508457610535584
0.9004895987597634,0.4348775488864426
0.9005896087107584,0.43467040005296315
0.9006896186617536,0.4344631294309621
0.9007896286127487,0.43425573684605046
0.9008896385637437,0.4340482221234032
0.9009896485147388,0.4338405850877571
0.9010896584657339,0.4336328255634104
0.901189668416729,0.4334249433742203
0.9012896783677241,0.4332169383436022
0.9013896883187191,0.43300881029452776
0.9014896982697144,0.43280055904952264
0.9015897082207095,0.4325921844306667
0.9016897181717046,0.4323836862595904
0.9017897281226996,0.4321750643574748
0.9018897380736948,0.43196631854504847
0.9019897480246898,0.4317574486425876
0.9020897579756849,0.4315484544699125
0.90218976792668,0.4313393358463881
0.9022897778776751,0.4311300925909207
0.9023897878286702,0.4309207245219561
0.9024897977796652,0.4307112314574801
0.9025898077306603,0.43050161321501407
0.9026898176816553,0.4302918696116158
0.9027898276326505,0.43008200046387574
0.9028898375836456,0.4298720055879169
0.9029898475346406,0.4296618847993926
0.9030898574856357,0.4294516379134839
0.9031898674366308,0.42924126474490004
0.9032898773876259,0.429030765107874
0.903389887338621,0.4288201388161633
0.903489897289616,0.4286093856830471
0.9035899072406112,0.42839850552132375
0.9036899171916062,0.428187498143311
0.9037899271426013,0.42797636336084194
0.9038899370935964,0.4277651009852654
0.9039899470445915,0.427553710827443
0.9040899569955866,0.42734219269774715
0.9041899669465816,0.42713054640606035
0.9042899768975767,0.4269187717617722
0.9043899868485719,0.42670686857377865
0.9044899967995669,0.4264948366504799
0.904590006750562,0.42628267579977747
0.904690016701557,0.42607038582907464
0.9047900266525521,0.4258579665452719
0.9048900366035472,0.42564541775476816
0.9049900465545423,0.4254327392634556
0.9050900565055374,0.4252199308767206
0.9051900664565324,0.42500699239944084
0.9052900764075276,0.4247939236359824
0.9053900863585226,0.42458072439020006
0.9054900963095177,0.4243673944654329
0.905590106260513,0.4241539336645045
0.9056901162115081,0.4239403417897204
0.9057901261625031,0.4237266186428659
0.9058901361134982,0.42351276402520344
0.9059901460644934,0.42329877773747226
0.9060901560154884,0.4230846595798859
0.9061901659664835,0.4228704093521289
0.9062901759174785,0.42265602685335724
0.9063901858684736,0.422441511882194
0.9064901958194688,0.42222686423672906
0.9065902057704638,0.42201208371451654
0.9066902157214589,0.4217971701125723
0.9067902256724539,0.42158212322737326
0.9068902356234491,0.42136694285485315
0.9069902455744442,0.4211516287904031
0.9070902555254392,0.420936180828868
0.9071902654764343,0.42072059876454415
0.9072902754274293,0.4205048823911791
0.9073902853784245,0.420289031501967
0.9074902953294195,0.4200730458895488
0.9075903052804146,0.4198569253460085
0.9076903152314098,0.41964066966287245
0.9077903251824048,0.41942427863110626
0.9078903351333999,0.4192077520411125
0.9079903450843949,0.4189910896827299
0.90809035503539,0.4187742913452296
0.9081903649863852,0.41855735681731426
0.9082903749373802,0.41834028588711525
0.9083903848883753,0.4181230783421903
0.9084903948393703,0.41790573396952213
0.9085904047903655,0.41768825255551517
0.9086904147413606,0.41747063388599454
0.9087904246923556,0.4172528777462031
0.9088904346433507,0.4170349839207989
0.9089904445943457,0.41681695219385406
0.9090904545453409,0.4165987823488512
0.909190464496336,0.41638047416868235
0.909290474447331,0.4161620274356464
0.9093904843983261,0.41594344193144545
0.9094904943493212,0.41572471743718514
0.9095905043003163,0.41550585373336957
0.9096905142513115,0.41528685059990084
0.9097905242023067,0.41506770781607677
0.9098905341533017,0.4148484251605872
0.9099905441042968,0.4146290024115123
0.9100905540552918,0.4144094393463208
0.910190564006287,0.4141897357418666
0.9102905739572821,0.4139698913743872
0.9103905839082771,0.41374990601950146
0.9104905938592722,0.4135297794522056
0.9105906038102672,0.41330951144687317
0.9106906137612624,0.41308910177725
0.9107906237122575,0.41286855021645447
0.9108906336632525,0.41264785653697306
0.9109906436142476,0.4124270205106582
0.9110906535652427,0.4122060419087268
0.9111906635162378,0.41198492050175617
0.9112906734672329,0.4117636560596832
0.9113906834182279,0.411542248351801
0.9114906933692231,0.41132069714675557
0.9115907033202181,0.4110990022125451
0.9116907132712132,0.41087716331651547
0.9117907232222083,0.4106551802253592
0.9118907331732033,0.41043305270511243
0.9119907431241985,0.4102107805211514
0.9120907530751935,0.40998836343819134
0.9121907630261886,0.4097658012202822
0.9122907729771836,0.409543093630808
0.9123907829281788,0.4093202404324821
0.9124907928791739,0.4090972413873462
0.9125908028301689,0.40887409625676674
0.912690812781164,0.4086508048014322
0.9127908227321591,0.408427366781351
0.9128908326831542,0.4082037819558479
0.9129908426341493,0.4079800500835623
0.9130908525851443,0.4077561709224451
0.9131908625361395,0.4075321442297548
0.9132908724871345,0.4073079697620569
0.9133908824381296,0.407083647275219
0.9134908923891247,0.4068591765244094
0.9135909023401197,0.406634557264094
0.9136909122911149,0.40640978924803256
0.9137909222421101,0.40618487222927674
0.9138909321931052,0.40595980596016784
0.9139909421441003,0.4057345901923325
0.9140909520950954,0.40550922467667977
0.9141909620460904,0.40528370916340034
0.9142909719970855,0.4050580434019606
0.9143909819480807,0.404832227141102
0.9144909918990757,0.4046062601288377
0.9145910018500708,0.4043801421124481
0.9146910118010658,0.4041538728384802
0.914791021752061,0.40392745205274216
0.914891031703056,0.4037008795003026
0.9149910416540511,0.4034741549254854
0.9150910516050462,0.4032472780718682
0.9151910615560412,0.4030202486822795
0.9152910715070364,0.4027930664987932
0.9153910814580314,0.402565731262729
0.9154910914090265,0.4023382427146461
0.9155911013600216,0.4021106005943421
0.9156911113110167,0.40188280464084963
0.9157911212620118,0.40165485459243144
0.9158911312130068,0.40142675018657975
0.9159911411640019,0.4011984911600111
0.9160911511149971,0.400970077248664
0.9161911610659921,0.4007415081876961
0.9162911710169872,0.40051278371147947
0.9163911809679822,0.40028390355359894
0.9164911909189773,0.40005486744684743
0.9165912008699725,0.3998256751232238
0.9166912108209675,0.3995963263139296
0.9167912207719626,0.39936682074936386
0.9168912307229576,0.3991371581591221
0.9169912406739528,0.39890733827199115
0.9170912506249478,0.39867736081594746
0.9171912605759429,0.3984472255181517
0.917291270526938,0.3982169321049468
0.9173912804779331,0.39798648030185435
0.9174912904289282,0.3977558698335703
0.9175913003799232,0.3975251004239626
0.9176913103309183,0.39729417179606613
0.9177913202819135,0.3970630836720812
0.9178913302329087,0.396831835773368
0.9179913401839037,0.3966004278204454
0.9180913501348988,0.3963688595329843
0.918191360085894,0.3961371306298063
0.918291370036889,0.3959052408288799
0.9183913799878841,0.3956731898473156
0.9184913899388791,0.3954409774013637
0.9185913998898743,0.3952086032064094
0.9186914098408694,0.39497606697696974
0.9187914197918644,0.39474336842669067
0.9188914297428595,0.3945105072683407
0.9189914396938546,0.3942774832138104
0.9190914496448497,0.39404429597410595
0.9191914595958448,0.39381094525934696
0.9192914695468398,0.3935774307787626
0.919391479497835,0.3933437522406859
0.91949148944883,0.39310990935255274
0.9195914993998251,0.39287590182089493
0.9196915093508201,0.39264172935133923
0.9197915193018152,0.39240739164860083
0.9198915292528104,0.3921728884164813
0.9199915392038054,0.3919382193578639
0.9200915491548005,0.39170338417470857
0.9201915591057955,0.39146838256805
0.9202915690567907,0.39123321423799173
0.9203915790077858,0.39099787888370285
0.9204915889587808,0.39076237620341453
0.9205915989097759,0.3905267058944142
0.920691608860771,0.3902908676530431
0.9207916188117661,0.3900548611746907
0.9208916287627612,0.3898186861537922
0.9209916387137562,0.38958234228382316
0.9210916486647514,0.3893458292572944
0.9211916586157464,0.3891091467657503
0.9212916685667415,0.38887229449976163
0.9213916785177366,0.3886352721489235
0.9214916884687316,0.3883980794018503
0.9215916984197268,0.3881607159461701
0.9216917083707218,0.3879231814685226
0.9217917183217169,0.38768547565455236
0.9218917282727119,0.38744759818890634
0.9219917382237073,0.38720954875522734
0.9220917481747023,0.3869713270361532
0.9221917581256974,0.38673293271330694
0.9222917680766926,0.38649436546729676
0.9223917780276876,0.3862556249777097
0.9224917879786827,0.38601671092310647
0.9225917979296777,0.38577762298101836
0.9226918078806728,0.3855383608279408
0.9227918178316679,0.385298924139331
0.922891827782663,0.38505931258960024
0.9229918377336581,0.3848195258521123
0.9230918476846531,0.38457956359917667
0.9231918576356483,0.38433942550204364
0.9232918675866433,0.38409911123090146
0.9233918775376384,0.3838586204548688
0.9234918874886335,0.38361795284199235
0.9235918974396286,0.38337710805924063
0.9236919073906237,0.38313608577249875
0.9237919173416187,0.3828948856465648
0.9238919272926138,0.3826535073451432
0.923991937243609,0.38241195053084126
0.924091947194604,0.3821702148651635
0.9241919571455991,0.38192830000850564
0.9242919670965941,0.3816862056201515
0.9243919770475892,0.38144393135826565
0.9244919869985844,0.3812014768798899
0.9245919969495794,0.38095884184093826
0.9246920069005745,0.38071602589618925
0.9247920168515695,0.3804730286992842
0.9248920268025647,0.3802298499027187
0.9249920367535597,0.37998648915784
0.9250920467045548,0.37974294611483933
0.9251920566555499,0.37949922042274825
0.925292066606545,0.3792553117294328
0.9253920765575401,0.3790112196815866
0.9254920865085351,0.37876694392472826
0.9255920964595302,0.3785224841031926
0.9256921064105254,0.378277839860128
0.9257921163615204,0.3780330108374891
0.9258921263125155,0.3777879966760311
0.9259921362635105,0.3775427970153056
0.9260921462145059,0.3772974114936522
0.9261921561655009,0.3770518397481975
0.926292166116496,0.3768060814148437
0.926392176067491,0.37656013612826666
0.9264921860184862,0.3763140035219083
0.9265921959694813,0.37606768322797207
0.9266922059204763,0.3758211748774163
0.9267922158714714,0.37557447809994743
0.9268922258224664,0.3753275925240161
0.9269922357734616,0.3750805177768089
0.9270922457244567,0.37483325348424407
0.9271922556754517,0.3745857992709652
0.9272922656264468,0.37433815476033316
0.9273922755774419,0.3740903195744233
0.927492285528437,0.37384229333401575
0.927592295479432,0.37359407565859243
0.9276923054304271,0.3733456661663278
0.9277923153814223,0.37309706447408497
0.9278923253324173,0.3728482701974081
0.9279923352834124,0.37259928295051603
0.9280923452344074,0.37235010234629656
0.9281923551854026,0.37210072799629873
0.9282923651363977,0.371851159510728
0.9283923750873927,0.37160139649843876
0.9284923850383878,0.371351438566927
0.9285923949893828,0.37110128532232545
0.928692404940378,0.370850936369395
0.9287924148913731,0.37060039131151956
0.9288924248423681,0.3703496497506992
0.9289924347933632,0.3700987112875411
0.9290924447443583,0.3698475755212566
0.9291924546953534,0.3695962420496502
0.9292924646463485,0.36934471046911593
0.9293924745973435,0.36909298037462884
0.9294924845483387,0.3688410513597374
0.9295924944993337,0.36858892301655816
0.9296925044503288,0.3683365949357671
0.9297925144013238,0.36808406670659355
0.929892524352319,0.3678313379168119
0.9299925343033141,0.3675784081527358
0.9300925442543091,0.3673252769992097
0.9301925542053043,0.36707194403960103
0.9302925641562995,0.3668184088557954
0.9303925741072946,0.36656467102818613
0.9304925840582896,0.36631073013566895
0.9305925940092847,0.3660565857556322
0.9306926039602798,0.3658022374639524
0.9307926139112749,0.36554768483498346
0.93089262386227,0.36529292744155106
0.930992633813265,0.3650379648549447
0.9310926437642602,0.36478279664490837
0.9311926537152552,0.36452742237963504
0.9312926636662503,0.36427184162575676
0.9313926736172454,0.3640160539483381
0.9314926835682404,0.36376005891086766
0.9315926935192356,0.3635038560752494
0.9316927034702306,0.3632474450017962
0.9317927134212257,0.3629908252492196
0.9318927233722208,0.3627339963746236
0.9319927333232159,0.3624769579334955
0.932092743274211,0.3622197094796966
0.932192753225206,0.3619622505654563
0.9322927631762011,0.3617045807413611
0.9323927731271962,0.36144669955634806
0.9324927830781913,0.36118860655769486
0.9325927930291864,0.3609303012910125
0.9326928029801814,0.3606717833002361
0.9327928129311766,0.36041305212761515
0.9328928228821716,0.3601541073137071
0.9329928328331667,0.35989494839736597
0.9330928427841618,0.3596355749157353
0.9331928527351568,0.35937598640423907
0.933292862686152,0.35911618239657134
0.933392872637147,0.35885616242468893
0.9334928825881421,0.35859592601880064
0.9335928925391372,0.3583354727073597
0.9336929024901323,0.358074802017054
0.9337929124411274,0.3578139134727952
0.9338929223921224,0.35755280659771255
0.9339929323431175,0.3572914809131399
0.9340929422941127,0.3570299359386094
0.9341929522451077,0.3567681711918399
0.9342929621961029,0.35650618618872715
0.934392972147098,0.35624398044333666
0.9344929820980932,0.3559815534678909
0.9345929920490882,0.3557189047727615
0.9346930020000833,0.35545603386645763
0.9347930119510783,0.35519294025561815
0.9348930219020735,0.3549296234449996
0.9349930318530685,0.35466608293746793
0.9350930418040636,0.3544023182339864
0.9351930517550587,0.3541383288336071
0.9352930617060538,0.35387411423346005
0.9353930716570489,0.3536096739287417
0.9354930816080439,0.35334500741270675
0.935593091559039,0.3530801141766548
0.9356931015100342,0.3528149937099229
0.9357931114610292,0.3525496454998726
0.9358931214120243,0.3522840690318793
0.9359931313630193,0.3520182637893233
0.9360931413140144,0.35175222925357635
0.9361931512650096,0.3514859649039928
0.9362931612160046,0.35121947021789784
0.9363931711669997,0.3509527446705753
0.9364931811179947,0.3506857877352584
0.9365931910689899,0.35041859888311677
0.936693201019985,0.35015117758324615
0.93679321097098,0.349883523302657
0.9368932209219751,0.34961563550626146
0.9369932308729702,0.34934751365686406
0.9370932408239653,0.3490791572151477
0.9371932507749603,0.3488105656396641
0.9372932607259554,0.34854173838681946
0.9373932706769506,0.3482726749108654
0.9374932806279456,0.34800337466388465
0.9375932905789407,0.3477338370957794
0.9376933005299357,0.34746406165426047
0.9377933104809308,0.3471940477848324
0.937893320431926,0.346923794930784
0.937993330382921,0.3466533025331742
0.9380933403339161,0.3463825700308193
0.9381933502849111,0.3461115968602814
0.9382933602359063,0.3458403824558547
0.9383933701869015,0.3455689262495527
0.9384933801378966,0.3452972276710971
0.9385933900888916,0.34502528614790207
0.9386934000398868,0.344753101105062
0.9387934099908819,0.34448067196533966
0.9388934199418769,0.34420799814915154
0.938993429892872,0.3439350790745544
0.9390934398438671,0.34366191415723274
0.9391934497948622,0.3433885028104839
0.9392934597458573,0.3431148444452054
0.9393934696968523,0.34284093846988134
0.9394934796478475,0.3425667842905666
0.9395934895988425,0.34229238131087564
0.9396934995498376,0.34201772893196536
0.9397935095008326,0.3417428265525239
0.9398935194518278,0.3414676735687533
0.9399935294028229,0.34119226937435787
0.9400935393538179,0.34091661336052786
0.940193549304813,0.3406407049159247
0.940293559255808,0.340364543426668
0.9403935692068032,0.3400881282763182
0.9404935791577983,0.3398114588458638
0.9405935891087933,0.33953453451370524
0.9406935990597884,0.339257354655639
0.9407936090107835,0.33897991864484406
0.9408936189617786,0.33870222585186455
0.9409936289127737,0.3384242756445955
0.9410936388637687,0.338146067388267
0.9411936488147639,0.33786760044542735
0.9412936587657589,0.3375888741759288
0.941393668716754,0.33730988793690947
0.9414936786677491,0.3370306410827793
0.9415936886187442,0.3367511329652025
0.9416936985697393,0.33647136293308094
0.9417937085207343,0.33619133033253873
0.9418937184717294,0.33591103450690407
0.9419937284227244,0.33563047479669433
0.9420937383737196,0.33534965053959664
0.9421937483247147,0.3350685610704534
0.9422937582757097,0.3347872057212437
0.9423937682267048,0.3345055838210653
0.9424937781777001,0.3342236946961185
0.9425937881286952,0.33394153766968926
0.9426937980796902,0.33365911206212884
0.9427938080306854,0.3333764171908373
0.9428938179816804,0.3330934523702467
0.9429938279326755,0.33281021691180035
0.9430938378836706,0.3325267101239369
0.9431938478346656,0.33224293131207117
0.9432938577856608,0.33195887977857375
0.9433938677366558,0.3316745548227558
0.9434938776876509,0.3313899557408462
0.943593887638646,0.33110508182597587
0.9436938975896411,0.33081993236815704
0.9437939075406362,0.330534506654263
0.9438939174916312,0.3302488039680109
0.9439939274426263,0.32996282358993945
0.9440939373936215,0.32967656479739166
0.9441939473446165,0.3293900268644932
0.9442939572956116,0.3291032090621325
0.9443939672466066,0.328816110657941
0.9444939771976018,0.32852873091627177
0.9445939871485968,0.32824106909818057
0.9446939970995919,0.3279531244614026
0.944794007050587,0.3276648962603338
0.944894017001582,0.3273763837460088
0.9449940269525772,0.32708758616607847
0.9450940369035722,0.32679850276479133
0.9451940468545673,0.3265091327829682
0.9452940568055624,0.32621947545798385
0.9453940667565575,0.3259295300237427
0.9454940767075526,0.325639295710657
0.9455940866585476,0.3253487717456256
0.9456940966095427,0.3250579573520095
0.9457941065605379,0.3247668517496112
0.9458941165115329,0.3244754541546505
0.945994126462528,0.32418376377974045
0.946094136413523,0.3238917798338668
0.9461941463645182,0.3235995015223615
0.9462941563155133,0.32330692804688077
0.9463941662665083,0.32301405860538124
0.9464941762175034,0.32272089239209417
0.9465941861684987,0.3224274285975026
0.9466941961194938,0.32213366640831786
0.9467942060704888,0.3218396050074521
0.9468942160214839,0.3215452435739943
0.946994225972479,0.32125058128318684
0.9470942359234741,0.3209556173063976
0.9471942458744691,0.3206603508110969
0.9472942558254642,0.32036478096082893
0.9473942657764594,0.3200689069151883
0.9474942757274544,0.3197727278297927
0.9475942856784495,0.31947624285625525
0.9476942956294445,0.31917945114216084
0.9477943055804396,0.3188823518310353
0.9478943155314348,0.3185849440623218
0.9479943254824298,0.31828722697135214
0.9480943354334249,0.3179891996893171
0.9481943453844199,0.3176908613432425
0.9482943553354151,0.3173922110559576
0.9483943652864102,0.31709324794606897
0.9484943752374052,0.31679397112793095
0.9485943851884003,0.31649437971161637
0.9486943951393954,0.3161944728028888
0.9487944050903905,0.3158942495031715
0.9488944150413856,0.3155937089095196
0.9489944249923806,0.31529285011458924
0.9490944349433758,0.31499167220660657
0.9491944448943708,0.31469017426933965
0.9492944548453659,0.3143883553820649
0.9493944647963609,0.31408621461953956
0.949494474747356,0.31378375105196643
0.9495944846983512,0.31348096374496626
0.9496944946493462,0.313177851759544
0.9497945046003413,0.31287441415205586
0.9498945145513363,0.31257064997417955
0.9499945245023315,0.3122665582728787
0.9500945344533266,0.3119621380903725
0.9501945444043216,0.3116573884641012
0.9502945543553167,0.3113523084266921
0.9503945643063118,0.3110468970059272
0.9504945742573069,0.31074115322470713
0.950594584208302,0.3104350761010189
0.950694594159297,0.31012866464789984
0.9507946041102923,0.30982191787340124
0.9508946140612874,0.3095148347805567
0.9509946240122825,0.3092074143673425
0.9510946339632775,0.3088996556266438
0.9511946439142727,0.30859155754621675
0.9512946538652677,0.3082831191086541
0.9513946638162628,0.3079743392913447
0.9514946737672579,0.3076652170664396
0.951594683718253,0.30735575140081267
0.9516946936692481,0.3070459412560212
0.9517947036202431,0.30673578558827075
0.9518947135712382,0.3064252833483725
0.9519947235222332,0.30611443348170747
0.9520947334732284,0.3058032349281842
0.9521947434242235,0.3054916866222013
0.9522947533752185,0.3051797874926054
0.9523947633262136,0.3048675364626505
0.9524947732772087,0.30455493244995857
0.9525947832282038,0.304241974366476
0.9526947931791989,0.30392866111843325
0.9527948031301939,0.30361499160630223
0.9528948130811891,0.3033009647247529
0.9529948230321841,0.30298657936261164
0.9530948329831792,0.3026718344028161
0.9531948429341743,0.30235672872237307
0.9532948528851694,0.30204126119231345
0.9533948628361645,0.3017254306776463
0.9534948727871595,0.301409236037316
0.9535948827381546,0.30109267612415475
0.9536948926891498,0.30077574978483734
0.9537949026401448,0.3004584558598356
0.9538949125911399,0.3001407931833685
0.9539949225421349,0.29982276058335866
0.95409493249313,0.299504356881381
0.9541949424441251,0.2991855808926174
0.9542949523951202,0.2988664314258049
0.9543949623461153,0.29854690728318906
0.9544949722971103,0.2982270072604737
0.9545949822481055,0.29790673014676794
0.9546949921991005,0.2975860747245399
0.9547950021500956,0.2972650397695615
0.9548950121010908,0.2969436240508585
0.954995022052086,0.29662182633065937
0.955095032003081,0.29629964536434
0.9551950419540761,0.29597707990037125
0.9552950519050712,0.29565412868026597
0.9553950618560663,0.29533079043852384
0.9554950718070614,0.29500706390257614
0.9555950817580564,0.2946829477927312
0.9556950917090515,0.2943584408221167
0.9557951016600467,0.29403354169662527
0.9558951116110417,0.2937082491148558
0.9559951215620368,0.29338256176805466
0.9560951315130318,0.29305647834006054
0.956195141464027,0.2927299975072413
0.9562951514150221,0.2924031179384378
0.9563951613660171,0.2920758382949026
0.9564951713170122,0.29174815723023767
0.9565951812680072,0.2914200733903353
0.9566951912190024,0.2910915854133136
0.9567952011699974,0.2907626919294568
0.9568952111209925,0.29043339156114806
0.9569952210719876,0.2901036829228087
0.9570952310229827,0.2897735646208319
0.9571952409739778,0.2894430352535168
0.9572952509249728,0.2891120934110045
0.9573952608759679,0.28878073767520807
0.9574952708269631,0.28844896661974834
0.9575952807779581,0.28811677880988407
0.9576952907289532,0.2877841728024419
0.9577953006799482,0.28745114714574993
0.9578953106309434,0.28711770037956313
0.9579953205819385,0.2867838310349956
0.9580953305329335,0.2864495376344477
0.9581953404839286,0.2861148186915318
0.9582953504349236,0.2857796727110012
0.9583953603859188,0.2854440981886732
0.9584953703369139,0.28510809361135686
0.9585953802879089,0.28477165745677585
0.958695390238904,0.28443478819349
0.9587954001898991,0.28409748428082093
0.9588954101408942,0.283759744168771
0.9589954200918894,0.2834215662979452
0.9590954300428846,0.2830829490994721
0.9591954399938796,0.282743890994921
0.9592954499448747,0.28240439039621956
0.9593954598958697,0.28206444570557393
0.9594954698468648,0.2817240553153813
0.95959547979786,0.28138321760814894
0.959695489748855,0.28104193095640606
0.9597954996998501,0.28070019372261756
0.9598955096508451,0.2803580042590978
0.9599955196018403,0.28001536090792006
0.9600955295528354,0.27967226200082945
0.9601955395038304,0.279328705859151
0.9602955494548255,0.2789846907936971
0.9603955594058206,0.27864021510467757
0.9604955693568157,0.2782952770816036
0.9605955793078108,0.27794987500319435
0.9606955892588058,0.27760400713728145
0.960795599209801,0.2772576717407103
0.960895609160796,0.2769108670592449
0.9609956191117911,0.2765635913274654
0.9610956290627862,0.27621584276867106
0.9611956390137812,0.2758676195947773
0.9612956489647764,0.2755189200062119
0.9613956589157714,0.2751697421918147
0.9614956688667665,0.2748200843287282
0.9615956788177615,0.2744699445822955
0.9616956887687567,0.27411932110594955
0.9617956987197518,0.27376821204110674
0.9618957086707468,0.27341661551705626
0.9619957186217419,0.27306452965084704
0.962095728572737,0.27271195254717845
0.9621957385237321,0.27235888229828265
0.9622957484747272,0.27200531698381303
0.9623957584257222,0.2716512546707247
0.9624957683767174,0.27129669341315693
0.9625957783277124,0.27094163125231535
0.9626957882787075,0.27058606621634823
0.9627957982297026,0.27022999632022676
0.9628958081806976,0.26987341956561983
0.9629958181316928,0.26951633394076824
0.963095828082688,0.2691587374203585
0.9631958380336831,0.2688006279653953
0.9632958479846782,0.2684420035230698
0.9633958579356733,0.26808286202662784
0.9634958678866683,0.2677232013952392
0.9635958778376634,0.26736301953385927
0.9636958877886586,0.2670023143330957
0.9637958977396536,0.2666410836690687
0.9638959076906487,0.26627932540326976
0.9639959176416437,0.2659170373824235
0.9640959275926388,0.2655542174383403
0.9641959375436339,0.2651908633877738
0.964295947494629,0.26482697303227204
0.9643959574456241,0.26446254415803
0.9644959673966191,0.26409757453573823
0.9645959773476143,0.2637320619204286
0.9646959872986093,0.263366004051323
0.9647959972496044,0.26299939865167254
0.9648960072005995,0.26263224342860225
0.9649960171515946,0.2622645360729495
0.9650960271025897,0.2618962742590995
0.9651960370535847,0.2615274556448235
0.9652960470045798,0.26115807787110856
0.965396056955575,0.2607881385619911
0.96549606690657,0.26041763532438467
0.9655960768575651,0.2600465657479045
0.9656960868085601,0.2596749274046955
0.9657960967595552,0.25930271784925013
0.9658961067105504,0.25892993461823044
0.9659961166615454,0.2585565752302849
0.9660961266125405,0.25818263718586126
0.9661961365635355,0.25780811796702174
0.9662961465145307,0.2574330150372495
0.9663961564655258,0.25705732584125857
0.9664961664165208,0.25668104780479795
0.9665961763675159,0.2563041783344509
0.966696186318511,0.25592671481743895
0.9667961962695061,0.2555486546214138
0.9668962062205011,0.2551699950942551
0.9669962161714962,0.25479073356385806
0.9670962261224914,0.25441086733792456
0.9671962360734866,0.2540303937037464
0.9672962460244816,0.25364930992798995
0.9673962559754767,0.25326761325647207
0.9674962659264719,0.25288530091393924
0.9675962758774669,0.25250237010384075
0.967696285828462,0.25211881800809616
0.967796295779457,0.2517346417868659
0.9678963057304522,0.2513498385783111
0.9679963156814473,0.2509644054983572
0.9680963256324423,0.2505783396404491
0.9681963355834374,0.25019163807530376
0.9682963455344324,0.2498042978506634
0.9683963554854276,0.2494163159910382
0.9684963654364227,0.24902768949745163
0.9685963753874177,0.24863841534717956
0.9686963853384128,0.24824849049348355
0.9687963952894079,0.2478579118653456
0.968896405240403,0.2474666763671924
0.9689964151913981,0.24707478087862306
0.9690964251423931,0.24668222225412592
0.9691964350933883,0.24628899732279488
0.9692964450443833,0.24589510288804223
0.9693964549953784,0.24550053572730401
0.9694964649463734,0.24510529259174582
0.9695964748973686,0.24470937020595793
0.9696964848483637,0.24431276526765283
0.9697964947993587,0.2439154744473532
0.9698965047503538,0.24351749438807657
0.9699965147013488,0.24311882170501717
0.970096524652344,0.2427194529852194
0.9701965346033391,0.24231938478725115
0.9702965445543341,0.24191861364086714
0.9703965545053292,0.24151713604666983
0.9704965644563243,0.24111494847576667
0.9705965744073194,0.24071204736941795
0.9706965843583145,0.24030842913868342
0.9707965943093095,0.23990409016406092
0.9708966042603047,0.23949902679511936
0.9709966142112997,0.23909323535012966
0.9710966241622948,0.23868671211568265
0.9711966341132899,0.2382794533463103
0.9712966440642852,0.2378714552640929
0.9713966540152802,0.23746271405826638
0.9714966639662753,0.23705322588481667
0.9715966739172704,0.23664298686607485
0.9716966838682655,0.2362319930903013
0.9717966938192606,0.23582024061126355
0.9718967037702556,0.23540772544781122
0.9719967137212507,0.23499444358343663
0.9720967236722458,0.23458039096583827
0.9721967336232409,0.2341655635064669
0.972296743574236,0.2337499570800738
0.972396753525231,0.23333356752424445
0.9724967634762262,0.23291639063892655
0.9725967734272212,0.23249842218595496
0.9726967833782163,0.23207965788856072
0.9727967933292114,0.23166009343087884
0.9728968032802064,0.23123972445744545
0.9729968132312016,0.23081854657268394
0.9730968231821966,0.23039655534038864
0.9731968331331917,0.2299737462831933
0.9732968430841868,0.22955011488203572
0.9733968530351819,0.22912565657561038
0.973496862986177,0.22870036675981192
0.973596872937172,0.2282742407871729
0.9736968828881671,0.22784727396628418
0.9737968928391623,0.22741946156121548
0.9738969027901573,0.2269907987909177
0.9739969127411524,0.226561280828618
0.9740969226921474,0.22613090280120623
0.9741969326431426,0.22569965978860565
0.9742969425941376,0.2252675468231406
0.9743969525451327,0.22483455888888262
0.9744969624961278,0.2244006909209961
0.9745969724471228,0.2239659378050646
0.974696982398118,0.2235302943764064
0.974796992349113,0.22309375541938278
0.9748970023001081,0.22265631566668603
0.9749970122511032,0.22221796979862368
0.9750970222020983,0.22177871244238173
0.9751970321530934,0.22133853817127863
0.9752970421040884,0.2208974415040066
0.9753970520550838,0.2204554169038543
0.9754970620060788,0.2200124587779258
0.9755970719570739,0.21956856147632786
0.9756970819080689,0.21912371929136082
0.975797091859064,0.21867792645668033
0.9758971018100592,0.21823117714645407
0.9759971117610542,0.21778346547449434
0.9760971217120493,0.21733478549337823
0.9761971316630443,0.21688513119355352
0.9762971416140395,0.21643449650242036
0.9763971515650346,0.21598287528340507
0.9764971615160296,0.2155302613350087
0.9765971714670247,0.21507664838983956
0.9766971814180198,0.21462203011362987
0.9767971913690149,0.21416640010422763
0.9768972013200099,0.21370975189057706
0.976997211271005,0.21325207893167
0.9770972212220002,0.21279337461548403
0.9771972311729952,0.2123336322578971
0.9772972411239903,0.21187284510157786
0.9773972510749853,0.21141100631486073
0.9774972610259804,0.210948108990591
0.9775972709769756,0.21048414614495253
0.9776972809279706,0.21001911071627022
0.9777972908789657,0.20955299556378404
0.9778973008299607,0.20908579346640757
0.9779973107809559,0.20861749712145047
0.978097320731951,0.20814809914332383
0.978197330682946,0.2076775920622135
0.9782973406339411,0.2072059683227261
0.9783973505849362,0.20673322028251168
0.9784973605359313,0.20625934021085138
0.9785973704869264,0.20578432028722032
0.9786973804379214,0.20530815259981872
0.9787973903889166,0.2048308291440691
0.9788974003399116,0.2043523418210881
0.9789974102909067,0.20387268243611759
0.9790974202419017,0.20339184269693045
0.9791974301928968,0.20290981421219362
0.979297440143892,0.2024265884898036
0.979397450094887,0.20194215693518128
0.9794974600458822,0.20145651084952637
0.9795974699968774,0.2009696414280449
0.9796974799478725,0.20048153975812325
0.9797974898988675,0.19999219681747238
0.9798974998498626,0.1995016034722239
0.9799975098008576,0.19900975047499042
0.9800975197518528,0.1985166284628734
0.9801975297028479,0.1980222279554359
0.9802975396538429,0.19752653935262027
0.980397549604838,0.19702955293262245
0.9804975595558331,0.19653125884971998
0.9805975695068282,0.19603164713204166
0.9806975794578233,0.1955307076792959
0.9807975894088183,0.19502843026043915
0.9808975993598135,0.19452480451128817
0.9809976093108085,0.19401981993208403
0.9810976192618036,0.19351346588498966
0.9811976292127987,0.19300573159153356
0.9812976391637938,0.19249660612999073
0.9813976491147889,0.19198607843269697
0.9814976590657839,0.19147413728330567
0.981597669016779,0.19096077131396882
0.981697678967774,0.19044596900245817
0.9817976889187692,0.18992971866920616
0.9818976988697643,0.18941200847428247
0.9819977088207593,0.18889282641429014
0.9820977187717544,0.1883721603191829
0.9821977287227495,0.1878499978490079
0.9822977386737446,0.18732632649055977
0.9823977486247397,0.18680113355395553
0.9824977585757347,0.18627440616911736
0.9825977685267299,0.1857461312821642
0.9826977784777249,0.18521629565171738
0.98279778842872,0.18468488584509798
0.9828977983797151,0.18415188823443787
0.9829978083307102,0.1836172889926775
0.9830978182817053,0.18308107408946234
0.9831978282327003,0.18254322928693242
0.9832978381836954,0.1820037401353916
0.9833978481346906,0.18146259196886846
0.9834978580856856,0.180919769900552
0.9835978680366808,0.18037525881809924
0.9836978779876759,0.17982904337882527
0.9837978879386711,0.1792811080047476
0.9838978978896661,0.17873143687750112
0.9839979078406612,0.17818001393310517
0.9840979177916562,0.1776268228565905
0.9841979277426514,0.17707184707646442
0.9842979376936464,0.1765150697590284
0.9843979476446415,0.17595647380252197
0.9844979575956366,0.17539604183110882
0.9845979675466316,0.1748337561886779
0.9846979774976268,0.17426959893246805
0.9847979874486218,0.1737035518265073
0.9848979973996169,0.17313559633485
0.984998007350612,0.17256571361462153
0.9850980173016071,0.17199388450884717
0.9851980272526022,0.17142008953906462
0.9852980372035972,0.17084430889771757
0.9853980471545923,0.17026652244030785
0.9854980571055875,0.1696867096773117
0.9855980670565825,0.169104849765843
0.9856980770075776,0.16852092150105155
0.9857980869585726,0.16793490330725913
0.9858980969095678,0.16734677322880342
0.9859981068605629,0.16675650892059973
0.9860981168115579,0.1661640876383916
0.986198126762553,0.16556948622868717
0.986298136713548,0.16497268111836969
0.9863981466645432,0.16437364830396126
0.9864981566155382,0.16377236334053755
0.9865981665665333,0.16316880133026332
0.9866981765175284,0.16256293691055243
0.9867981864685235,0.1619547442418196
0.9868981964195186,0.16134419699481398
0.9869982063705136,0.16073126833752358
0.9870982163215087,0.16011593092161688
0.9871982262725039,0.15949815686841737
0.9872982362234989,0.15887791775438206
0.987398246174494,0.15825518459606092
0.987498256125489,0.15762992783452662
0.9875982660764842,0.15700211731923241
0.9876982760274794,0.1563717222912927
0.9877982859784745,0.15573871136614634
0.9878982959294695,0.15510305251557838
0.9879983058804647,0.15446471304907075
0.9880983158314598,0.15382365959446126
0.9881983257824548,0.15317985807785975
0.9882983357334499,0.15253327370279907
0.988398345684445,0.15188387092858943
0.9884983556354401,0.1512316134478205
0.9885983655864352,0.15057646416299267
0.9886983755374302,0.149918385162216
0.9887983854884254,0.14925733769394184
0.9888983954394204,0.1485932821406801
0.9889984053904155,0.14792617799164326
0.9890984153414105,0.14725598381427674
0.9891984252924056,0.1465826572246012
0.9892984352434008,0.14590615485632794
0.9893984451943958,0.1452264323286646
0.9894984551453909,0.14454344421275128
0.9895984650963859,0.14385714399666436
0.9896984750473811,0.1431674840488873
0.9897984849983762,0.14247441558019916
0.9898984949493712,0.1417778886038642
0.9899985049003663,0.14107785189404945
0.9900985148513614,0.1403742529423705
0.9901985248023565,0.1396670379124472
0.9902985347533516,0.13895615159238123
0.9903985447043466,0.138241537345012
0.9904985546553418,0.13752313705583852
0.9905985646063368,0.13680089107847646
0.9906985745573319,0.1360747381774836
0.990798584508327,0.13534461546842402
0.990898594459322,0.13461045835498836
0.9909986044103172,0.1338722004629928
0.9910986143613122,0.13312977357107966
0.9911986243123073,0.13238310753789342
0.9912986342633023,0.13163213022553233
0.9913986442142975,0.13087676741902227
0.9914986541652926,0.1301169427415719
0.9915986641162876,0.12935257756532645
0.9916986740672827,0.12858359091732227
0.991798684018278,0.1278098993803374
0.9918986939692731,0.12703141698828008
0.9919987039202681,0.12624805511574524
0.9920987138712632,0.12545972236134312
0.9921987238222583,0.12466632442436927
0.9922987337732534,0.12386776397432049
0.9923987437242485,0.12306394051278086
0.9924987536752435,0.12225475022709015
0.9925987636262387,0.12144008583520653
0.9926987735772337,0.12061983642111317
0.9927987835282288,0.11979388726003118
0.9928987934792239,0.11896211963268577
0.992998803430219,0.11812441062775021
0.9930988133812141,0.11728063293154826
0.9931988233322091,0.11643065460399725
0.9932988332832042,0.11557433883966302
0.9933988432341994,0.11471154371271705
0.9934988531851944,0.11384212190443213
0.9935988631361895,0.11296592041174087
0.9936988730871845,0.11208278023523328
0.9937988830381796,0.11119253604476566
0.9938988929891747,0.11029501582072133
0.9939989029401698,0.10939004046867756
0.9940989128911649,0.10847742340507574
0.9941989228421599,0.10755697011114099
0.9942989327931551,0.10662847765204599
0.9943989427441501,0.10569173415795817
0.9944989526951452,0.104746518263183
0.9945989626461403,0.10379259849922622
0.9946989725971354,0.10282973263703134
0.9947989825481305,0.10185766697310727
0.9948989924991255,0.1008761355535839
0.9949990024501206,0.09988485932945411
0.9950990124011158,0.09888354523541344
0.9951990223521108,0.09787188518365687
0.9952990323031059,0.09684955496284413
0.9953990422541009,0.09581621303108705
0.995499052205096,0.09477149919018603
0.9955990621560912,0.09371503312655731
0.9956990721070862,0.09264641280204844
0.9957990820580813,0.09156521267535281
0.9958990920090766,0.09047098173169567
0.9959991019600717,0.08936324129490085
0.9960991119110667,0.0882414825917163
0.9961991218620618,0.08710516403323551
0.9962991318130568,0.08595370817218531
0.996399141764052,0.08478649828752578
0.996499151715047,0.08360287453904787
0.9965991616660421,0.08240212962382726
0.9966991716170372,0.08118350385337957
0.9967991815680323,0.0799461795541288
0.9968991915190274,0.07868927467393191
0.9969992014700224,0.07741183545258207
0.9970992114210175,0.07611282798310004
0.9971992213720127,0.07479112845151975
0.9972992313230077,0.07344551179301569
0.9973992412740028,0.07207463843852067
0.9974992512249978,0.07067703874363092
0.997599261175993,0.0692510945842231
0.9976992711269881,0.06779501746202841
0.9977992810779831,0.0663068222753896
0.9978992910289782,0.06478429565768745
0.9979993009799732,0.06322495744154161
0.9980993109309684,0.06162601333143447
0.9981993208819635,0.05998429620147958
0.9982993308329585,0.05829619248687933
0.9983993407839536,0.05655754876377527
0.9984993507349487,0.05476355158210604
0.9985993606859438,0.052908570549811254
0.9986993706369388,0.050985949921349506
0.9987993805879339,0.048987726393041026
0.9988993905389291,0.046904238411427865
0.9989994004899241,0.04472357119877974
0.9990994104409192,0.04243074423820138
0.9991994203919142,0.04000647808121377
0.9992994303429094,0.037425239028452593
0.9993994402939045,0.034651965892722465
0.9994994502448995,0.03163619699242673
0.9995994601958946,0.02830051547368093
0.9996994701468896,0.024514676992122827
0.9997994800978848,0.02002497430708122
0.9998994900488799,0.014177792493542054
0.9999994999998751,0.001
