t_over_t0,v_over_c
1.0000005000003749,0.001
1.0009005899593708,0.04241166879962888
1.0018006799183665,0.05993042461237165
1.0027007698773625,0.07334668237307866
1.0036008598363584,0.08463454979376736
1.004500949795354,0.094559434396351
1.00540103975435,0.10351421066654129
1.006301129713346,0.11173244659850638
1.0072012196723419,0.11936644030223949
1.0081013096313376,0.12652205766128002
1.0090013995903335,0.13327643633815786
1.0099014895493295,0.1396878522517709
1.0108015795083252,0.14580161358216917
1.011701669467321,0.1516537783086571
1.012601759426317,0.1572736038634077
1.0135018493853127,0.16268522056252857
1.0144019393443087,0.16790880986341783
1.0153020293033046,0.1729614555989176
1.0162021192623003,0.17785777274701917
1.0171022092212962,0.18261038093810486
1.0180022991802922,0.18723026714868635
1.0189023891392879,0.19172706772961332
1.0198024790982838,0.1961092906761799
1.0207025690572797,0.200384492928977
1.0216026590162757,0.2045594233535076
1.0225027489752714,0.20864013918867316
1.0234028389342673,0.21263210174659147
1.0243029288932632,0.2165402557129589
1.025203018852259,0.22036909535889204
1.0261031088112549,0.2241227202128607
1.0270031987702508,0.22780488217462244
1.0279032887292465,0.23141902562704705
1.0288033786882425,0.2349683217779645
1.0297034686472384,0.2384556982157626
1.030603558606234,0.24188386447015817
1.03150364856523,0.2452553342193274
1.032403738524226,0.2485724446663586
1.0333038284832217,0.25183737351424273
1.0342039184422176,0.2550521538937094
1.0351040084012135,0.25821868753803484
1.0360040983602095,0.26133875645025745
1.0369041883192052,0.26441403326860147
1.037804278278201,0.2674460905035138
1.038704368237197,0.2704364087930286
1.0396044581961927,0.27338638430116613
1.0405045481551887,0.2762973353657445
1.0414046381141846,0.2791705084867086
1.0423047280731803,0.28200708373331457
1.0432048180321762,0.2848081796377038
1.0441049079911722,0.28757485763332824
1.0450049979501679,0.29030812608898576
1.0459050879091638,0.29300894398265126
1.0468051778681597,0.295678224253688
1.0477052678271557,0.29831683686725213
1.0486053577861514,0.3009256116205479
1.0495054477451473,0.3035053407170709
1.0504055377041432,0.30605678113187823
1.051305627663139,0.308580656788291
1.0522057176221349,0.311077660564105
1.0531058075811308,0.3135484561433668
1.0540058975401265,0.315993679728032
1.0549059874991225,0.3184139416222662
1.0558060774581184,0.3208098277007878
1.056706167417114,0.3231819007714925
1.05760625737611,0.3255307018415208
1.058506347335106,0.3278567512950119
1.0594064372941017,0.33016054998997774
1.0603065272530976,0.3324425802809927
1.0612066172120935,0.3347033069737439
1.0621067071710895,0.33694317821692954
1.0630067971300852,0.3391626263364594
1.063906887089081,0.34136206861647145
1.064806977048077,0.3435419080312443
1.0657070670070727,0.3457025339317504
1.0666071569660687,0.3478443226902359
1.0675072469250646,0.3499676383059243
1.0684073368840603,0.3520728329746884
1.0693074268430562,0.3541602476252706
1.0702075168020522,0.35623021242443287
1.071107606761048,0.3582830472532087
1.0720076967200438,0.36031906215626003
1.0729077866790397,0.36233855776617646
1.0738078766380355,0.36434182570439977
1.0747079665970314,0.36632914896034763
1.0756080565560273,0.36830080225015066
1.0765081465150232,0.37025705235634976
1.077408236474019,0.3721981584497627
1.0783083264330149,0.3741243723946636
1.0792084163920108,0.37603593903831223
1.0801085063510065,0.3779330964858177
1.0810085963100025,0.37981607636122755
1.0819086862689984,0.3816851040556814
1.082808776227994,0.38354039896340597
1.08370886618699,0.3853821747062765
1.084608956145986,0.3872106393476085
1.0855090461049817,0.38902599559581497
1.0864091360639776,0.39082844099850755
1.0873092260229735,0.39261816812758105
1.0882093159819695,0.39439536475580006
1.0891094059409652,0.3961602140253497
1.090009495899961,0.39791289460880513
1.090909585858957,0.3996535808629204
1.0918096758179527,0.40138244297563963
1.0927097657769487,0.4030996471066841
1.0936098557359446,0.40480535552205715
1.0945099456949403,0.40649972672278933
1.0954100356539362,0.4081829155682223
1.0963101256129322,0.40985507339410937
1.0972102155719279,0.41151634812580257
1.0981103055309238,0.4131668843867739
1.0990103954899197,0.41480682360269666
1.0999104854489157,0.4164363041013215
1.1008105754079114,0.4180554612083398
1.1017106653669073,0.4196644273394418
1.1026107553259032,0.4212633320887412
1.103510845284899,0.4228523023137531
1.1044109352438949,0.4244314622170821
1.1053110252028908,0.4260009334249703
1.1062111151618865,0.42756083506286613
1.1071112051208825,0.42911128382813635
1.1080112950798784,0.43065239406006267
1.108911385038874,0.43218427780724183
1.10981147499787,0.43370704489250855
1.110711564956866,0.4352208029754891
1.111611654915862,0.4367256576128959
1.1125117448748576,0.4382217123166547
1.1134118348338535,0.4397090686099696
1.1143119247928495,0.44118782608140344
1.1152120147518452,0.4426580824370674
1.116112104710841,0.44411993355099955
1.117012194669837,0.44557347351380244
1.1179122846288327,0.44701879467962136
1.1188123745878287,0.4484559877115278
1.1197124645468246,0.4498851416253719
1.1206125545058203,0.4513063438321738
1.1215126444648162,0.4527196801791064
1.1224127344238122,0.45412523498912877
1.1233128243828079,0.4555230910993269
1.1242129143418038,0.45691332989801
1.1251130043007997,0.45829603136061003
1.1260130942597955,0.45967127408443925
1.1269131842187914,0.4610391353223415
1.1278132741777873,0.46239969101528283
1.1287133641367832,0.46375301582392575
1.129613454095779,0.46509918315922066
1.1305135440547749,0.4664382652120568
1.1314136340137708,0.46777033298200077
1.1323137239727665,0.46909545630516564
1.1332138139317625,0.4704137038812374
1.1341139038907584,0.47172514329968956
1.135013993849754,0.47302984106521717
1.13591408380875,0.47432786262242155
1.136814173767746,0.4756192723797639
1.1377142637267417,0.4769041337328254
1.1386143536857376,0.47818250908689003
1.1395144436447335,0.4794544598788773
1.1404145336037295,0.48072004659864664
1.1413146235627252,0.4819793288096983
1.142214713521721,0.4832323651692876
1.143114803480717,0.48447921344797507
1.1440148934397127,0.4857199305486317
1.1449149833987087,0.48695457252491864
1.1458150733577046,0.48818319459925574
1.1467151633167003,0.48940585118029956
1.1476152532756962,0.4906225958799485
1.1485153432346922,0.4918334815298837
1.1494154331936879,0.49303856019766984
1.1503155231526838,0.4942378832024249
1.1512156131116797,0.49543150113007295
1.1521157030706757,0.4966194638481966
1.1530157930296714,0.4978018205204993
1.1539158829886673,0.4989786196208916
1.154815972947663,0.5001499089472101
1.155716062906659,0.5013157356345889
1.156616152865655,0.5024761461684809
1.1575162428246508,0.5036311863973544
1.1584163327836465,0.5047809015450658
1.1593164227426425,0.5059253362229221
1.1602165127016384,0.5070645344414395
1.161116602660634,0.5081985396218132
1.16201669261963,0.509327394607101
1.162916782578626,0.5104511416731329
1.163816872537622,0.511569822539154
1.1647169624966176,0.5126834783782089
1.1656170524556135,0.5137921498272758
1.1665171424146092,0.5148958769971546
1.1674172323736052,0.5159946994821216
1.168317322332601,0.5170886563693528
1.169217412291597,0.5181777862481247
1.1701175022505927,0.5192621272187994
1.1710175922095887,0.5203417169016002
1.1719176821685846,0.5214165924451802
1.1728177721275803,0.522486790534995
1.1737178620865762,0.5235523474014838
1.1746179520455722,0.5246132988280592
1.1755180420045679,0.5256696801589192
1.1764181319635638,0.5267215263066805
1.1773182219225597,0.5277688717598389
1.1782183118815555,0.5288117505900631
1.1791184018405514,0.5298501964593284
1.1800184917995473,0.5308842426268868
1.1809185817585433,0.531913921956088
1.181818671717539,0.532939266921048
1.182718761676535,0.5339603096131743
1.1836188516355308,0.5349770817475458
1.1845189415945265,0.5359896146691572
1.1854190315535225,0.5369979393590293
1.1863191215125184,0.538002086440187
1.1872192114715143,0.5390020861835096
1.18811930143051,0.5399979685134585
1.189019391389506,0.5409897630136846
1.1899194813485017,0.541977498932514
1.1908195713074976,0.5429612051883245
1.1917196612664935,0.5439409103748052
1.1926197512254895,0.5449166427661112
1.1935198411844852,0.5458884303219101
1.194419931143481,0.5468563006923252
1.1953200211024768,0.5478202812227773
1.1962201110614727,0.5487803989587307
1.1971202010204687,0.5497366806503398
1.1980202909794646,0.5506891527570046
1.1989203809384603,0.551637841451834
1.1998204708974562,0.5525827726260213
1.2007205608564522,0.5535239718931306
1.2016206508154479,0.5544614645933007
1.2025207407744438,0.5553952757973656
1.2034208307334398,0.5563254303108943
1.2043209206924357,0.5572519526781516
1.2052210106514314,0.5581748671859826
1.2061211006104273,0.5590941978676226
1.2070211905694233,0.5600099685064323
1.207921280528419,0.5609222026395626
1.208821370487415,0.5618309235615505
1.2097214604464108,0.5627361543278443
1.2106215504054065,0.5636379177582639
1.2115216403644025,0.5645362364403974
1.2124217303233984,0.5654311327329299
1.213321820282394,0.5663226287689148
1.21422191024139,0.5672107464589825
1.215122000200386,0.5680955074944888
1.2160220901593817,0.5689769333506066
1.2169221801183776,0.5698550452893621
1.2178222700773735,0.5707298643626124
1.2187223600363692,0.5716014114149716
1.2196224499953652,0.5724697070866842
1.220522539954361,0.5733347718164448
1.221422629913357,0.5741966258441683
1.2223227198723527,0.5750552892137107
1.2232228098313487,0.5759107817755427
1.2241228997903446,0.5767631231893718
1.2250229897493403,0.5776123329267238
1.2259230797083362,0.5784584302734752
1.2268231696673322,0.579301434332341
1.227723259626328,0.5801413640253227
1.2286233495853238,0.5809782380961095
1.2295234395443198,0.5818120751124414
1.2304235295033155,0.5826428934684289
1.2313236194623114,0.5834707113868359
1.2322237094213073,0.5842955469213209
1.2331237993803033,0.5851174179586413
1.234023889339299,0.5859363422208201
1.234923979298295,0.5867523372672776
1.2358240692572906,0.5875654204969231
1.2367241592162865,0.5883756091502174
1.2376242491752825,0.5891829203111957
1.2385243391342784,0.5899873709094597
1.239424429093274,0.5907889777221363
1.24032451905227,0.591587757375804
1.241224609011266,0.5923837263483865
1.2421246989702617,0.5931769009710169
1.2430247889292576,0.5939672974298718
1.2439248788882535,0.5947549317679725
1.2448249688472495,0.5955398198869621
1.2457250588062452,0.596321977548849
1.246625148765241,0.5971014203777255
1.2475252387242368,0.597878163861458
1.2484253286832327,0.5986522233533508
1.2493254186422287,0.5994236140737819
1.2502255086012246,0.6001923511118149
1.2511255985602205,0.6009584494267844
1.2520256885192163,0.6017219238498568
1.2529257784782122,0.6024827890855674
1.253825868437208,0.6032410597133308
1.2547259583962038,0.6039967501889328
1.2556260483551998,0.6047498748459937
1.2565261383141957,0.6055004478974133
1.2574262282731914,0.6062484834367908
1.2583263182321873,0.6069939954398262
1.2592264081911833,0.6077369977656966
1.260126498150179,0.6084775041584132
1.261026588109175,0.60921552824816
1.2619266780681708,0.6099510835526086
1.2628267680271665,0.6106841834782152
1.2637268579861625,0.611414841321498
1.2646269479451584,0.6121430702702958
1.265527037904154,0.6128688834050063
1.26642712786315,0.6135922936998094
1.267327217822146,0.6143133140238678
1.268227307781142,0.615031957142514
1.2691273977401376,0.615748235718418
1.2700274876991335,0.6164621623127384
1.2709275776581292,0.6171737493862558
1.2718276676171252,0.6178830093004917
1.272727757576121,0.6185899543188089
1.273627847535117,0.619294596607498
1.2745279374941128,0.6199969482368467
1.2754280274531087,0.6206970211821959
1.2763281174121046,0.6213948273249781
1.2772282073711003,0.6220903784537419
1.2781282973300963,0.6227836862651649
1.2790283872890922,0.6234747623650467
1.2799284772480881,0.6241636182692929
1.2808285672070838,0.624850265404883
1.2817286571660798,0.6255347151108248
1.2826287471250755,0.6262169786390962
1.2835288370840714,0.6268970671555738
1.2844289270430673,0.6275749917409471
1.2853290170020633,0.6282507633916232
1.286229106961059,0.6289243930206156
1.287129196920055,0.6295958914584238
1.2880292868790506,0.6302652694538982
1.2889293768380465,0.6309325376750957
1.2898294667970425,0.6315977067101214
1.2907295567560384,0.6322607870679605
1.291629646715034,0.6329217891792988
1.29252973667403,0.6335807233973314
1.293429826633026,0.6342375999985608
1.2943299165920217,0.6348924291835847
1.2952300065510176,0.6355452210778734
1.2961300965100135,0.6361959857325361
1.2970301864690095,0.6368447331250778
1.2979302764280052,0.6374914731601454
1.2988303663870011,0.6381362156702653
1.2997304563459968,0.6387789704165702
1.3006305463049928,0.6394197470895162
1.3015306362639887,0.6400585553095918
1.3024307262229846,0.6406954046280164
1.3033308161819803,0.6413303045274306
1.3042309061409763,0.6419632644225772
1.305130996099972,0.6425942936609734
1.306031086058968,0.6432234015235746
1.3069311760179638,0.6438505972254291
1.3078312659769598,0.6444758899163257
1.3087313559359557,0.6450992886814313
1.3096314458949514,0.6457208025419219
1.3105315358539473,0.6463404404556056
1.311431625812943,0.646958211317536
1.312331715771939,0.64757412396062
1.313231805730935,0.6481881871562168
1.3141318956899308,0.64880040961473
1.3150319856489265,0.6494107999861906
1.3159320756079225,0.6500193668608366
1.3168321655669182,0.6506261187696811
1.317732255525914,0.6512310641850757
1.31863234548491,0.6518342115212666
1.319532435443906,0.6524355691349439
1.320432525402902,0.6530351453257841
1.3213326153618976,0.6536329483369853
1.3222327053208935,0.6542289863557976
1.3231327952798893,0.6548232675140448
1.3240328852388852,0.6554157998886422
1.3249329751978811,0.6560065915021052
1.325833065156877,0.6565956503230552
1.3267331551158728,0.6571829842667167
1.3276332450748687,0.6577686011954099
1.3285333350338646,0.6583525089190366
1.3294334249928603,0.6589347151955608
1.3303335149518563,0.6595152277314837
1.3312336049108522,0.6600940541823127
1.3321336948698481,0.6606712021530246
1.3330337848288438,0.6612466791985244
1.3339338747878398,0.6618204928240982
1.3348339647468355,0.6623926504858595
1.3357340547058314,0.6629631595911929
1.3366341446648273,0.6635320274991903
1.3375342346238233,0.664099261521083
1.338434324582819,0.6646648689206691
1.339334414541815,0.6652288569147354
1.3402345045008108,0.6657912326734747
1.3411345944598065,0.6663520033208975
1.3420346844188025,0.6669111759352411
1.3429347743777984,0.6674687575493717
1.343834864336794,0.6680247551511828
1.34473495429579,0.6685791756839898
1.345635044254786,0.6691320260469187
1.3465351342137817,0.6696833130952915
1.3474352241727776,0.6702330436410078
1.3483353141317735,0.6707812244529192
1.3492354040907695,0.6713278622572038
1.3501354940497652,0.6718729637377323
1.3510355840087611,0.6724165355364335
1.3519356739677568,0.6729585842536535
1.3528357639267528,0.6734991164485116
1.3537358538857487,0.6740381386392522
1.3546359438447446,0.6745756573035934
1.3555360338037403,0.6751116788790705
1.3564361237627363,0.6756462097633774
1.3573362137217322,0.6761792563147028
1.358236303680728,0.6767108248520627
1.3591363936397238,0.6772409216556314
1.3600364835987198,0.6777695529670659
1.3609365735577157,0.678296724989829
1.3618366635167114,0.6788224438895075
1.3627367534757073,0.6793467157941288
1.363636843434703,0.6798695467944715
1.364536933393699,0.6803909429443753
1.365437023352695,0.6809109102610451
1.3663371133116908,0.6814294547253547
1.3672372032706865,0.6819465822821437
1.3681372932296825,0.6824622988405152
1.3690373831886782,0.682976610274127
1.3699374731476741,0.6834895224214822
1.37083756310667,0.6840010410862142
1.371737653065666,0.6845111720373713
1.3726377430246617,0.6850199210096968
1.3735378329836576,0.6855272937039065
1.3744379229426535,0.6860332957869635
1.3753380129016493,0.6865379328923492
1.3762381028606452,0.6870412106203335
1.3771381928196411,0.6875431345382399
1.378038282778637,0.6880437101807092
1.3789383727376328,0.6885429430499602
1.3798384626966287,0.6890408386160484
1.3807385526556244,0.6895374023171195
1.3816386426146203,0.6900326395596645
1.3825387325736163,0.690526555718768
1.3834388225326122,0.6910191561383567
1.3843389124916081,0.6915104461314442
1.3852390024506038,0.6920004309803737
1.3861390924095998,0.6924891159370582
1.3870391823685955,0.692976506223218
1.3879392723275914,0.6934626070306166
1.3888393622865873,0.6939474235212927
1.3897394522455833,0.6944309608277919
1.390639542204579,0.6949132240533941
1.391539632163575,0.6953942182723402
1.3924397221225706,0.6958739485300558
1.3933398120815665,0.6963524198433726
1.3942399020405625,0.6968296372007476
1.3951399919995584,0.697305605562481
1.3960400819585543,0.6977803298609304
1.39694017191755,0.6982538150007245
1.397840261876546,0.6987260658589737
1.3987403518355417,0.6991970872854787
1.3996404417945376,0.6996668841029376
1.4005405317535335,0.7001354611071507
1.4014406217125295,0.7006028230672227
1.4023407116715252,0.701068974725764
1.4032408016305211,0.7015339207990895
1.4041408915895168,0.7019976659774155
1.4050409815485128,0.7024602149250548
1.4059410715075087,0.7029215722806095
1.4068411614665046,0.7033817426571625
1.4077412514255003,0.7038407306424673
1.4086413413844963,0.7042985407991353
1.4095414313434922,0.7047551776648221
1.410441521302488,0.7052106457524104
1.4113416112614838,0.7056649495501944
1.4122417012204798,0.7061180935220587
1.4131417911794757,0.7065700821076579
1.4140418811384714,0.7070209197225933
1.4149419710974673,0.7074706107585902
1.415842061056463,0.7079191595836692
1.416742151015459,0.7083665705423213
1.417642240974455,0.7088128479556762
1.4185423309334508,0.7092579961216726
1.4194424208924465,0.7097020193152256
1.4203425108514425,0.7101449217883932
1.4212426008104384,0.7105867077705392
1.4221426907694341,0.7110273814684978
1.42304278072843,0.7114669470667341
1.423942870687426,0.7119054087275042
1.4248429606464217,0.7123427705910138
1.4257430506054176,0.7127790367755754
1.4266431405644135,0.7132142113777631
1.4275432305234093,0.7136482984725676
1.4284433204824052,0.7140813021135489
1.4293434104414011,0.7145132263329869
1.430243500400397,0.7149440751420323
1.4311435903593928,0.7153738525308544
1.4320436803183887,0.71580256246879
1.4329437702773844,0.7162302089044867
1.4338438602363803,0.7166567957660506
1.4347439501953763,0.7170823269611871
1.4356440401543722,0.7175068063773445
1.436544130113368,0.7179302378818544
1.4374442200723638,0.7183526253220716
1.4383443100313598,0.7187739725255112
1.4392443999903555,0.7191942832999872
1.4401444899493514,0.7196135614337479
1.4410445799083473,0.7200318106956098
1.4419446698673433,0.7204490348350924
1.442844759826339,0.7208652375825491
1.443744849785335,0.7212804226492997
1.4446449397443306,0.7216945937277595
1.4455450297033265,0.7221077544915685
1.4464451196623225,0.7225199085957192
1.4473452096213184,0.722931059676683
1.4482452995803141,0.7233412113525356
1.44914538953931,0.7237503672230824
1.450045479498306,0.7241585308699803
1.4509455694573017,0.7245657058568613
1.4518456594162976,0.7249718957294535
1.4527457493752935,0.7253771040157007
1.4536458393342895,0.7257813342258818
1.4545459292932852,0.7261845898527294
1.4554460192522811,0.7265868743715467
1.4563461092112768,0.7269881912403231
1.4572461991702728,0.7273885438998505
1.4581462891292687,0.7277879357738359
1.4590463790882646,0.7281863702690161
1.4599464690472603,0.7285838507752685
1.4608465590062563,0.7289803806657245
1.4617466489652522,0.7293759632968769
1.462646738924248,0.729770602008692
1.4635468288832438,0.7301643001247169
1.4644469188422398,0.7305570609521868
1.4653470088012357,0.7309488877821321
1.4662470987602314,0.7313397838894844
1.4671471887192271,0.7317297525331815
1.468047278678223,0.7321187969562704
1.468947368637219,0.7325069203860118
1.469847458596215,0.7328941260339816
1.4707475485552108,0.7332804170961726
1.4716476385142065,0.733665796753095
1.4725477284732025,0.7340502681698764
1.4734478184321984,0.7344338344963609
1.4743479083911941,0.7348164988672068
1.47524799835019,0.7351982644019844
1.476148088309186,0.7355791342052725
1.477048178268182,0.7359591113667538
1.4779482682271776,0.7363381989613103
1.4788483581861733,0.7367164000491174
1.4797484481451693,0.7370937176757377
1.4806485381041652,0.7374701548722129
1.4815486280631611,0.7378457146551564
1.482448718022157,0.7382204000268442
1.4833488079811528,0.7385942139753057
1.4842488979401487,0.7389671594744134
1.4851489878991444,0.7393392394839713
1.4860490778581403,0.739710456949804
1.4869491678171363,0.7400808148038438
1.4878492577761322,0.7404503159642182
1.488749347735128,0.7408189633353351
1.4896494376941238,0.7411867598079694
1.4905495276531198,0.7415537082593475
1.4914496176121155,0.7419198115532306
1.4923497075711114,0.7422850725399998
1.4932497975301073,0.7426494940567377
1.4941498874891033,0.7430130789273108
1.495049977448099,0.743375829962452
1.495950067407095,0.7437377499598399
1.4968501573660906,0.7440988417041804
1.4977502473250865,0.7444591079672858
1.4986503372840825,0.744818551508154
1.4995504272430784,0.7451771750730466
1.5004505172020743,0.745534981395567
1.50135060716107,0.7458919731967373
1.502250697120066,0.7462481531850758
1.5031507870790617,0.7466035240566712
1.5040508770380576,0.74695808849526
1.5049509669970536,0.7473118491723
1.5058510569560495,0.7476648087470449
1.5067511469150452,0.7480169698666184
1.507651236874041,0.7483683351660865
1.5085513268330368,0.7487189072685312
1.5094514167920328,0.749068688785121
1.5103515067510287,0.7494176823151839
1.5112515967100246,0.7497658904462772
1.5121516866690203,0.7501133157542582
1.5130517766280163,0.7504599608033544
1.5139518665870122,0.7508058281462322
1.514851956546008,0.751150920324066
1.5157520465050038,0.7514952398666066
1.5166521364639998,0.7518387892922487
1.5175522264229957,0.7521815711080979
1.5184523163819916,0.7525235878100381
1.5193524063409871,0.7528648418827971
1.520252496299983,0.7532053358000129
1.521152586258979,0.7535450720242981
1.522052676217975,0.7538840530073058
1.5229527661769708,0.7542222811897926
1.5238528561359665,0.7545597590016833
1.5247529460949625,0.7548964888621342
1.5256530360539582,0.7552324731795954
1.5265531260129541,0.7555677143518734
1.52745321597195,0.7559022147661933
1.528353305930946,0.75623597679926
1.529253395889942,0.7565690028173192
1.5301534858489376,0.7569012951762181
1.5310535758079333,0.7572328562214653
1.5319536657669293,0.7575636882882909
1.5328537557259252,0.7578937937017052
1.5337538456849211,0.758223174776558
1.534653935643917,0.7585518338175964
1.5355540256029128,0.7588797731195234
1.5364541155619087,0.759206994967055
1.5373542055209044,0.7595335016349777
1.5382542954799003,0.7598592953882045
1.5391543854388963,0.7601843784818322
1.5400544753978922,0.760508753161196
1.5409545653568881,0.7608324216619264
1.5418546553158838,0.7611553862100033
1.5427547452748795,0.7614776490218107
1.5436548352338755,0.7617992123041919
1.5445549251928714,0.7621200782545021
1.5454550151518673,0.762440249060663
1.5463551051108633,0.7627597269012156
1.547255195069859,0.7630785139453722
1.548155285028855,0.7633966123530705
1.5490553749878506,0.7637140242750238
1.5499554649468466,0.7640307518527737
1.5508555549058425,0.7643467972187412
1.5517556448648384,0.764662162496277
1.5526557348238343,0.7649768497997133
1.55355582478283,0.7652908612344126
1.5544559147418258,0.7656041988968185
1.5553560047008217,0.7659168648745053
1.5562560946598176,0.7662288612462259
1.5571561846188136,0.7665401900819621
1.5580562745778095,0.766850853442972
1.5589563645368052,0.7671608533818387
1.5598564544958011,0.7674701919425181
1.5607565444547968,0.7677788711603858
1.5616566344137928,0.7680868930622852
1.5625567243727887,0.7683942596665728
1.5634568143317846,0.7687009729831663
1.5643569042907806,0.7690070350135898
1.5652569942497763,0.7693124477510197
1.566157084208772,0.7696172131803305
1.567057174167768,0.76992133327814
1.5679572641267638,0.770224810012854
1.5688573540857598,0.7705276453447109
1.5697574440447557,0.7708298412258258
1.5706575340037514,0.771131399600235
1.5715576239627471,0.7714323224039397
1.572457713921743,0.7717326115649482
1.573357803880739,0.7720322690033206
1.574257893839735,0.7723312966312106
1.5751579837987308,0.7726296963529081
1.5760580737577266,0.7729274700648818
1.5769581637167225,0.7732246196558206
1.5778582536757184,0.7735211470066758
1.5787583436347141,0.7738170539907019
1.57965843359371,0.7741123424734982
1.580558523552706,0.7744070143130491
1.581458613511702,0.7747010713597653
1.5823587034706976,0.774994515456523
1.5832587934296933,0.7752873484387053
1.5841588833886893,0.7755795721342408
1.5850589733476852,0.7758711883636432
1.5859590633066811,0.7761621989400512
1.586859153265677,0.7764526056692665
1.5877592432246728,0.7767424103497933
1.5886593331836687,0.7770316147728761
1.5895594231426644,0.777320220722538
1.5904595131016603,0.7776082299756192
1.5913596030606563,0.7778956443018138
1.5922596930196522,0.7781824654637076
1.5931597829786481,0.7784686952168152
1.5940598729376438,0.7787543353096171
1.5949599628966395,0.7790393874835961
1.5958600528556355,0.7793238534732745
1.5967601428146314,0.7796077350062488
1.5976602327736273,0.779891033803227
1.5985603227326233,0.7801737515780637
1.599460412691619,0.7804558900377957
1.600360502650615,0.780737450882678
1.6012605926096106,0.7810184358062171
1.6021606825686066,0.7812988464952078
1.6030607725276025,0.781578684629766
1.6039608624865984,0.7818579518833647
1.6048609524455943,0.7821366499228667
1.60576104240459,0.7824147804085595
1.6066611323635858,0.7826923449941884
1.6075612223225817,0.7829693453269904
1.6084613122815776,0.7832457830477273
1.6093614022405736,0.7835216597907185
1.6102614921995693,0.7837969771838741
1.6111615821585652,0.7840717368487277
1.6120616721175611,0.7843459404004683
1.6129617620765568,0.7846195894479728
1.6138618520355528,0.7848926855938386
1.6147619419945487,0.7851652304344143
1.6156620319535446,0.7854372255598316
1.6165621219125406,0.7857086725540372
1.6174622118715363,0.785979572994824
1.618362301830532,0.7862499284538613
1.619262391789528,0.7865197404967263
1.6201624817485238,0.7867890106829349
1.6210625717075198,0.787057740565971
1.6219626616665155,0.7873259316933181
1.6228627516255114,0.7875935856064884
1.6237628415845071,0.7878607038410529
1.624662931543503,0.7881272879266716
1.625563021502499,0.788393339387122
1.626463111461495,0.7886588597403289
1.6273632014204908,0.7889238504983936
1.6282632913794866,0.7891883131676231
1.6291633813384825,0.7894522492485577
1.6300634712974782,0.7897156602360008
1.6309635612564741,0.7899785476190471
1.63186365121547,0.7902409128811095
1.632763741174466,0.7905027574999495
1.6336638311334617,0.7907640829477027
1.6345639210924576,0.7910248906909081
1.6354640110514533,0.7912851821905348
1.6363641010104493,0.7915449589020096
1.6372641909694452,0.7918042222752443
1.6381642809284411,0.7920629737546627
1.639064370887437,0.7923212147792272
1.6399644608464328,0.7925789467824655
1.6408645508054287,0.7928361711924976
1.6417646407644244,0.7930928894320617
1.6426647307234203,0.7933491029185405
1.6435648206824163,0.7936048130639874
1.6444649106414122,0.793860021275152
1.6453650006004081,0.7941147289535063
1.6462650905594038,0.7943689374952699
1.6471651805183996,0.7946226482914359
1.6480652704773955,0.7948758627277958
1.6489653604363914,0.7951285821849639
1.6498654503953873,0.7953808080384037
1.6507655403543833,0.7956325416584521
1.651665630313379,0.7958837844103436
1.652565720272375,0.7961345376542351
1.6534658102313706,0.7963848027452307
1.6543659001903666,0.7966345810334052
1.6552659901493625,0.7968838738638289
1.6561660801083584,0.7971326825765905
1.6570661700673543,0.7973810085068223
1.65796626002635,0.7976288529847222
1.6588663499853458,0.7978762173355789
1.6597664399443417,0.798123102879794
1.6606665299033376,0.7983695109329058
1.6615666198623336,0.7986154428056118
1.6624667098213295,0.7988608998037927
1.6633667997803252,0.7991058832285339
1.6642668897393211,0.7993503943761497
1.6651669796983168,0.7995944345382043
1.6660670696573128,0.7998380050015352
1.6669671596163087,0.800081107048275
1.6678672495753046,0.800323741955874
1.6687673395343006,0.8005659109971216
1.669667429493296,0.8008076154401689
1.670567519452292,0.8010488565485501
1.671467609411288,0.8012896355812036
1.6723676993702838,0.8015299537924946
1.6732677893292798,0.8017698124322358
1.6741678792882755,0.8020092127457081
1.6750679692472714,0.8022481559736836
1.6759680592062673,0.8024866433524444
1.676868149165263,0.8027246761138048
1.677768239124259,0.8029622554851319
1.678668329083255,0.8031993826893657
1.6795684190422508,0.8034360589450406
1.6804685090012468,0.8036722854663044
1.6813685989602423,0.8039080634629402
1.6822686889192382,0.8041433941403854
1.6831687788782341,0.8043782786997522
1.68406886883723,0.8046127183378475
1.684968958796226,0.8048467142471925
1.6858690487552217,0.8050802676160428
1.6867691387142176,0.8053133796284079
1.6876692286732133,0.8055460514640704
1.6885693186322093,0.8057782842986055
1.6894694085912052,0.8060100793034005
1.6903694985502011,0.8062414376456737
1.691269588509197,0.8064723604884937
1.6921696784681928,0.8067028489907978
1.6930697684271887,0.8069329043074114
1.6939698583861844,0.8071625275890665
1.6948699483451803,0.8073917199824205
1.6957700383041763,0.8076204826300744
1.6966701282631722,0.8078488166705912
1.697570218222168,0.8080767232385142
1.6984703081811638,0.808304203464386
1.6993703981401596,0.8085312584747654
1.7002704880991555,0.8087578893922461
1.7011705780581514,0.8089840973354744
1.7020706680171473,0.8092098834191669
1.7029707579761433,0.8094352487541286
1.703870847935139,0.8096601944472699
1.704770937894135,0.8098847216016247
1.7056710278531306,0.8101088313163672
1.7065711178121266,0.8103325246868297
1.7074712077711225,0.8105558028045194
1.7083712977301184,0.8107786667571361
1.7092713876891141,0.8110011176285882
1.71017147764811,0.8112231564990109
1.7110715676071058,0.811444784444782
1.7119716575661017,0.8116660025385389
1.7128717475250976,0.8118868118491959
1.7137718374840936,0.8121072134419595
1.7146719274430895,0.8123272083783457
1.7155720174020852,0.8125467977161964
1.7164721073610811,0.8127659825096957
1.7173721973200768,0.8129847638093852
1.7182722872790728,0.8132031426621814
1.7191723772380687,0.8134211201113906
1.7200724671970646,0.8136386971967254
1.7209725571560606,0.8138558749543208
1.7218726471150563,0.8140726544167488
1.722772737074052,0.8142890366130356
1.723672827033048,0.8145050225686762
1.7245729169920438,0.8147206133056497
1.7254730069510398,0.8149358098424353
1.7263730969100357,0.8151506131940277
1.7272731868690314,0.8153650243719516
1.7281732768280273,0.8155790443842776
1.729073366787023,0.8157926742356371
1.729973456746019,0.8160059149272368
1.730873546705015,0.8162187674568743
1.7317736366640109,0.8164312328189521
1.7326737266230068,0.8166433120044938
1.7335738165820023,0.8168550060011568
1.7344739065409982,0.8170663157932487
1.7353739964999941,0.8172772423617408
1.73627408645899,0.8174877866842825
1.737174176417986,0.8176979497352163
1.7380742663769817,0.8179077324855913
1.7389743563359776,0.8181171359031786
1.7398744462949736,0.8183261609524838
1.7407745362539693,0.8185348085947621
1.7416746262129652,0.8187430797880326
1.7425747161719611,0.818950975487091
1.743474806130957,0.8191584966435246
1.744374896089953,0.8193656442057251
1.7452749860489485,0.8195724191189032
1.7461750760079444,0.8197788223251018
1.7470751659669403,0.8199848547632088
1.7479752559259363,0.8201905173689721
1.7488753458849322,0.8203958110750118
1.749775435843928,0.8206007368108336
1.7506755258029238,0.8208052955028429
1.7515756157619196,0.821009488074357
1.7524757057209155,0.8212133154456189
1.7533757956799114,0.8214167785338099
1.7542758856389074,0.8216198782530629
1.7551759755979033,0.8218226155144751
1.756076065556899,0.8220249912261207
1.7569761555158947,0.8222270062930644
1.7578762454748906,0.8224286616173733
1.7587763354338866,0.8226299580981294
1.7596764253928825,0.8228308966314437
1.7605765153518784,0.8230314781104665
1.7614766053108741,0.8232317034254015
1.76237669526987,0.8234315734635176
1.7632767852288658,0.8236310891091614
1.7641768751878617,0.8238302512437691
1.7650769651468576,0.8240290607458788
1.7659770551058536,0.824227518491143
1.7668771450648495,0.8244256253523403
1.7677772350238452,0.8246233821993872
1.7686773249828411,0.824820789899351
1.7695774149418368,0.8250178493164603
1.7704775049008328,0.825214561312118
1.7713775948598287,0.8254109267449122
1.7722776848188246,0.8256069464706285
1.7731777747778203,0.8258026213422613
1.7740778647368163,0.8259979522100259
1.774977954695812,0.8261929399213686
1.775878044654808,0.8263875853209802
1.7767781346138039,0.8265818892508057
1.7776782245727998,0.8267758525500566
1.7785783145317957,0.8269694760552216
1.7794784044907914,0.8271627606000784
1.7803784944497874,0.8273557070157044
1.781278584408783,0.8275483161304877
1.782178674367779,0.8277405887701391
1.783078764326775,0.8279325257577016
1.7839788542857709,0.8281241279135628
1.7848789442447666,0.8283153960554646
1.7857790342037623,0.8285063309985152
1.7866791241627582,0.8286969335551987
1.7875792141217541,0.8288872045353868
1.78847930408075,0.8290771447463486
1.789379394039746,0.829266754992762
1.7902794839987417,0.8294560360767238
1.7911795739577376,0.8296449887977603
1.7920796639167336,0.829833613952838
1.7929797538757293,0.8300219123363731
1.7938798438347252,0.8302098847402435
1.7947799337937211,0.8303975319537975
1.795680023752717,0.8305848547638648
1.7965801137117128,0.8307718539547665
1.7974802036707085,0.8309585303083256
1.7983802936297044,0.8311448846038766
1.7992803835887003,0.8313309176182757
1.8001804735476963,0.8315166301259109
1.8010805635066922,0.8317020228987121
1.801980653465688,0.8318870967061603
1.8028807434246839,0.8320718523152987
1.8037808333836796,0.8322562904907407
1.8046809233426755,0.8324404119946818
1.8055810133016714,0.8326242175869074
1.8064811032606674,0.8328077080248034
1.8073811932196633,0.8329908840633657
1.808281283178659,0.8331737464552099
1.8091813731376547,0.8333562959505803
1.8100814630966506,0.8335385332973598
1.8109815530556466,0.8337204592410791
1.8118816430146425,0.8339020745249262
1.8127817329736384,0.8340833798897557
1.8136818229326341,0.8342643760740981
1.81458191289163,0.8344450638141689
1.8154820028506258,0.8346254438438778
1.8163820928096217,0.8348055168948385
1.8172821827686176,0.8349852836963764
1.8181822727276136,0.8351647449755387
1.8190823626866095,0.8353439014571038
1.8199824526456052,0.8355227538635888
1.8208825426046011,0.8357013029152599
1.8217826325635968,0.8358795493301403
1.8226827225225928,0.8360574938240196
1.8235828124815887,0.8362351371104623
1.8244829024405846,0.8364124799008165
1.8253829923995804,0.836589522904223
1.8262830823585763,0.8367662668276237
1.827183172317572,0.83694271237577
1.828083262276568,0.8371188602512318
1.8289833522355639,0.8372947111544058
1.8298834421945598,0.8374702657835242
1.8307835321535555,0.8376455248346628
1.8316836221125512,0.8378204890017497
1.8325837120715471,0.8379951589765737
1.833483802030543,0.8381695354487927
1.834383891989539,0.8383436191059416
1.835283981948535,0.8385174106334408
1.8361840719075309,0.8386909107146046
1.8370841618665268,0.8388641200306489
1.8379842518255225,0.8390370392607003
1.8388843417845182,0.8392096690818031
1.8397844317435141,0.8393820101689277
1.84068452170251,0.8395540631949789
1.841584611661506,0.839725828830804
1.842484701620502,0.8398973077452002
1.8433847915794976,0.8400685006049227
1.8442848815384936,0.8402394080746929
1.8451849714974893,0.8404100308172058
1.8460850614564852,0.8405803694931382
1.8469851514154811,0.8407504247611564
1.8478852413744769,0.840920197277923
1.8487853313334728,0.8410896876981065
1.8496854212924685,0.8412588966743871
1.8505855112514644,0.8414278248574653
1.8514856012104604,0.8415964728960689
1.8523856911694563,0.8417648414369615
1.8532857811284522,0.8419329311249488
1.854185871087448,0.842100742602887
1.8550859610464436,0.8422682765116899
1.8559860510054396,0.842435533490336
1.8568861409644355,0.8426025141758765
1.8577862309234314,0.8427692192034422
1.8586863208824274,0.8429356492062509
1.8595864108414233,0.8431018048156147
1.8604865008004192,0.8432676866609473
1.861386590759415,0.843433295369771
1.8622866807184106,0.8435986315677239
1.8631867706774066,0.8437636958785675
1.8640868606364025,0.8439284889241929
1.8649869505953984,0.8440930113246289
1.8658870405543941,0.844257263698048
1.86678713051339,0.8444212466607743
1.8676872204723858,0.8445849608272901
1.8685873104313817,0.8447484068102425
1.8694874003903776,0.8449115852204511
1.8703874903493733,0.8450744966669138
1.8712875803083693,0.845237141756815
1.8721876702673652,0.8453995210955308
1.873087760226361,0.8455616352866375
1.8739878501853569,0.8457234849319168
1.8748879401443528,0.8458850706313635
1.8757880301033487,0.8460463929831922
1.8766881200623446,0.8462074525838429
1.8775882100213406,0.8463682500279889
1.878488299980336,0.8465287859085427
1.879388389939332,0.8466890608166631
1.880288479898328,0.8468490753417606
1.8811885698573239,0.8470088300715052
1.8820886598163198,0.8471683255918323
1.8829887497753157,0.8473275624869492
1.8838888397343114,0.8474865413393412
1.8847889296933074,0.8476452627297786
1.885689019652303,0.8478037272373227
1.886589109611299,0.847961935439332
1.887489199570295,0.848119887911469
1.8883892895292909,0.8482775852277057
1.8892893794882866,0.8484350279603307
1.8901894694472825,0.8485922166799548
1.8910895594062782,0.8487491519555175
1.8919896493652741,0.8489058343542929
1.89288973932427,0.849062264441896
1.893789829283266,0.849218442782289
1.8946899192422617,0.849374369937787
1.8955900092012574,0.8495300464690642
1.8964900991602534,0.8496854729351598
1.8973901891192493,0.8498406498934845
1.8982902790782452,0.8499955778998258
1.8991903690372411,0.8501502575083544
1.900090458996237,0.8503046892716296
1.900990548955233,0.8504588737406061
1.9018906389142285,0.850612811464639
1.9027907288732244,0.8507665029914897
1.9036908188322204,0.8509199488673324
1.9045909087912163,0.8510731496367591
1.9054909987502122,0.8512261058427859
1.9063910887092081,0.8513788180268583
1.9072911786682039,0.8515312867288573
1.9081912686271998,0.8516835124871048
1.9090913585861955,0.8518354958383696
1.9099914485451914,0.8519872373178723
1.9108915385041874,0.8521387374592919
1.911791628463183,0.8522899967947707
1.912691718422179,0.8524410158549199
1.9135918083811747,0.8525917951688254
1.9144918983401706,0.8527423352640534
1.9153919882991666,0.8528926366666552
1.9162920782581625,0.8530426999011732
1.9171921682171584,0.8531925254906467
1.9180922581761541,0.8533421139566163
1.9189923481351499,0.8534914658191302
1.9198924380941458,0.8536405815967493
1.9207925280531417,0.853789461806552
1.9216926180121376,0.8539381069641404
1.9225927079711336,0.8540865175836451
1.9234927979301295,0.8542346941777301
1.9243928878891254,0.8543826372575991
1.9252929778481211,0.8545303473329999
1.9261930678071169,0.8546778249122295
1.9270931577661128,0.8548250705021401
1.9279932477251087,0.8549720846081432
1.9288933376841046,0.8551188677342157
1.9297934276431004,0.8552654203829045
1.9306935176020963,0.8554117430553315
1.931593607561092,0.855557836251199
1.932493697520088,0.8557037004687946
1.9333937874790839,0.8558493362049959
1.9342938774380796,0.8559947439552764
1.9351939673970755,0.8561399242137094
1.9360940573560714,0.8562848774729735
1.9369941473150671,0.856429604224358
1.937894237274063,0.8565741049577663
1.938794327233059,0.856718380161723
1.939694417192055,0.8568624303233765
1.9405945071510509,0.8570062559285057
1.9414945971100468,0.8571498574615236
1.9423946870690423,0.8572932354054826
1.9432947770280382,0.8574363902420796
1.9441948669870341,0.8575793224516601
1.94509495694603,0.8577220325132234
1.945995046905026,0.857864520904427
1.946895136864022,0.8580067881015917
1.9477952268230176,0.8581488345797061
1.9486953167820136,0.8582906608124313
1.9495954067410093,0.8584322672721053
1.9504954967000052,0.8585736544297481
1.9513955866590011,0.8587148227550658
1.9522956766179969,0.8588557727164555
1.9531957665769928,0.8589965047810102
1.9540958565359887,0.8591370194145223
1.9549959464949844,0.859277317081489
1.9558960364539804,0.8594173982451171
1.9567961264129763,0.8595572633673263
1.957696216371972,0.8596969129087547
1.958596306330968,0.859836347328763
1.9594963962899636,0.8599755670854385
1.9603964862489596,0.8601145726356005
1.9612965762079555,0.8602533644348033
1.9621966661669514,0.8603919429373417
1.9630967561259474,0.8605303085962552
1.9639968460849433,0.8606684618633317
1.9648969360439392,0.8608064031891128
1.9657970260029347,0.8609441330228972
1.9666971159619306,0.8610816518127454
1.9675972059209266,0.8612189600054841
1.9684972958799225,0.8613560580467103
1.9693973858389184,0.8614929463807953
1.9702974757979141,0.8616296254508892
1.97119756575691,0.8617660956989251
1.972097655715906,0.8619023575656234
1.9729977456749017,0.8620384114904953
1.9738978356338976,0.862174257911848
1.9747979255928936,0.8623098972667879
1.9756980155518893,0.8624453299912248
1.9765981055108852,0.8625805565198771
1.977498195469881,0.8627155772862742
1.9783982854288769,0.8628503927227621
1.9792983753878728,0.862985003260506
1.9801984653468687,0.8631194093294956
1.9810985553058647,0.8632536113585484
1.9819986452648604,0.863387609775314
1.982898735223856,0.8635214050062777
1.983798825182852,0.8636549974767651
1.984698915141848,0.8637883876109451
1.9855990051008439,0.8639215758318349
1.9864990950598398,0.8640545625613033
1.9873991850188357,0.8641873482200744
1.9882992749778314,0.8643199332277319
1.9891993649368274,0.8644523180027229
1.990099454895823,0.8645845029623619
1.990999544854819,0.8647164885228338
1.991899634813815,0.8648482750991989
1.9927997247728109,0.8649798631053959
1.9936998147318066,0.8651112529542458
1.9945999046908025,0.8652424450574561
1.9954999946497982,0.8653734398256238
1.9964000846087941,0.8655042376682399
1.99730017456779,0.8656348389936928
1.9982002645267858,0.8657652442092716
1.9991003544857817,0.8658954537211707
2.000000444444778,0.8660254679344929
2.0009005344037734,0.8661552872532526
2.0018006243627693,0.8662849120803807
2.002700714321765,0.8664143428177269
2.003600804280761,0.8665435798660643
2.004500894239757,0.8666726236250926
2.0054009841987526,0.8668014744934416
2.0063010741577485,0.8669301328686748
2.0072011641167444,0.8670585991472936
2.0081012540757404,0.8671868737247393
2.0090013440347363,0.8673149569953987
2.0099014339937322,0.867442849352606
2.010801523952728,0.8675705511886467
2.0117016139117236,0.8676980628947616
2.01260170387072,0.8678253848611498
2.0135017938297155,0.8679525174769719
2.0144018837887114,0.8680794611303545
2.0153019737477074,0.8682062162083924
2.016202063706703,0.8683327830971528
2.0171021536656992,0.8684591621816785
2.0180022436246947,0.8685853538459909
2.018902333583691,0.8687113584730943
2.0198024235426866,0.868837176444978
2.0207025135016825,0.8689628081426213
2.0216026034606784,0.8690882539459949
2.022502693419674,0.8692135142340657
2.0234027833786703,0.8693385893847996
2.024302873337666,0.8694634797751648
2.0252029632966617,0.869588185781135
2.0261030532556576,0.8697127077776928
2.0270031432146536,0.8698370461388332
2.0279032331736495,0.8699612012375659
2.028803323132645,0.8700851734459198
2.029703413091641,0.8702089631349457
2.030603503050637,0.8703325706747188
2.031503593009633,0.8704559964343431
2.0324036829686287,0.8705792407819537
2.033303772927624,0.8707023040847202
2.0342038628866206,0.8708251867088503
2.035103952845616,0.8709478890195921
2.0360040428046124,0.8710704113812381
2.036904132763608,0.8711927541571275
2.037804222722604,0.8713149177096502
2.0387043126816,0.8714369024002487
2.0396044026405953,0.8715587085894229
2.0405044925995917,0.8716803366367313
2.041404582558587,0.871801786900795
2.042304672517583,0.8719230597393012
2.043204762476579,0.8720441555090052
2.044104852435575,0.872165074565734
2.045004942394571,0.8722858172643893
2.0459050323535664,0.8724063839589504
2.0468051223125627,0.8725267750024773
2.047705212271558,0.8726469907471134
2.048605302230554,0.8727670315440886
2.04950539218955,0.8728868977437225
2.050405482148546,0.8730065896954271
2.051305572107542,0.8731261077477095
2.0522056620665374,0.8732454522481753
2.0531057520255334,0.8733646235435313
2.0540058419845293,0.8734836219795882
2.054905931943525,0.8736024479012637
2.055806021902521,0.8737211016525854
2.0567061118615166,0.8738395835766934
2.057606201820513,0.8739578940158437
2.0585062917795085,0.8740760333114101
2.059406381738505,0.8741940018038883
2.0603064716975004,0.8743117998328971
2.061206561656496,0.8744294277371829
2.0621066516154922,0.8745468858546216
2.0630067415744877,0.8746641745222209
2.063906831533484,0.8747812940761243
2.0648069214924796,0.8748982448516126
2.0657070114514755,0.8750150271831082
2.0666071014104714,0.8751316414041759
2.0675071913694674,0.8752480878475273
2.0684072813284633,0.8753643668450224
2.069307371287459,0.8754804787276732
2.0702074612464547,0.8755964238256456
2.0711075512054506,0.8757122024682629
2.0720076411644466,0.8758278149840072
2.0729077311234425,0.8759432617005237
2.0738078210824384,0.8760585429446224
2.0747079110414344,0.8761736590422805
2.07560800100043,0.8762886103186457
2.0765080909594262,0.8764033970980386
2.0774081809184217,0.8765180197039552
2.0783082708774177,0.8766324784590694
2.0792083608364136,0.8767467736852362
2.080108450795409,0.8768609057034935
2.0810085407544054,0.8769748748340651
2.081908630713401,0.8770886813963633
2.0828087206723973,0.8772023257089914
2.083708810631393,0.8773158080897457
2.0846089005903883,0.8774291288556194
2.0855089905493847,0.8775422883228037
2.08640908050838,0.8776552868066907
2.0873091704673765,0.8777681246218768
2.088209260426372,0.8778808020821638
2.089109350385368,0.8779933195005625
2.090009440344364,0.8781056771892946
2.09090953030336,0.8782178754597952
2.0918096202623557,0.8783299146227158
2.092709710221351,0.878441794987926
2.093609800180347,0.8785535168645164
2.094509890139343,0.878665080560801
2.095409980098339,0.8787764863843193
2.096310070057335,0.878887734641839
2.0972101600163304,0.8789988256393587
2.098110249975327,0.8791097596821098
2.0990103399343223,0.8792205370745587
2.0999104298933187,0.8793311581204102
2.100810519852314,0.8794416231226084
2.10171060981131,0.8795519323833405
2.102610699770306,0.8796620862040383
2.1035107897293015,0.8797720848853806
2.104410879688298,0.8798819287272961
2.1053109696472934,0.8799916180289648
2.1062110596062893,0.8801011530888211
2.1071111495652852,0.8802105342045559
2.108011239524281,0.8803197616731187
2.108911329483277,0.88042883579072
2.1098114194422726,0.8805377568528336
2.110711509401269,0.8806465251541995
2.1116115993602644,0.8807551409888246
2.1125116893192604,0.8808636046499864
2.1134117792782563,0.8809719164302346
2.1143118692372522,0.8810800766213939
2.115211959196248,0.8811880855145652
2.1161120491552436,0.8812959434001288
2.1170121391142396,0.8814036505677466
2.1179122290732355,0.8815112073063632
2.1188123190322314,0.8816186139042096
2.1197124089912274,0.8817258706488043
2.120612498950223,0.8818329778269557
2.1215125889092192,0.8819399357247648
2.1224126788682147,0.8820467446276268
2.123312768827211,0.8821534048202334
2.1242128587862066,0.8822599165865752
2.125112948745202,0.8823662802099433
2.1260130387041984,0.8824724959729323
2.126913128663194,0.8825785641574412
2.1278132186221903,0.882684485044677
2.128713308581186,0.8827902589151552
2.1296133985401817,0.8828958860487035
2.1305134884991777,0.8830013667244628
2.1314135784581736,0.8831067012208894
2.1323136684171695,0.8832118898157577
2.133213758376165,0.8833169327861616
2.134113848335161,0.8834218304085171
2.135013938294157,0.8835265829585638
2.135914028253153,0.8836311907113674
2.1368141182121487,0.8837356539413216
2.1377142081711447,0.88383997292215
2.1386142981301406,0.8839441479269085
2.139514388089136,0.8840481792279866
2.140414478048132,0.8841520670971105
2.141314568007128,0.8842558118053441
2.142214657966124,0.8843594136230913
2.14311474792512,0.8844628728200986
2.1440148378841153,0.8845661896654559
2.1449149278431117,0.8846693644275996
2.145815017802107,0.8847723973743139
2.1467151077611035,0.8848752887727331
2.147615197720099,0.8849780388893432
2.1485152876790945,0.8850806479899843
2.149415377638091,0.8851831163398525
2.1503154675970864,0.8852854442035009
2.1512155575560827,0.8853876318448431
2.1521156475150782,0.885489679527154
2.153015737474074,0.8855915875130717
2.15391582743307,0.8856933560646
2.154815917392066,0.8857949854431102
2.155716007351062,0.8858964759093425
2.1566160973100574,0.8859978277234082
2.1575161872690534,0.8860990411447918
2.1584162772280493,0.8862001164323523
2.1593163671870452,0.8863010538443257
2.160216457146041,0.8864018536383266
2.1611165471050366,0.8865025160713496
2.162016637064033,0.8866030413997721
2.1629167270230285,0.886703429879355
2.163816816982025,0.8868036817652459
2.1647169069410204,0.8869037973119794
2.165616996900016,0.8870037767734801
2.1665170868590122,0.8871036204030639
2.1674171768180077,0.8872033284534399
2.168317266777004,0.8873029011767121
2.1692173567359996,0.8874023388243814
2.1701174466949955,0.8875016416473471
2.1710175366539914,0.8876008098959093
2.1719176266129874,0.8876998438197696
2.1728177165719833,0.8877987436680339
2.173717806530979,0.8878975096892137
2.1746178964899747,0.8879961421312278
2.1755179864489707,0.8880946412414042
2.1764180764079666,0.888193007266482
2.1773181663669625,0.8882912404526125
2.1782182563259584,0.8883893410453618
2.1791183462849544,0.888487309289712
2.18001843624395,0.8885851454300625
2.180918526202946,0.8886828497102331
2.1818186161619417,0.8887804223734642
2.1827187061209377,0.8888778636624194
2.1836187960799336,0.8889751738191866
2.184518886038929,0.8890723530852803
2.1854189759979255,0.889169401701643
2.186319065956921,0.8892663199086467
2.1872191559159173,0.8893631079460949
2.188119245874913,0.8894597660532239
2.1890193358339083,0.8895562944687045
2.1899194257929047,0.8896526934306447
2.1908195157519,0.8897489631765894
2.1917196057108965,0.8898451039435236
2.192619695669892,0.8899411159678733
2.193519785628888,0.8900369994855077
2.194419875587884,0.8901327547317404
2.19531996554688,0.8902283819413306
2.1962200555058757,0.8903238813484861
2.197120145464871,0.8904192531868629
2.198020235423867,0.8905144976895691
2.198920325382863,0.8906096150891646
2.199820415341859,0.8907046056176634
2.200720505300855,0.8907994695065355
2.2016205952598504,0.890894206986708
2.202520685218847,0.8909888182885668
2.2034207751778423,0.8910833036419583
2.2043208651368382,0.8911776632761909
2.205220955095834,0.8912718974200362
2.20612104505483,0.8913660063017315
2.207021135013826,0.89145999014898
2.2079212249728215,0.8915538491889538
2.208821314931818,0.891647583648294
2.2097214048908134,0.8917411937531132
2.2106214948498093,0.8918346797289972
2.2115215848088052,0.8919280418010054
2.2124216747678007,0.8920212801936732
2.213321764726797,0.8921143951310136
2.2142218546857926,0.8922073868365179
2.215121944644789,0.8923002555331582
2.2160220346037844,0.8923930014433878
2.2169221245627804,0.8924856247891438
2.2178222145217763,0.892578125791848
2.2187223044807722,0.8926705046724082
2.219622394439768,0.8927627616512199
2.2205224843987637,0.8928548969481681
2.2214225743577596,0.8929469107826281
2.2223226643167555,0.8930388033734675
2.2232227542757514,0.8931305749390474
2.2241228442347474,0.8932222256972238
2.225022934193743,0.8933137558653491
2.2259230241527392,0.8934051656602742
2.2268231141117347,0.8934964552983483
2.2277232040707307,0.893587624995422
2.2286232940297266,0.8936786749668479
2.229523383988722,0.8937696054274822
2.2304234739477184,0.8938604165916861
2.231323563906714,0.893951108673327
2.2322236538657103,0.8940416818857807
2.233123743824706,0.8941321364419312
2.2340238337837017,0.8942224725541742
2.2349239237426977,0.8943126904344163
2.235824013701693,0.8944027902940784
2.2367241036606895,0.8944927723440959
2.237624193619685,0.8945826367949196
2.238524283578681,0.8946723838565188
2.239424373537677,0.8947620137383813
2.240324463496673,0.8948515266495148
2.2412245534556687,0.894940922798449
2.2421246434146647,0.8950302023932362
2.2430247333736606,0.8951193656414531
2.243924823332656,0.8952084127502022
2.244824913291652,0.8952973439261128
2.245725003250648,0.8953861593753424
2.246625093209644,0.8954748593035782
2.24752518316864,0.8955634439160383
2.2484252731276353,0.8956519134174731
2.2493253630866317,0.8957402680121667
2.250225453045627,0.8958285079039378
2.2511255430046235,0.8959166332961414
2.252025632963619,0.8960046443916702
2.2529257229226145,0.8960925413929555
2.253825812881611,0.8961803245019687
2.2547259028406064,0.8962679939202225
2.2556259927996027,0.8963555498487726
2.2565260827585982,0.8964429924882182
2.257426172717594,0.896530322038704
2.25832626267659,0.896617538699921
2.259226352635586,0.896704642671108
2.260126442594582,0.8967916341510532
2.2610265325535774,0.8968785133380945
2.2619266225125734,0.8969652804301216
2.2628267124715693,0.897051935624577
2.2637268024305652,0.8971384791184571
2.264626892389561,0.8972249111083139
2.2655269823485567,0.8973112317902555
2.266427072307553,0.897397441359948
2.2673271622665485,0.8974835400126163
2.2682272522255444,0.8975695279430458
2.2691273421845404,0.897655405345583
2.2700274321435363,0.897741172414137
2.2709275221025322,0.897826829342181
2.2718276120615277,0.8979123763227533
2.272727702020524,0.8979978135484584
2.2736277919795196,0.8980831412114679
2.2745278819385155,0.8981683595035226
2.2754279718975114,0.8982534686159329
2.276328061856507,0.8983384687395801
2.2772281518155033,0.8984233600649183
2.278128241774499,0.8985081427819742
2.279028331733495,0.8985928170803499
2.2799284216924907,0.8986773831492224
2.2808285116514866,0.8987618411773466
2.2817286016104825,0.898846191353055
2.2826286915694785,0.8989304338642591
2.2835287815284744,0.8990145688984512
2.28442887148747,0.8990985966427053
2.285328961446466,0.8991825172836779
2.2862290514054617,0.8992663310076092
2.2871291413644577,0.8993500380003248
2.2880292313234536,0.8994336384472361
2.288929321282449,0.8995171325333422
2.2898294112414455,0.8996005204432304
2.290729501200441,0.8996838023610773
2.291629591159437,0.8997669784706506
2.292529681118433,0.8998500489553097
2.2934297710774283,0.8999330139980067
2.2943298610364247,0.9000158737812881
2.29522995099542,0.9000986284872952
2.2961300409544165,0.9001812782977656
2.297030130913412,0.9002638233940342
2.297930220872408,0.9003462639570348
2.298830310831404,0.9004286001673002
2.2997304007903994,0.9005108322049641
2.3006304907493957,0.9005929602497619
2.3015305807083912,0.9006749844810316
2.302430670667387,0.9007569050777153
2.303330760626383,0.9008387222183601
2.304230850585379,0.900920436081119
2.305130940544375,0.9010020468437524
2.306031030503371,0.9010835546836283
2.306931120462367,0.9011649597777245
2.3078312104213623,0.9012462623026287
2.3087313003803582,0.9013274624345404
2.309631390339354,0.9014085603492712
2.31053148029835,0.9014895562222459
2.311431570257346,0.9015704502285045
2.3123316602163415,0.901651242542702
2.313231750175338,0.9017319333391103
2.3141318401343334,0.9018125227916185
2.3150319300933293,0.9018930110737349
2.3159320200523252,0.9019733983585871
2.3168321100113207,0.9020536848189236
2.317732199970317,0.9021338706271146
2.3186322899293126,0.9022139559551529
2.319532379888309,0.9022939409746554
2.3204324698473044,0.9023738258568635
2.3213325598063004,0.9024536107726444
2.3222326497652963,0.9025332958924924
2.323132739724292,0.9026128813865293
2.324032829683288,0.9026923674245056
2.3249329196422837,0.9027717541758021
2.3258330096012796,0.90285104180943
2.3267330995602755,0.9029302304940324
2.3276331895192715,0.9030093203978851
2.3285332794782674,0.9030883116888976
2.329433369437263,0.9031672045346144
2.3303334593962592,0.9032459991022157
2.3312335493552547,0.903324695558518
2.3321336393142507,0.9034032940699759
2.3330337292732466,0.9034817948026822
2.3339338192322425,0.9035601979223699
2.3348339091912385,0.9036385035944118
2.335733999150234,0.9037167119838229
2.3366340891092303,0.9037948232552603
2.337534179068226,0.9038728375730246
2.3384342690272217,0.9039507551010609
2.3393343589862177,0.9040285760029593
2.340234448945213,0.9041063004419565
2.3411345389042095,0.9041839285809363
2.342034628863205,0.9042614605824306
2.3429347188222014,0.9043388966086204
2.343834808781197,0.9044162368213368
2.344734898740193,0.9044934813820615
2.3456349886991887,0.9045706304519286
2.3465350786581847,0.9046476841917246
2.3474351686171806,0.9047246427618899
2.348335258576176,0.9048015063225193
2.349235348535172,0.9048782750333635
2.350135438494168,0.9049549490538293
2.351035528453164,0.905031528542981
2.35193561841216,0.9051080136595412
2.3528357083711553,0.9051844045618916
2.3537357983301517,0.9052607014080742
2.354635888289147,0.9053369043557915
2.355535978248143,0.9054130135624083
2.356436068207139,0.9054890291849521
2.3573361581661345,0.9055649513801137
2.358236248125131,0.9056407803042488
2.3591363380841264,0.9057165161133782
2.3600364280431227,0.9057921589631895
2.3609365180021182,0.9058677090090368
2.361836607961114,0.9059431664059426
2.36273669792011,0.9060185313085984
2.3636367878791056,0.9060938038713653
2.364536877838102,0.9061689842482753
2.3654369677970974,0.9062440725930313
2.3663370577560934,0.9063190690590094
2.3672371477150893,0.9063939737992585
2.3681372376740852,0.9064687869665012
2.369037327633081,0.9065435087131362
2.369937417592077,0.9066181391912365
2.370837507551073,0.906692678552553
2.3717375975100685,0.9067671269485132
2.3726376874690644,0.9068414845302237
2.3735377774280604,0.9069157514484697
2.3744378673870563,0.9069899278537166
2.3753379573460522,0.9070640138961106
2.3762380473050477,0.9071380097254794
2.377138137264044,0.9072119154913336
2.3780382272230396,0.9072857313428669
2.3789383171820355,0.9073594574289571
2.3798384071410315,0.9074330938981671
2.380738497100027,0.9075066408987454
2.3816385870590233,0.9075800985786274
2.382538677018019,0.9076534670854356
2.383438766977015,0.907726746566481
2.3843388569360107,0.9077999371687633
2.3852389468950066,0.9078730390389725
2.3861390368540025,0.9079460523234891
2.387039126812998,0.9080189771683846
2.3879392167719944,0.9080918137194236
2.38883930673099,0.9081645621220629
2.389739396689986,0.9082372225214538
2.3906394866489817,0.9083097950624417
2.3915395766079777,0.9083822798895678
2.3924396665669736,0.9084546771470694
2.393339756525969,0.9085269869788807
2.3942398464849655,0.9085992095286339
2.395139936443961,0.9086713449396594
2.396040026402957,0.9087433933549873
2.396940116361953,0.9088153549173477
2.3978402063209487,0.9088872297691715
2.3987402962799447,0.908959018052591
2.39964038623894,0.9090307199094415
2.4005404761979365,0.9091023354812611
2.401440566156932,0.9091738649092919
2.402340656115928,0.9092453083344807
2.403240746074924,0.9093166658974797
2.4041408360339194,0.9093879377386476
2.4050409259929157,0.9094591239980497
2.4059410159519112,0.9095302248154593
2.4068411059109076,0.9096012403303582
2.407741195869903,0.9096721706819367
2.408641285828899,0.9097430160090964
2.409541375787895,0.9098137764504484
2.4104414657468904,0.9098844521443156
2.411341555705887,0.9099550432287336
2.4122416456648823,0.91002554984145
2.4131417356238782,0.9100959721199269
2.414041825582874,0.9101663102013403
2.41494191554187,0.9102365642225815
2.415842005500866,0.9103067343202573
2.4167420954598615,0.9103768206306917
2.417642185418858,0.9104468232899253
2.4185422753778534,0.910516742433717
2.4194423653368493,0.9105865781975446
2.4203424552958452,0.9106563307166051
2.4212425452548407,0.9107260001258155
2.422142635213837,0.9107955865598142
2.4230427251728326,0.9108650901529605
2.423942815131829,0.9109345110393364
2.4248429050908245,0.9110038493527467
2.4257429950498204,0.9110731052267201
2.4266430850088163,0.9111422787945094
2.427543174967812,0.9112113701890926
2.428443264926808,0.9112803795431735
2.4293433548858037,0.9113493069891824
2.4302434448447996,0.9114181526592766
2.4311435348037955,0.9114869166853413
2.4320436247627915,0.9115555991989904
2.4329437147217874,0.9116242003315669
2.4338438046807833,0.9116927202141436
2.4347438946397792,0.9117611589775242
2.4356439845987747,0.9118295167522432
2.4365440745577707,0.9118977936685674
2.4374441645167666,0.9119659898564962
2.4383442544757625,0.9120341054457622
2.4392443444347585,0.9121021405658319
2.440144434393754,0.9121700953459065
2.4410445243527503,0.9122379699149227
2.441944614311746,0.9123057644015528
2.4428447042707417,0.9123734789342057
2.4437447942297377,0.9124411136410283
2.444644884188733,0.9125086686499045
2.4455449741477295,0.9125761440884576
2.446445064106725,0.9126435400840494
2.4473451540657214,0.9127108567637823
2.448245244024717,0.9127780942544989
2.449145333983713,0.912845252682783
2.4500454239427087,0.9129123321749606
2.4509455139017042,0.9129793328570996
2.4518456038607006,0.913046254855012
2.452745693819696,0.9131130982942524
2.453645783778692,0.9131798633001207
2.454545873737688,0.9132465499976617
2.455445963696684,0.9133131585116657
2.45634605365568,0.9133796889666697
2.4572461436146753,0.9134461414869569
2.4581462335736712,0.9135125161965592
2.459046323532667,0.9135788132192558
2.459946413491663,0.9136450326785754
2.460846503450659,0.9137111746977957
2.461746593409655,0.9137772393999448
2.462646683368651,0.9138432269078016
2.4635467733276464,0.9139091373438959
2.4644468632866428,0.9139749708305099
2.4653469532456382,0.9140407274896782
2.466247043204634,0.9141064074431888
2.46714713316363,0.9141720108125831
2.4680472231226256,0.9142375377191572
2.468947313081622,0.9143029882839623
2.4698474030406175,0.9143683626278049
2.470747492999614,0.9144336608712481
2.4716475829586093,0.9144988831346115
2.4725476729176052,0.9145640295379724
2.473447762876601,0.9146291002011662
2.4743478528355967,0.9146940952437864
2.475247942794593,0.9147590147851865
2.4761480327535885,0.9148238589444793
2.4770481227125845,0.914888627840538
2.4779482126715804,0.9149533215919972
2.4788483026305763,0.9150179403172526
2.4797483925895722,0.9150824841344626
2.4806484825485677,0.9151469531615478
2.481548572507564,0.9152113475161928
2.4824486624665596,0.9152756673158455
2.4833487524255555,0.915339912677719
2.4842488423845515,0.9154040837187906
2.485148932343547,0.915468180555804
2.4860490223025433,0.9155322033052691
2.486949112261539,0.9155961520834621
2.487849202220535,0.9156600270064272
2.4887492921795307,0.9157238281899762
2.4896493821385266,0.9157875557496894
2.4905494720975225,0.9158512098009165
2.491449562056518,0.9159147904587766
2.4923496520155144,0.9159782978381591
2.49324974197451,0.916041732053724
2.494149831933506,0.9161050932199031
2.4950499218925017,0.9161683814508997
2.4959500118514977,0.9162315968606898
2.4968501018104936,0.9162947395630222
2.4977501917694895,0.9163578096714194
2.498650281728485,0.9164208072991781
2.499550371687481,0.9164837325593694
2.500450461646477,0.9165465855648401
2.501350551605473,0.9166093664282122
2.5022506415644687,0.9166720752618845
2.5031507315234647,0.9167347121780323
2.50405082148246,0.9167972772886084
2.5049509114414565,0.9168597707053437
2.505851001400452,0.9169221925397476
2.506751091359448,0.9169845429031082
2.507651181318444,0.9170468219064934
2.5085512712774394,0.9171090296607511
2.5094513612364358,0.9171711662765101
2.5103514511954312,0.9172332318641799
2.5112515411544276,0.917295226533952
2.512151631113423,0.9173571503958
2.513051721072419,0.9174190035594804
2.513951811031415,0.9174807861345327
2.5148519009904104,0.9175424982302802
2.515751990949407,0.9176041399558309
2.5166520809084023,0.9176657114200772
2.5175521708673982,0.9177272127316972
2.518452260826394,0.9177886439991547
2.51935235078539,0.9178500053306998
2.520252440744386,0.9179112968343696
2.5211525307033815,0.9179725186179887
2.5220526206623775,0.9180336707891693
2.5229527106213734,0.9180947534553128
2.5238528005803693,0.9181557667236085
2.5247528905393652,0.918216710701036
2.5256529804983607,0.9182775854943644
2.526553070457357,0.9183383912101537
2.5274531604163526,0.9183991279547543
2.528353250375349,0.9184597958343087
2.5292533403343445,0.9185203949547507
2.5301534302933404,0.9185809254218069
2.5310535202523363,0.9186413873409973
2.531953610211332,0.9187017808176347
2.532853700170328,0.9187621059568261
2.5337537901293237,0.918822362863473
2.5346538800883196,0.918882551642272
2.5355539700473155,0.9189426723977147
2.5364540600063115,0.919002725234089
2.5373541499653074,0.919062710255479
2.538254239924303,0.9191226275657662
2.5391543298832993,0.9191824772686287
2.5400544198422947,0.9192422594675429
2.5409545098012907,0.9193019742657836
2.5418545997602866,0.9193616217664244
2.5427546897192825,0.9194212020723381
2.5436547796782785,0.9194807152861973
2.544554869637274,0.919540161510475
2.54545495959627,0.9195995408474449
2.546355049555266,0.9196588533991816
2.5472551395142617,0.919718099267562
2.5481552294732577,0.9197772785542646
2.549055319432253,0.9198363913607709
2.5499554093912495,0.9198954377883652
2.550855499350245,0.9199544179381358
2.5517555893092414,0.9200133319109745
2.552655679268237,0.9200721798075779
2.5535557692272324,0.9201309617284475
2.5544558591862287,0.9201896777738904
2.5553559491452242,0.9202483280440193
2.5562560391042206,0.9203069126387533
2.557156129063216,0.9203654316578186
2.558056219022212,0.9204238852007481
2.558956308981208,0.920482273366883
2.559856398940204,0.9205405962553724
2.5607564888992,0.9205988539651739
2.5616565788581953,0.9206570465950544
2.5625566688171912,0.9207151742435903
2.563456758776187,0.9207732370091677
2.564356848735183,0.9208312349899836
2.565256938694179,0.9208891682840453
2.566157028653175,0.920947036989172
2.567057118612171,0.9210048412029942
2.5679572085711664,0.9210625810229549
2.5688572985301628,0.9211202565463094
2.5697573884891582,0.9211778678701265
2.570657478448154,0.9212354150912883
2.57155756840715,0.9212928983064909
2.5724576583661456,0.9213503176122446
2.573357748325142,0.9214076731048749
2.5742578382841375,0.9214649648805224
2.575157928243134,0.9215221930351435
2.5760580182021293,0.9215793576645103
2.5769581081611252,0.921636458864212
2.577858198120121,0.9216934967296545
2.5787582880791167,0.9217504713560613
2.579658378038113,0.9218073828384735
2.5805584679971085,0.9218642312717508
2.5814585579561045,0.9219210167505714
2.5823586479151004,0.9219777393694326
2.5832587378740963,0.9220343992226514
2.5841588278330923,0.9220909964043645
2.5850589177920877,0.9221475310085293
2.5859590077510837,0.9222040031289238
2.5868590977100796,0.9222604128591475
2.5877591876690755,0.922316760292621
2.5886592776280715,0.9223730455225875
2.589559367587067,0.9224292686421123
2.5904594575460633,0.9224854297440841
2.591359547505059,0.922541528921214
2.592259637464055,0.922597566266038
2.5931597274230507,0.922653541870915
2.5940598173820466,0.9227094558280292
2.5949599073410425,0.9227653082293897
2.595859997300038,0.9228210991668305
2.5967600872590344,0.9228768287320119
2.59766017721803,0.9229324970164199
2.598560267177026,0.9229881041113671
2.5994603571360217,0.9230436501079934
2.6003604470950177,0.9230991350972656
2.6012605370540136,0.9231545591699788
2.602160627013009,0.9232099224167556
2.6030607169720055,0.9232652249280477
2.603960806931001,0.9233204667941356
2.604860896889997,0.9233756481051288
2.605760986848993,0.9234307689509671
2.6066610768079888,0.9234858294214199
2.6075611667669847,0.9235408296060874
2.60846125672598,0.9235957695944009
2.609361346684976,0.9236506494756226
2.610261436643972,0.9237054693388467
2.611161526602968,0.9237602292729992
2.612061616561964,0.9238149293668388
2.6129617065209594,0.923869569708957
2.6138617964799558,0.9239241503877785
2.6147618864389512,0.9239786714915617
2.6156619763979476,0.9240331331083987
2.616562066356943,0.9240875353262165
2.6174621563159386,0.9241418782327764
2.618362246274935,0.9241961619156751
2.6192623362339305,0.9242503864623448
2.620162426192927,0.9243045519600536
2.6210625161519223,0.9243586584959056
2.6219626061109182,0.9244127061568419
2.622862696069914,0.9244666950296406
2.62376278602891,0.9245206252009169
2.624662875987906,0.9245744967571242
2.6255629659469015,0.9246283097845538
2.6264630559058975,0.9246820643693354
2.6273631458648934,0.9247357605974377
2.6282632358238893,0.9247893985546688
2.6291633257828853,0.9248429783266762
2.630063415741881,0.9248964999989474
2.630963505700877,0.9249499636568105
2.6318635956598726,0.9250033693854339
2.632763685618869,0.9250567172698275
2.6336637755778645,0.9251100073948423
2.6345638655368604,0.9251632398451713
2.6354639554958563,0.9252164147053498
2.636364045454852,0.9252695320597549
2.637264135413848,0.9253225919926077
2.6381642253728437,0.9253755945879714
2.63906431533184,0.9254285399297537
2.6399644052908355,0.9254814281017056
2.6408644952498315,0.9255342591874228
2.6417645852088274,0.9255870332703456
2.6426646751678233,0.9256397504337592
2.6435647651268193,0.925692410760794
2.6444648550858147,0.9257450143344265
2.6453649450448102,0.9257975612374789
2.6462650350038066,0.9258500515526201
2.647165124962802,0.9259024853623656
2.6480652149217985,0.9259548627490779
2.648965304880794,0.9260071837949673
2.64986539483979,0.9260594485820914
2.650765484798786,0.9261116571923563
2.6516655747577818,0.9261638097075165
2.6525656647167777,0.9262159062091755
2.653465754675773,0.9262679467787853
2.6543658446347695,0.9263199314976484
2.655265934593765,0.9263718604469161
2.6561660245527614,0.9264237337075908
2.657066114511757,0.9264755513605248
2.657966204470753,0.9265273134864217
2.6588662944297488,0.9265790201658358
2.6597663843887447,0.9266306714791734
2.66066647434774,0.9266822675066922
2.661566564306736,0.9267338083285028
2.662466654265732,0.9267852940245676
2.663366744224728,0.9268367246747019
2.6642668341837235,0.9268881003585749
2.66516692414272,0.9269394211557087
2.6660670141017153,0.9269906871454792
2.6669671040607117,0.9270418984071169
2.667867194019707,0.9270930550197064
2.668767283978703,0.9271441570621876
2.669667373937699,0.9271952046133549
2.670567463896695,0.9272461977518588
2.671467553855691,0.9272971365562053
2.6723676438146864,0.9273480211047563
2.6732677337736828,0.9273988514757308
2.6741678237326783,0.927449627747204
2.6750679136916746,0.9275003499971083
2.67596800365067,0.9275510183032338
2.6768680936096656,0.9276016327432278
2.6777681835686615,0.9276521933945961
2.6786682735276575,0.9277027003347029
2.6795683634866534,0.9277531536407706
2.6804684534456493,0.927803553389881
2.681368543404645,0.927853899658975
2.682268633363641,0.9279041925248533
2.6831687233226367,0.9279544320641763
2.684068813281633,0.9280046183534649
2.6849689032406285,0.9280547514691003
2.6858689931996245,0.9281048314873248
2.6867690831586204,0.9281548584842417
2.6876691731176163,0.928204832535816
2.6885692630766123,0.9282547537178741
2.6894693530356077,0.9283046221061048
2.690369442994604,0.9283544377760592
2.6912695329535996,0.9284042008031513
2.692169622912596,0.9284539112626579
2.6930697128715915,0.928503569229719
2.693969802830587,0.9285531747793385
2.6948698927895833,0.9286027279863841
2.695769982748579,0.9286522289255877
2.6966700727075748,0.9287016776715459
2.6975701626665707,0.9287510742987198
2.6984702526255666,0.9288004188814358
2.6993703425845625,0.9288497114938858
2.700270432543558,0.9288989522101272
2.7011705225025544,0.9289481411040837
2.70207061246155,0.9289972782495449
2.7029707024205463,0.9290463637201677
2.7038707923795418,0.9290953975894749
2.7047708823385377,0.9291443799308573
2.7056709722975336,0.9291933108175731
2.7065710622565295,0.9292421903227477
2.7074711522155255,0.9292910185193752
2.708371242174521,0.9293397954803179
2.7092713321335165,0.9293885212783064
2.710171422092513,0.9294371959859407
2.7110715120515083,0.9294858196756898
2.7119716020105047,0.9295343924198921
2.7128716919695,0.9295829142907562
2.713771781928496,0.9296313853603603
2.714671871887492,0.9296798057006533
2.715571961846488,0.9297281753834545
2.716472051805484,0.9297764944804543
2.7173721417644794,0.9298247630632144
2.7182722317234758,0.9298729812031679
2.7191723216824712,0.9299211489716195
2.7200724116414676,0.9299692664397463
2.720972501600463,0.9300173336785974
2.721872591559459,0.930065350759095
2.722772681518455,0.9301133177520337
2.723672771477451,0.9301612347280814
2.7245728614364464,0.9302091017577797
2.7254729513954423,0.9302569189115438
2.7263730413544383,0.9303046862596629
2.727273131313434,0.9303524038723001
2.7281732212724297,0.9304000718194939
2.729073311231426,0.9304476901711569
2.7299734011904215,0.9304952589970771
2.730873491149418,0.9305427783669177
2.7317735811084134,0.930590248350218
2.7326736710674093,0.9306376690163926
2.7335737610264053,0.9306850404347325
2.734473850985401,0.9307323626744056
2.735373940944397,0.930779635804456
2.7362740309033926,0.9308268598938048
2.737174120862389,0.9308740350112508
2.7380742108213845,0.9309211612254696
2.738974300780381,0.9309682386050155
2.7398743907393763,0.9310152672183202
2.740774480698372,0.9310622471336939
2.7416745706573677,0.9311091784193254
2.7425746606163637,0.9311560611432824
2.7434747505753596,0.9312028953735116
2.7443748405343555,0.9312496811778391
2.745274930493351,0.9312964186239708
2.7461750204523474,0.9313431077794924
2.747075110411343,0.9313897487118694
2.7479752003703393,0.9314363414884484
2.7488752903293348,0.931482886176456
2.7497753802883307,0.9315293828430004
2.7506754702473266,0.9315758315550702
2.7515755602063225,0.931622232379536
2.7524756501653185,0.9316685853831502
2.753375740124314,0.9317148906325466
2.7542758300833103,0.9317611481942417
2.755175920042306,0.9318073581346343
2.7560760100013013,0.9318535205200057
2.7569760999602977,0.9318996354165207
2.757876189919293,0.9319457028902266
2.758776279878289,0.9319917230070549
2.759676369837285,0.9320376958328203
2.760576459796281,0.9320836214332217
2.761476549755277,0.9321294998738421
2.762376639714273,0.9321753312201492
2.7632767296732688,0.9322211155374951
2.7641768196322642,0.9322668528911172
2.7650769095912606,0.9323125433461378
2.765976999550256,0.9323581869675648
2.7668770895092525,0.932403783820292
2.767777179468248,0.9324493339690986
2.768677269427244,0.9324948374786506
2.76957735938624,0.9325402944135001
2.7704774493452358,0.9325857048380859
2.7713775393042317,0.932631068816734
2.772277629263227,0.932676386413657
2.7731777192222227,0.9327216576929556
2.774077809181219,0.9327668827186175
2.7749778991402145,0.9328120615545188
2.775877989099211,0.9328571942644233
2.7767780790582064,0.9329022809119836
2.7776781690172023,0.9329473215607405
2.7785782589761983,0.9329923162741237
2.779478348935194,0.9330372651154524
2.78037843889419,0.9330821681479345
2.7812785288531856,0.9331270254346681
2.782178618812182,0.9331718370386404
2.7830787087711775,0.9332166030227289
2.783978798730174,0.9332613234497018
2.7848788886891693,0.933305998382217
2.7857789786481653,0.9333506278828236
2.786679068607161,0.9333952120139617
2.787579158566157,0.9334397508379622
2.7884792485251526,0.9334842444170478
2.7893793384841485,0.9335286928133327
2.7902794284431445,0.9335730960888229
2.7911795184021404,0.9336174543054166
2.792079608361136,0.9336617675249044
2.7929796983201323,0.9337060358089692
2.7938797882791278,0.9337502592191868
2.794779878238124,0.9337944378170262
2.7956799681971196,0.9338385716638494
2.7965800581561155,0.9338826608209122
2.7974801481151115,0.9339267053493636
2.7983802380741074,0.9339707053102468
2.7992803280331033,0.9340146607644993
2.800180417992099,0.9340585717729526
2.801080507951095,0.934102438396333
2.8019805979100907,0.9341462606952616
2.802880687869087,0.9341900387302547
2.8037807778280825,0.9342337725617234
2.804680867787078,0.9342774622499744
2.805580957746074,0.9343211078552107
2.80648104770507,0.9343647094375305
2.807381137664066,0.9344082670569283
2.8082812276230618,0.9344517807732953
2.8091813175820572,0.9344952506464186
2.8100814075410536,0.9345386767359828
2.810981497500049,0.934582059101569
2.8118815874590455,0.934625397802656
2.812781677418041,0.9346686928986194
2.813681767377037,0.9347119444487332
2.814581857336033,0.9347551525121685
2.8154819472950288,0.934798317147995
2.8163820372540247,0.9348414384151805
2.81728212721302,0.9348845163725915
2.8181822171720166,0.9349275510789931
2.819082307131012,0.934970542593049
2.8199823970900075,0.9350134909733226
2.820882487049004,0.9350563962782765
2.8217825770079994,0.9350992585662726
2.8226826669669953,0.9351420778955729
2.8235827569259913,0.9351848543243391
2.824482846884987,0.9352275879106332
2.825382936843983,0.935270278712418
2.826283026802979,0.9353129267875561
2.827183116761975,0.9353555321938117
2.8280832067209705,0.9353980949888495
2.828983296679967,0.9354406152302358
2.8298833866389623,0.9354830929754381
2.8307834765979587,0.9355255282818257
2.831683566556954,0.9355679212066694
2.83258365651595,0.9356102718071427
2.833483746474946,0.9356525801403208
2.834383836433942,0.9356948462631814
2.835283926392938,0.9357370702326053
2.8361840163519334,0.9357792521053758
2.837084106310929,0.9358213919381793
2.8379841962699253,0.9358634897876054
2.8388842862289208,0.9359055457101474
2.839784376187917,0.9359475597622021
2.8406844661469126,0.9359895320000704
2.8415845561059085,0.9360314624799569
2.8424846460649045,0.9360733512579708
2.8433847360239004,0.9361151983901255
2.8442848259828963,0.9361570039323394
2.845184915941892,0.9361987679404354
2.846085005900888,0.9362404904701418
2.8469850958598837,0.9362821715770918
2.84788518581888,0.9363238113168244
2.8487852757778755,0.936365409744784
2.8496853657368715,0.936406966916321
2.8505854556958674,0.9364484828866917
2.851485545654863,0.9364899577110588
2.852385635613859,0.9365313914444913
2.8532857255728548,0.9365727841419648
2.8541858155318507,0.9366141358583618
2.8550859054908466,0.9366554466484718
2.855985995449842,0.9366967165669915
2.8568860854088385,0.936737945668525
2.857786175367834,0.9367791340075837
2.85868626532683,0.9368202816385873
2.859586355285826,0.936861388615863
2.8604864452448218,0.9369024549936464
2.8613865352038177,0.9369434808260814
2.8622866251628136,0.9369844661672201
2.8631867151218096,0.937025411071024
2.864086805080805,0.9370663155913628
2.8649868950398014,0.9371071797820156
2.865886984998797,0.937148003696671
2.8667870749577933,0.9371887873889266
2.8676871649167888,0.9372295309122899
2.8685872548757843,0.9372702343201783
2.86948734483478,0.9373108976659191
2.870387434793776,0.9373515210027499
2.871287524752772,0.9373921043838185
2.872187614711768,0.9374326478621833
2.8730877046707635,0.9374731514908137
2.87398779462976,0.9375136153225899
2.8748878845887553,0.9375540394103031
2.8757879745477517,0.9375944238066559
2.876688064506747,0.9376347685642625
2.877588154465743,0.9376750737356485
2.878488244424739,0.9377153393732515
2.879388334383735,0.9377555655294211
2.880288424342731,0.9377957522564192
2.8811885143017264,0.9378358996064199
2.8820886042607228,0.93787600763151
2.8829886942197183,0.9379160763836889
2.8838887841787137,0.9379561059148691
2.88478887413771,0.9379960962768761
2.8856889640967056,0.9380360475214486
2.8865890540557015,0.9380759597002389
2.8874891440146975,0.9381158328648128
2.8883892339736934,0.93815566706665
2.8892893239326893,0.938195462357144
2.8901894138916853,0.9382352187876026
2.891089503850681,0.9382749364092481
2.8919895938096767,0.9383146152732167
2.892889683768673,0.93835425543056
2.8937897737276685,0.9383938569322439
2.8946898636866645,0.9384334198291495
2.8955899536456604,0.9384729441720734
2.8964900436046563,0.938512430011727
2.8973901335636523,0.9385518773987377
2.898290223522648,0.9385912863836483
2.8991903134816437,0.9386306570169175
2.9000904034406396,0.9386699893489203
2.900990493399635,0.9387092834299477
2.9018905833586315,0.9387485393102073
2.902790673317627,0.9387877570398229
2.9036907632766233,0.9388269366688352
2.904590853235619,0.9388660782472018
2.9054909431946148,0.9389051818247975
2.9063910331536107,0.9389442474514141
2.9072911231126066,0.938983275176761
2.9081912130716026,0.9390222650504649
2.909091303030598,0.9390612171220705
2.9099913929895944,0.9391001314410402
2.91089148294859,0.9391390080567545
2.9117915729075863,0.9391778470185123
2.9126916628665818,0.9392166483755306
2.9135917528255777,0.9392554121769452
2.9144918427845736,0.9392941384718104
2.915391932743569,0.9393328273090995
2.916292022702565,0.939371478737705
2.917192112661561,0.9394100928064383
2.918092202620557,0.9394486695640302
2.918992292579553,0.9394872090591314
2.9198923825385483,0.9395257113403118
2.9207924724975447,0.9395641764560616
2.92169256245654,0.9396026044547906
2.922592652415536,0.939640995384829
2.923492742374532,0.9396793492944274
2.924392832333528,0.9397176662317568
2.925292922292524,0.9397559462449089
2.92619301225152,0.939794189381896
2.9270931022105158,0.9398323956906516
2.9279931921695113,0.9398705652190303
2.9288932821285076,0.939908698014808
2.929793372087503,0.9399467941256819
2.9306934620464995,0.939984853599271
2.931593552005495,0.9400228764831159
2.9324936419644905,0.9400608628246792
2.9333937319234864,0.9400988126713455
2.9342938218824823,0.9401367260704218
2.9351939118414783,0.9401746030691371
2.936094001800474,0.9402124437146435
2.9369940917594697,0.9402502480540154
2.937894181718466,0.9402880161342498
2.9387942716774615,0.9403257480022674
2.939694361636458,0.9403634437049117
2.9405944515954534,0.9404011032889491
2.9414945415544493,0.9404387268010702
2.9423946315134453,0.9404763142878888
2.943294721472441,0.9405138657959422
2.944194811431437,0.9405513813716924
2.9450949013904326,0.9405888610615246
2.945994991349429,0.9406263049117488
2.9468950813084245,0.9406637129685992
2.94779517126742,0.9407010852782343
2.9486952612264163,0.9407384218867376
2.949595351185412,0.9407757228401172
2.9504954411444078,0.9408129881843064
2.9513955311034037,0.9408502179651632
2.9522956210623996,0.9408874122284712
2.9531957110213956,0.9409245710199394
2.9540958009803915,0.9409616943852023
2.9549958909393874,0.9409987823698199
2.955895980898383,0.9410358350192783
2.9567960708573793,0.9410728523789897
2.9576961608163748,0.9411098344942922
2.9585962507753707,0.9411467814104502
2.9594963407343666,0.9411836931726546
2.9603964306933626,0.9412205698260229
2.9612965206523585,0.9412574114155994
2.9621966106113544,0.941294217986355
2.96309670057035,0.9413309895831882
2.963996790529346,0.9413677262509238
2.9648968804883413,0.9414044280343147
2.9657969704473377,0.9414410949780407
2.966697060406333,0.9414777271267096
2.9675971503653296,0.9415143245248567
2.968497240324325,0.9415508872169451
2.969397330283321,0.9415874152473661
2.970297420242317,0.9416239086604391
2.971197510201313,0.9416603675004118
2.9720976001603088,0.9416967918114603
2.9729976901193043,0.9417331816376893
2.9738977800783006,0.9417695370231323
2.974797870037296,0.9418058580117515
2.9756979599962925,0.9418421446474384
2.976598049955288,0.9418783969740133
2.977498139914284,0.9419146150352259
2.97839822987328,0.9419507988747553
2.9792983198322753,0.9419869485362102
2.9801984097912713,0.9420230640631293
2.981098499750267,0.9420591454989805
2.981998589709263,0.942095192887162
2.982898679668259,0.9421312062710023
2.9837987696272545,0.9421671856937598
2.984698859586251,0.9422031311986234
2.9855989495452464,0.9422390428287126
2.9864990395042423,0.9422749206270777
2.9873991294632383,0.9423107646366993
2.988299219422234,0.9423465749004892
2.98919930938123,0.9423823514612906
2.990099399340226,0.9424180943618771
2.990999489299222,0.9424538036449545
2.9918995792582175,0.9424894793531594
2.992799669217214,0.9425251215290603
2.9936997591762093,0.9425607302151574
2.994599849135205,0.9425963054538828
2.995499939094201,0.9426318472876005
2.9964000290531967,0.9426673557586066
2.9973001190121926,0.9427028309091295
2.9982002089711886,0.94273827278133
2.9991002989301845,0.9427736814173016
3.0000003888891804,0.9428090568590701
3.0009004788481763,0.9428443991485943
3.0018005688071723,0.9428797083277659
3.0027006587661678,0.9429149844384096
3.0036007487251637,0.9429502275222834
3.0045008386841596,0.9429854376210783
3.0054009286431556,0.9430206147764192
3.0063010186021515,0.9430557590298642
3.0072011085611474,0.943090870422905
3.0081011985201433,0.9431259489969677
3.0090012884791393,0.9431609947934115
3.009901378438135,0.9431960078535305
3.0108014683971307,0.9432309882185526
3.0117015583561266,0.9432659359296399
3.012601648315122,0.9433008510278893
3.013501738274118,0.9433357335543321
3.014401828233114,0.9433705835499343
3.01530191819211,0.9434054010555968
3.016202008151106,0.9434401861121554
3.0171020981101018,0.943474938760381
3.0180021880690977,0.9435096590409799
3.0189022780280936,0.9435443469945934
3.0198023679870896,0.9435790026617986
3.020702457946085,0.943613626083108
3.021602547905081,0.9436482172989697
3.022502637864077,0.943682776349768
3.023402727823073,0.9437173032758229
3.0243028177820688,0.9437517981173905
3.0252029077410647,0.9437862609146631
3.0261029977000606,0.9438206917077695
3.027003087659056,0.9438550905367747
3.027903177618052,0.9438894574416805
3.028803267577048,0.9439237924624253
3.029703357536044,0.9439580956388843
3.0306034474950394,0.9439923670108696
3.0315035374540353,0.9440266066181305
3.0324036274130313,0.9440608145003534
3.033303717372027,0.944094990697162
3.034203807331023,0.9441291352481175
3.035103897290019,0.9441632481927182
3.036003987249015,0.9441973295704011
3.036904077208011,0.9442313794205398
3.037804167167007,0.9442653977824466
3.0387042571260023,0.9442993846953713
3.0396043470849983,0.9443333401985022
3.040504437043994,0.944367264330966
3.04140452700299,0.944401157131827
3.0423046169619856,0.9444350186400889
3.0432047069209816,0.9444688488946936
3.0441047968799775,0.9445026479345215
3.0450048868389734,0.9445364157983925
3.0459049767979693,0.9445701525250647
3.0468050667569653,0.9446038581532358
3.047705156715961,0.9446375327215424
3.0486052466749567,0.9446711762685607
3.0495053366339526,0.9447047888328062
3.0504054265929486,0.9447383704527338
3.0513055165519445,0.9447719211667382
3.0522056065109404,0.9448054410131539
3.0531056964699363,0.9448389300302552
3.0540057864289323,0.9448723882562565
3.054905876387928,0.9449058157293122
3.055805966346924,0.944939212487517
3.0567060563059196,0.9449725785689058
3.0576061462649156,0.9450059140114543
3.058506236223911,0.9450392188530785
3.059406326182907,0.9450724931316351
3.060306416141903,0.9451057368849217
3.061206506100899,0.9451389501506766
3.0621065960598948,0.9451721329665794
3.0630066860188907,0.9452052853702507
3.0639067759778866,0.9452384073992524
3.0648068659368826,0.9452714990910875
3.0657069558958785,0.9453045604832009
3.066607045854874,0.9453375916129786
3.06750713581387,0.9453705925177488
3.068407225772866,0.945403563234781
3.0693073157318618,0.9454365038012872
3.0702074056908577,0.9454694142544207
3.0711074956498536,0.9455022946312773
3.0720075856088496,0.9455351449688952
3.0729076755678455,0.9455679653042548
3.0738077655268414,0.9456007556742789
3.074707855485837,0.9456335161158328
3.075607945444833,0.9456662466657247
3.0765080354038283,0.9456989473607054
3.0774081253628243,0.9457316182374687
3.07830821532182,0.9457642593326512
3.079208305280816,0.9457968706828329
3.080108395239812,0.9458294523245367
3.081008485198808,0.9458620042942293
3.081908575157804,0.9458945266283203
3.0828086651168,0.9459270193631629
3.083708755075796,0.9459594825350544
3.0846088450347913,0.9459919161802353
3.085508934993787,0.9460243203348901
3.086409024952783,0.9460566950351476
3.087309114911779,0.9460890403170803
3.088209204870775,0.9461213562167049
3.089109294829771,0.9461536427699825
3.0900093847887664,0.9461859000128184
3.0909094747477623,0.9462181279810626
3.0918095647067583,0.9462503267105096
3.092709654665754,0.9462824962368985
3.09360974462475,0.9463146365959133
3.0945098345837456,0.9463467478231828
3.0954099245427416,0.946378829954281
3.0963100145017375,0.9464108830247268
3.0972101044607334,0.9464429070699842
3.0981101944197293,0.9464749021254629
3.0990102843787253,0.9465068682265178
3.099910374337721,0.946538805408449
3.100810464296717,0.9465707137065028
3.101710554255713,0.9466025931558709
3.1026106442147086,0.9466344437916908
3.1035107341737045,0.9466662656490459
3.1044108241327004,0.9466980587629659
3.1053109140916964,0.9467298231684261
3.106211004050692,0.9467615589003485
3.1071110940096878,0.9467932659936014
3.1080111839686837,0.9468249444829991
3.1089112739276796,0.9468565944033029
3.1098113638866756,0.9468882157892206
3.1107114538456715,0.9469198086754064
3.1116115438046674,0.9469513730964616
3.112511633763663,0.9469829090869345
3.113411723722659,0.9470144166813202
3.1143118136816548,0.9470458959140611
3.1152119036406507,0.9470773468195467
3.1161119935996466,0.947108769432114
3.1170120835586426,0.9471401637860469
3.1179121735176385,0.9471715299155774
3.1188122634766344,0.947202867854885
3.1197123534356304,0.9472341776380965
3.120612443394626,0.9472654592992871
3.1215125333536218,0.9472967128724792
3.1224126233126173,0.9473279383916438
3.123312713271613,0.9473591358906998
3.124212803230609,0.9473903054035142
3.125112893189605,0.9474214469639023
3.126012983148601,0.9474525606056278
3.126913073107597,0.947483646362403
3.127813163066593,0.9475147042678885
3.128713253025589,0.947545734355694
3.1296133429845847,0.9475767366593775
3.13051343294358,0.9476077112124459
3.131413522902576,0.9476386580483556
3.132313612861572,0.9476695772005111
3.133213702820568,0.9477004687022671
3.134113792779564,0.9477313325869268
3.13501388273856,0.9477621688877428
3.135913972697556,0.9477929776379174
3.1368140626565517,0.9478237588706023
3.137714152615547,0.9478545126188986
3.138614242574543,0.9478852389158576
3.139514332533539,0.9479159377944798
3.1404144224925346,0.9479466092877159
3.1413145124515305,0.9479772534284665
3.1422146024105264,0.9480078702495824
3.1431146923695223,0.9480384597838645
3.1440147823285183,0.9480690220640637
3.144914872287514,0.9480995571228816
3.14581496224651,0.9481300649929701
3.146715052205506,0.9481605457069316
3.147615142164502,0.9481909992973192
3.1485152321234975,0.9482214257966365
3.1494153220824934,0.9482518252373382
3.1503154120414893,0.9482821976518296
3.1512155020004853,0.9483125430724672
3.152115591959481,0.9483428615315584
3.153015681918477,0.948373153061362
3.1539157718774726,0.9484034176940878
3.1548158618364686,0.948433655461897
3.1557159517954645,0.9484638663969022
3.1566160417544604,0.9484940505311678
3.1575161317134564,0.9485242078967093
3.158416221672452,0.9485543385254944
3.1593163116314478,0.9485844424494423
3.1602164015904437,0.948614519700424
3.1611164915494396,0.9486445703102628
3.1620165815084356,0.9486745943107336
3.1629166714674315,0.948704591733564
3.1638167614264274,0.9487345626104331
3.1647168513854234,0.9487645069729729
3.1656169413444193,0.9487944248527675
3.1665170313034148,0.9488243162813538
3.1674171212624107,0.9488541812902208
3.1683172112214066,0.9488840199108105
3.169217301180402,0.9489138321745175
3.170117391139398,0.9489436181126893
3.171017481098394,0.9489733777566263
3.17191757105739,0.949003111137582
3.172817661016386,0.9490328182867626
3.173717750975382,0.9490624992353279
3.1746178409343777,0.9490921540143908
3.1755179308933736,0.9491217826550177
3.176418020852369,0.949151385188228
3.177318110811365,0.9491809616449949
3.178218200770361,0.9492105120562454
3.179118290729357,0.9492400364528597
3.180018380688353,0.9492695348656723
3.180918470647349,0.9492990073254711
3.1818185606063447,0.949328453862998
3.1827186505653406,0.9493578745089493
3.1836187405243366,0.9493872692939749
3.184518830483332,0.9494166382486791
3.185418920442328,0.9494459814036205
3.1863190104013235,0.949475298789312
3.1872191003603194,0.949504590436221
3.1881191903193153,0.9495338563747694
3.1890192802783113,0.9495630966353336
3.189919370237307,0.9495923112482446
3.190819460196303,0.9496215002437884
3.191719550155299,0.9496506636522059
3.192619640114295,0.9496798015036925
3.193519730073291,0.9497089138283988
3.1944198200322864,0.9497380006564309
3.1953199099912823,0.9497670620178494
3.1962199999502783,0.9497960979426706
3.197120089909274,0.949825108460866
3.19802017986827,0.9498540936023624
3.198920269827266,0.9498830533970423
3.199820359786262,0.9499119878747436
3.200720449745258,0.9499408970652601
3.2016205397042534,0.9499697809983407
3.2025206296632494,0.949998639703691
3.2034207196222453,0.9500274732109719
3.2043208095812408,0.9500562815498004
3.2052208995402367,0.9500850647497495
3.2061209894992326,0.9501138228403485
3.2070210794582286,0.9501425558510828
3.2079211694172245,0.9501712638113939
3.2088212593762204,0.95019994675068
3.2097213493352164,0.9502286046982956
3.2106214392942123,0.9502572376835517
3.211521529253208,0.950285845735716
3.2124216192122037,0.9503144288840125
3.2133217091711996,0.9503429871576224
3.2142217991301956,0.9503715205856836
3.2151218890891915,0.950400029197291
3.2160219790481874,0.9504285130214962
3.216922069007183,0.950456972087308
3.217822158966179,0.9504854064236925
3.218722248925175,0.9505138160595729
3.2196223388841707,0.9505422010238295
3.2205224288431666,0.9505705613453003
3.2214225188021626,0.9505988970527806
3.222322608761158,0.9506272081750232
3.223222698720154,0.9506554947407385
3.22412278867915,0.9506837567785947
3.225022878638146,0.9507119943172176
3.225922968597142,0.9507402073851908
3.2268230585561377,0.950768396011056
3.2277231485151336,0.9507965602233126
3.2286232384741296,0.9508247000504184
3.2295233284331255,0.950852815520789
3.230423418392121,0.9508809066627985
3.231323508351117,0.9509089735047788
3.232223598310113,0.9509370160750207
3.2331236882691083,0.9509650344017732
3.2340237782281043,0.9509930285132435
3.2349238681871,0.951020998437598
3.235823958146096,0.9510489442029614
3.236724048105092,0.9510768658374168
3.237624138064088,0.9511047633690066
3.238524228023084,0.951132636825732
3.23942431798208,0.9511604862355529
3.2403244079410753,0.9511883116263883
3.2412244979000713,0.9512161130261163
3.242124587859067,0.9512438904625743
3.243024677818063,0.9512716439635587
3.243924767777059,0.9512993735568254
3.244824857736055,0.9513270792700894
3.245724947695051,0.9513547611310256
3.246625037654047,0.9513824191672678
3.247525127613043,0.9514100534064102
3.2484252175720383,0.9514376638760058
3.2493253075310338,0.951465250603568
3.2502253974900297,0.9514928136165697
3.2511254874490256,0.9515203529424435
3.2520255774080216,0.9515478686085825
3.2529256673670175,0.9515753606423393
3.2538257573260134,0.9516028290710268
3.2547258472850094,0.951630273921918
3.2556259372440053,0.9516576952222462
3.256526027203001,0.951685092999205
3.257426117161997,0.9517124672799483
3.2583262071209926,0.9517398180915905
3.2592262970799886,0.9517671454612066
3.2601263870389845,0.9517944494158318
3.2610264769979804,0.9518217299824625
3.2619265669569764,0.9518489871880553
3.2628266569159723,0.9518762210595281
3.263726746874968,0.9519034316237591
3.2646268368339637,0.9519306189075879
3.2655269267929596,0.9519577829378149
3.2664270167519556,0.9519849237412015
3.267327106710951,0.9520120413444703
3.268227196669947,0.9520391357743051
3.269127286628943,0.9520662070573511
3.270027376587939,0.9520932552202147
3.270927466546935,0.9521202802894636
3.2718275565059307,0.952147282291627
3.2727276464649266,0.9521742612531962
3.2736277364239226,0.9522012172006231
3.2745278263829185,0.952228150160322
3.2754279163419144,0.952255060158669
3.27632800630091,0.9522819472220014
3.277228096259906,0.9523088113766192
3.278128186218902,0.9523356526487835
3.2790282761778977,0.9523624710647178
3.2799283661368936,0.9523892666506081
3.280828456095889,0.9524160394326017
3.281728546054885,0.9524427894368086
3.282628636013881,0.9524695166893012
3.283528725972877,0.9524962212161141
3.284428815931873,0.952522903043244
3.2853289058908683,0.9525495621966505
3.2862289958498643,0.9525761987022557
3.28712908580886,0.952602812585944
3.288029175767856,0.9526294038735628
3.288929265726852,0.9526559725909219
3.289829355685848,0.9526825187637943
3.290729445644844,0.9527090424179155
3.29162953560384,0.9527355435789844
3.292529625562836,0.9527620222726622
3.2934297155218317,0.9527884785245738
3.294329805480827,0.9528149123603069
3.295229895439823,0.9528413238054125
3.296129985398819,0.9528677128854047
3.2970300753578146,0.9528940796257612
3.2979301653168105,0.952920424051923
3.2988302552758064,0.9529467461892942
3.2997303452348024,0.9529730460632428
3.3006304351937983,0.9529993236991003
3.301530525152794,0.9530255791221617
3.30243061511179,0.9530518123576858
3.303330705070786,0.9530780234308952
3.3042307950297816,0.9531042123669762
3.3051308849887775,0.953130379191079
3.3060309749477734,0.953156523928318
3.3069310649067694,0.9531826466037713
3.3078311548657653,0.9532087472424812
3.308731244824761,0.9532348258694541
3.309631334783757,0.9532608825096606
3.310531424742753,0.9532869171880358
3.311431514701749,0.9533129299294788
3.3123316046607445,0.9533389207588531
3.31323169461974,0.9533648897009869
3.314131784578736,0.9533908367806727
3.315031874537732,0.9534167620226678
3.315931964496728,0.9534426654516936
3.3168320544557237,0.953468547092437
3.3177321444147196,0.9534944069695489
3.3186322343737156,0.9535202451076454
3.3195323243327115,0.9535460615313076
3.3204324142917074,0.9535718562650811
3.3213325042507034,0.9535976293334769
3.322232594209699,0.9536233807609708
3.323132684168695,0.9536491105720037
3.3240327741276907,0.9536748187909823
3.3249328640866866,0.9537005054422775
3.3258329540456826,0.9537261705502263
3.3267330440046785,0.9537518141391307
3.3276331339636744,0.9537774362332583
3.32853322392267,0.9538030368568421
3.329433313881666,0.9538286160340804
3.330333403840662,0.9538541737891377
3.3312334937996573,0.9538797101461436
3.332133583758653,0.9539052251291935
3.333033673717649,0.9539307187623488
3.333933763676645,0.9539561910696367
3.334833853635641,0.9539816420750499
3.335733943594637,0.9540070718025477
3.336634033553633,0.9540324802760548
3.337534123512629,0.9540578675194623
3.3384342134716247,0.9540832335566274
3.3393343034306207,0.9541085784113734
3.340234393389616,0.95413390210749
3.341134483348612,0.9541592046687329
3.342034573307608,0.9541844861188244
3.342934663266604,0.9542097464814533
3.3438347532256,0.9542349857802744
3.3447348431845954,0.9542602040389097
3.3456349331435913,0.9542854012809472
3.346535023102587,0.954310577529942
3.347435113061583,0.9543357328094156
3.348335203020579,0.9543608671428563
3.3492352929795746,0.9543859805537193
3.3501353829385705,0.9544110730654267
3.3510354728975664,0.9544361447013674
3.3519355628565624,0.9544611954848974
3.3528356528155583,0.9544862254393398
3.353735742774554,0.9545112345879845
3.35463583273355,0.9545362229540888
3.355535922692546,0.9545611905608773
3.356436012651542,0.9545861374315417
3.357336102610538,0.9546110635892411
3.3582361925695334,0.9546359690571017
3.3591362825285294,0.9546608538582178
3.360036372487525,0.9546857180156502
3.360936462446521,0.9547105615524283
3.3618365524055167,0.9547353844915484
3.3627366423645126,0.9547601868559747
3.3636367323235086,0.9547849686686392
3.3645368222825045,0.9548097299524412
3.3654369122415004,0.9548344707302486
3.3663370022004964,0.9548591910248965
3.367237092159492,0.9548838908591881
3.368137182118488,0.9549085702558949
3.3690372720774837,0.954933229237756
3.3699373620364796,0.954957867827479
3.3708374519954756,0.9549824860477392
3.3717375419544715,0.9550070839211805
3.3726376319134674,0.9550316614704148
3.3735377218724634,0.9550562187180226
3.3744378118314593,0.9550807556865525
3.3753379017904552,0.9551052723985214
3.3762379917494507,0.955129768876415
3.377138081708446,0.9551542451426874
3.378038171667442,0.9551787012197613
3.378938261626438,0.9552031371300279
3.379838351585434,0.9552275528958474
3.38073844154443,0.9552519485395482
3.381638531503426,0.9552763240834281
3.382538621462422,0.9553006795497532
3.3834387114214177,0.9553250149607591
3.3843388013804137,0.9553493303386495
3.385238891339409,0.955373625705598
3.386138981298405,0.9553979010837468
3.387039071257401,0.9554221564952071
3.387939161216397,0.9554463919620596
3.388839251175393,0.9554706075063539
3.389739341134389,0.9554948031501092
3.3906394310933847,0.9555189789153135
3.3915395210523807,0.9555431348239245
3.392439611011376,0.9555672708978695
3.393339700970372,0.955591387159045
3.394239790929368,0.955615483629317
3.3951398808883635,0.9556395603305212
3.3960399708473594,0.9556636172844628
3.3969400608063554,0.9556876545129168
3.3978401507653513,0.955711672037628
3.398740240724347,0.9557356698803107
3.399640330683343,0.9557596480626491
3.400540420642339,0.9557836066062976
3.401440510601335,0.95580754553288
3.402340600560331,0.9558314648639905
3.4032406905193264,0.9558553646211934
3.4041407804783224,0.9558792448260225
3.4050408704373183,0.9559031054999824
3.405940960396314,0.9559269466645473
3.40684105035531,0.9559507683411621
3.4077411403143056,0.9559745705512418
3.4086412302733016,0.9559983533161717
3.4095413202322975,0.9560221166573075
3.4104414101912934,0.9560458605959754
3.4113415001502894,0.956069585153472
3.4122415901092853,0.9560932903510643
3.413141680068281,0.95611697620999
3.4140417700272767,0.9561406427514577
3.4149418599862726,0.9561642899966464
3.4158419499452686,0.9561879179667055
3.4167420399042645,0.956211526682756
3.4176421298632604,0.956235116165889
3.4185422198222564,0.9562586864371666
3.4194423097812523,0.9562822375176222
3.4203423997402482,0.9563057694282598
3.4212424896992437,0.9563292821900545
3.4221425796582396,0.9563527758239527
3.4230426696172356,0.9563762503508716
3.423942759576231,0.9563997057916995
3.424842849535227,0.9564231421672962
3.425742939494223,0.9564465594984928
3.426643029453219,0.9564699578060915
3.427543119412215,0.9564933371108657
3.4284432093712107,0.9565166974335606
3.4293432993302067,0.9565400387948927
3.4302433892892026,0.95656336121555
3.431143479248198,0.9565866647161917
3.432043569207194,0.9566099493174492
3.43294365916619,0.9566332150399253
3.433843749125186,0.9566564619041942
3.434743839084182,0.9566796899308022
3.4356439290431777,0.9567028991402672
3.4365440190021737,0.956726089553079
3.4374441089611696,0.9567492611896993
3.4383441989201655,0.9567724140705616
3.4392442888791614,0.9567955482160714
3.440144378838157,0.9568186636466063
3.4410444687971524,0.956841760382516
3.4419445587561484,0.9568648384441223
3.4428446487151443,0.9568878978517188
3.44374473867414,0.9569109386255717
3.444644828633136,0.9569339607859196
3.445544918592132,0.9569569643529727
3.446445008551128,0.9569799493469143
3.447345098510124,0.9570029157878996
3.44824518846912,0.9570258636960564
3.4491452784281154,0.9570487930914849
3.4500453683871113,0.9570717039942579
3.450945458346107,0.9570945964244209
3.451845548305103,0.9571174704019916
3.452745638264099,0.9571403259469607
3.453645728223095,0.9571631630792916
3.454545818182091,0.9571859818189203
3.4554459081410864,0.9572087821857557
3.4563459981000824,0.9572315641996795
3.4572460880590783,0.9572543278805461
3.4581461780180742,0.9572770732481832
3.4590462679770697,0.9572998003223913
3.4599463579360656,0.9573225091229437
3.4608464478950616,0.9573451996695871
3.4617465378540575,0.9573678719820412
3.4626466278130534,0.9573905260799986
3.4635467177720494,0.9574131619831256
3.4644468077310453,0.9574357797110613
3.4653468976900412,0.9574583792834181
3.466246987649037,0.9574809607197821
3.4671470776080326,0.9575035240397123
3.4680471675670286,0.9575260692627414
3.4689472575260245,0.9575485964083755
3.4698473474850204,0.9575711054960944
3.4707474374440164,0.9575935965453509
3.471647527403012,0.957616069575572
3.472547617362008,0.957638524606158
3.4734477073210037,0.9576609616564827
3.4743477972799997,0.9576833807458942
3.4752478872389956,0.9577057818937139
3.4761479771979915,0.957728165119237
3.477048067156987,0.9577505304417329
3.477948157115983,0.9577728778804444
3.478848247074979,0.9577952074545888
3.479748337033975,0.9578175191833569
3.4806484269929707,0.9578398130859136
3.4815485169519667,0.9578620891813981
3.4824486069109626,0.9578843474889235
3.4833486968699585,0.9579065880275772
3.4842487868289544,0.9579288108164206
3.48514887678795,0.9579510158744894
3.486048966746946,0.9579732032207936
3.486949056705942,0.9579953728743176
3.4878491466649373,0.95801752485402
3.488749236623933,0.9580396591788339
3.489649326582929,0.9580617758676668
3.490549416541925,0.9580838749394007
3.491449506500921,0.9581059564128921
3.492349596459917,0.9581280203069722
3.493249686418913,0.9581500666404464
3.494149776377909,0.9581720954320954
3.4950498663369043,0.958194106700674
3.4959499562959,0.9582161004649119
3.496850046254896,0.9582380767435139
3.497750136213892,0.9582600355551592
3.498650226172888,0.9582819769185019
3.499550316131884,0.9583039008521713
3.50045040609088,0.9583258073747712
3.501350496049876,0.9583476965048809
3.5022505860088717,0.9583695682610543
3.5031506759678672,0.9583914226618205
3.504050765926863,0.9584132597256837
3.5049508558858586,0.958435079471123
3.5058509458448546,0.9584568819165934
3.5067510358038505,0.9584786670805242
3.5076511257628464,0.9585004349813205
3.5085512157218424,0.9585221856373627
3.5094513056808383,0.9585439190670064
3.5103513956398342,0.9585656352885825
3.51125148559883,0.9585873343203977
3.512151575557826,0.9586090161807336
3.5130516655168216,0.9586306808878478
3.5139517554758175,0.9586523284599731
3.5148518454348134,0.9586739589153181
3.5157519353938094,0.958695572272067
3.5166520253528053,0.9587171685483795
3.5175521153118012,0.9587387477623912
3.518452205270797,0.9587603099322133
3.5193522952297926,0.9587818550759328
3.5202523851887886,0.9588033832116124
3.5211524751477845,0.9588248943572911
3.5220525651067804,0.9588463885309833
3.522952655065776,0.9588678657506794
3.523852745024772,0.9588893260343461
3.524752834983768,0.9589107693999258
3.5256529249427637,0.9589321958653371
3.5265530149017597,0.9589536054484745
3.5274531048607556,0.958974998167209
3.5283531948197515,0.9589963740393874
3.5292532847787474,0.9590177330828329
3.5301533747377434,0.9590390753153447
3.531053464696739,0.9590604007546987
3.531953554655735,0.9590817094186468
3.5328536446147307,0.9591030013249173
3.5337537345737267,0.959124276491215
3.534653824532722,0.959145534935221
3.535553914491718,0.959166776674593
3.536454004450714,0.9591880017269652
3.53735409440971,0.9592092101099482
3.538254184368706,0.9592304018411293
3.539154274327702,0.9592515769380724
3.5400543642866977,0.9592727354183181
3.540954454245693,0.9592938772993838
3.541854544204689,0.9593150025987632
3.542754634163685,0.9593361113339274
3.543654724122681,0.9593572035223238
3.544554814081677,0.9593782791813767
3.545454904040673,0.9593993383284877
3.546354993999669,0.959420380981035
3.5472550839586647,0.9594414071563736
3.5481551739176607,0.9594624168718359
3.549055263876656,0.9594834101447309
3.549955353835652,0.9595043869923451
3.5508554437946476,0.9595253474319418
3.5517555337536435,0.9595462914807616
3.5526556237126394,0.9595672191560223
3.5535557136716354,0.9595881304749185
3.5544558036306313,0.9596090254546228
3.5553558935896272,0.9596299041122845
3.556255983548623,0.9596507664650304
3.557156073507619,0.9596716125299647
3.558056163466615,0.9596924423241688
3.5589562534256105,0.9597132558647021
3.5598563433846064,0.9597340531686006
3.5607564333436024,0.9597548342528786
3.5616565233025983,0.9597755991345274
3.5625566132615942,0.9597963478305163
3.56345670322059,0.9598170803577918
3.564356793179586,0.9598377967332784
3.565256883138582,0.9598584969738782
3.566156973097578,0.9598791810964706
3.5670570630565734,0.9598998491179136
3.5679571530155694,0.9599205010550422
3.568857242974565,0.9599411369246695
3.569757332933561,0.9599617567435867
3.5706574228925567,0.9599823605285628
3.5715575128515527,0.9600029482963441
3.5724576028105486,0.9600235200636559
3.5733576927695445,0.9600440758472009
3.5742577827285404,0.9600646156636597
3.5751578726875364,0.9600851395296914
3.5760579626465323,0.9601056474619329
3.576958052605528,0.9601261394769995
3.5778581425645237,0.9601466155914845
3.5787582325235197,0.9601670758219595
3.5796583224825156,0.960187520184974
3.5805584124415115,0.9602079486970565
3.5814585024005074,0.960228361374713
3.582358592359503,0.9602487582344283
3.583258682318499,0.9602691392926659
3.584158772277495,0.9602895045658668
3.5850588622364907,0.9603098540704514
3.5859589521954867,0.960330187822818
3.586859042154482,0.9603505058393437
3.587759132113478,0.9603708081363839
3.588659222072474,0.9603910947302728
3.58955931203147,0.9604113656373233
3.590459401990466,0.9604316208738267
3.591359491949462,0.960451860456053
3.5922595819084577,0.9604720844002513
3.5931596718674537,0.9604922927226491
3.5940597618264496,0.9605124854394527
3.594959851785445,0.9605326625668473
3.595859941744441,0.9605528241209971
3.596760031703437,0.960572970118045
3.597660121662433,0.9605931005741128
3.5985602116214284,0.9606132155053015
3.5994603015804243,0.9606333149276909
3.6003603915394202,0.9606533988573397
3.601260481498416,0.960673467310286
3.602160571457412,0.9606935203025467
3.603060661416408,0.960713557850118
3.603960751375404,0.9607335799689752
3.6048608413343994,0.9607535866750727
3.6057609312933954,0.9607735779843443
3.6066610212523913,0.9607935539127028
3.6075611112113872,0.9608135144760407
3.608461201170383,0.9608334596902293
3.609361291129379,0.9608533895711195
3.610261381088375,0.960873304134542
3.611161471047371,0.9608932033963061
3.612061561006367,0.960913087372201
3.6129616509653624,0.9609329560779957
3.6138617409243583,0.9609528095294381
3.614761830883354,0.9609726477422558
3.6156619208423497,0.9609924707321563
3.6165620108013457,0.9610122785148264
3.6174621007603416,0.9610320711059328
3.6183621907193375,0.9610518485211216
3.6192622806783334,0.9610716107760187
3.6201623706373294,0.9610913578862298
3.6210624605963253,0.9611110898673403
3.6219625505553212,0.9611308067349155
3.6228626405143167,0.9611505085045005
3.6237627304733127,0.9611701951916201
3.6246628204323086,0.9611898668117793
3.6255629103913045,0.9612095233804628
3.6264630003503004,0.9612291649131353
3.6273630903092964,0.9612487914252416
3.6282631802682923,0.9612684029322062
3.6291632702272882,0.9612879994494342
3.6300633601862837,0.9613075809923103
3.6309634501452797,0.9613271475761994
3.6318635401042756,0.9613466992164469
3.632763630063271,0.961366235928378
3.633663720022267,0.9613857577272982
3.634563809981263,0.9614052646284932
3.635463899940259,0.9614247566472292
3.636363989899255,0.9614442337987523
3.6372640798582507,0.9614636960982895
3.6381641698172467,0.9614831435610476
3.6390642597762426,0.961502576202214
3.6399643497352385,0.9615219940369567
3.640864439694234,0.961541397080424
3.64176452965323,0.9615607853477446
3.642664619612226,0.9615801588540278
3.643564709571222,0.9615995176143635
3.6444647995302177,0.9616188616438222
3.6453648894892137,0.9616381909574548
3.646264979448209,0.9616575055702931
3.647165069407205,0.9616768054973494
3.648065159366201,0.9616960907536166
3.648965249325197,0.9617153613540687
3.649865339284193,0.96173461731366
3.6507654292431884,0.9617538586473259
3.6516655192021843,0.9617730853699826
3.6525656091611802,0.961792297496527
3.653465699120176,0.9618114950418368
3.654365789079172,0.961830678020771
3.655265879038168,0.9618498464481693
3.656165968997164,0.9618690003388521
3.65706605895616,0.9618881397076213
3.657966148915156,0.9619072645692595
3.6588662388741513,0.9619263749385302
3.6597663288331472,0.9619454708301785
3.660666418792143,0.9619645522589301
3.661566508751139,0.9619836192394923
3.6624665987101346,0.9620026717865531
3.6633666886691305,0.9620217099147821
3.6642667786281264,0.9620407336388298
3.6651668685871224,0.9620597429733283
3.6660669585461183,0.9620787379328907
3.6669670485051142,0.9620977185321115
3.66786713846411,0.9621166847855666
3.6687672284231057,0.9621356367078132
3.6696673183821016,0.96215457431339
3.6705674083410975,0.962173497616817
3.6714674983000934,0.9621924066325958
3.6723675882590894,0.9622113013752094
3.6732676782180853,0.9622301818591223
3.6741677681770812,0.9622490480987806
3.675067858136077,0.9622679001086121
3.675967948095073,0.9622867379030258
3.6768680380540686,0.9623055614964126
3.6777681280130645,0.9623243709031453
3.67866821797206,0.9623431661375779
3.679568307931056,0.9623619472140463
3.680468397890052,0.9623807141468685
3.681368487849048,0.9623994669503438
3.6822685778080437,0.9624182056387534
3.6831686677670397,0.9624369302263603
3.6840687577260356,0.9624556407274099
3.6849688476850315,0.9624743371561284
3.6858689376440275,0.962493019526725
3.686769027603023,0.9625116878533901
3.687669117562019,0.9625303421502966
3.688569207521015,0.962548982431599
3.6894692974800107,0.962567608711434
3.6903693874390067,0.9625862210039203
3.6912694773980026,0.9626048193231587
3.6921695673569985,0.962623403683232
3.6930696573159945,0.9626419740982053
3.69396974727499,0.9626605305821259
3.694869837233986,0.962679073149023
3.695769927192982,0.9626976018129083
3.6966700171519773,0.9627161165877756
3.6975701071109732,0.9627346174876009
3.698470197069969,0.9627531045263429
3.699370287028965,0.962771577717942
3.700270376987961,0.9627900370763213
3.701170466946957,0.9628084826153864
3.702070556905953,0.962826914349025
3.702970646864949,0.9628453322911076
3.7038707368239447,0.9628637364554867
3.7047708267829402,0.9628821268559977
3.705670916741936,0.9629005035064582
3.706571006700932,0.9629188664206686
3.707471096659928,0.9629372156124116
3.708371186618924,0.9629555510954527
3.70927127657792,0.9629738728835401
3.7101713665369154,0.9629921809904042
3.7110714564959113,0.9630104754297586
3.7119715464549072,0.9630287562152993
3.712871636413903,0.9630470233607049
3.713771726372899,0.9630652768796373
3.7146718163318946,0.9630835167857404
3.7155719062908905,0.9631017430926417
3.7164719962498864,0.963119955813951
3.7173720862088824,0.963138154963261
3.7182721761678783,0.9631563405541476
3.7191722661268742,0.9631745126001691
3.72007235608587,0.9631926711148672
3.720972446044866,0.9632108161117664
3.721872536003862,0.963228947604374
3.7227726259628575,0.9632470656061808
3.7236727159218534,0.96326517013066
3.7245728058808494,0.9632832611912684
3.725472895839845,0.9633013388014454
3.726372985798841,0.963319402974614
3.7272730757578367,0.9633374537241802
3.7281731657168327,0.9633554910635329
3.7290732556758286,0.9633735150060444
3.7299733456348245,0.9633915255650702
3.7308734355938205,0.9634095227539492
3.7317735255528164,0.9634275065860032
3.732673615511812,0.9634454770745374
3.733573705470808,0.9634634342328408
3.7344737954298037,0.963481378074185
3.7353738853887997,0.9634993086118255
3.7362739753477956,0.963517225859001
3.7371740653067915,0.9635351298289335
3.7380741552657875,0.9635530205348288
3.7389742452247834,0.9635708979898759
3.7398743351837793,0.9635887622072472
3.740774425142775,0.963606613200099
3.7416745151017707,0.9636244509815707
3.7425746050607662,0.9636422755647855
3.743474695019762,0.9636600869628502
3.744374784978758,0.9636778851888553
3.745274874937754,0.9636956702558748
3.74617496489675,0.9637134421769662
3.747075054855746,0.9637312009651711
3.747975144814742,0.9637489466335145
3.7488752347737377,0.9637666791950054
3.7497753247327337,0.9637843986626362
3.750675414691729,0.9638021050493835
3.751575504650725,0.9638197983682073
3.752475594609721,0.963837478632052
3.753375684568717,0.9638551458538452
3.754275774527713,0.963872800046499
3.755175864486709,0.963890441222909
3.7560759544457047,0.9639080693959547
3.7569760444047007,0.9639256845785
3.757876134363696,0.9639432867833924
3.758776224322692,0.9639608760234634
3.759676314281688,0.9639784523115288
3.7605764042406835,0.9639960156603882
3.7614764941996794,0.9640135660828255
3.7623765841586754,0.9640311035916086
3.7632766741176713,0.9640486281994896
3.7641767640766672,0.9640661399192043
3.765076854035663,0.9640836387634735
3.765976943994659,0.9641011247450015
3.766877033953655,0.9641185978764772
3.767777123912651,0.9641360581705736
3.7686772138716464,0.964153505639948
3.7695773038306424,0.9641709402972419
3.7704773937896383,0.9641883621550813
3.7713774837486342,0.9642057712260764
3.77227757370763,0.964223167522822
3.7731776636666257,0.9642405510578967
3.7740777536256216,0.9642579218438645
3.7749778435846175,0.9642752798932728
3.7758779335436135,0.964292625218654
3.7767780235026094,0.964309957832525
3.7776781134616053,0.9643272777473871
3.778578203420601,0.9643445849757261
3.7794782933795967,0.9643618795300123
3.7803783833385927,0.9643791614227007
3.7812784732975886,0.964396430666231
3.7821785632565845,0.9644136872730272
3.7830786532155805,0.9644309312554983
3.7839787431745764,0.9644481626260375
3.7848788331335723,0.9644653813970233
3.7857789230925682,0.9644825875808184
3.7866790130515637,0.9644997811897704
3.7875791030105597,0.9645169622362118
3.7884791929695556,0.9645341307324596
3.789379282928551,0.964551286690816
3.790279372887547,0.9645684301235676
3.791179462846543,0.9645855610429862
3.792079552805539,0.9646026794613283
3.792979642764535,0.964619785390835
3.7938797327235307,0.9646368788437331
3.7947798226825267,0.9646539598322335
3.7956799126415226,0.9646710283685326
3.796580002600518,0.9646880844648115
3.797480092559514,0.9647051281332365
3.79838018251851,0.9647221593859588
3.799280272477506,0.9647391782351147
3.800180362436502,0.9647561846928256
3.8010804523954977,0.964773178771198
3.8019805423544937,0.9647901604823234
3.8028806323134896,0.9648071298382783
3.8037807222724855,0.9648240868511251
3.804680812231481,0.9648410315329105
3.805580902190477,0.9648579638956667
3.8064809921494724,0.9648748839514115
3.8073810821084684,0.9648917917121473
3.8082811720674643,0.9649086871898624
3.8091812620264602,0.96492557039653
3.810081351985456,0.9649424413441089
3.810981441944452,0.9649593000445426
3.811881531903448,0.9649761465097608
3.812781621862444,0.9649929807516782
3.81368171182144,0.9650098027821947
3.8145818017804354,0.9650266126131959
3.8154818917394313,0.9650434102565528
3.8163819816984272,0.9650601957241218
3.817282071657423,0.9650769690277449
3.818182161616419,0.9650937301792494
3.819082251575415,0.9651104791904482
3.819982341534411,0.9651272160731401
3.8208824314934065,0.965143940839109
3.8217825214524024,0.9651606535001246
3.8226826114113983,0.9651773540679423
3.8235827013703942,0.9651940425543027
3.8244827913293897,0.9652107189709328
3.8253828812883857,0.9652273833295447
3.8262829712473816,0.9652440356418363
3.8271830612063775,0.9652606759194913
3.8280831511653735,0.9652773041741793
3.8289832411243694,0.9652939204175554
3.8298833310833653,0.9653105246612605
3.8307834210423612,0.9653271169169215
3.831683511001357,0.9653436971961511
3.8325836009603527,0.9653602655105475
3.8334836909193486,0.9653768218716953
3.8343837808783445,0.9653933662911646
3.8352838708373405,0.9654098987805115
3.8361839607963364,0.9654264193512782
3.837084050755332,0.9654429280149924
3.837984140714328,0.9654594247831686
3.8388842306733237,0.9654759096673063
3.8397843206323197,0.9654923826788917
3.8406844105913156,0.9655088438293968
3.8415845005503115,0.9655252931302798
3.842484590509307,0.9655417305929846
3.843384680468303,0.9655581562289417
3.844284770427299,0.9655745700495673
3.845184860386295,0.965590972066264
3.8460849503452907,0.9656073622904204
3.8469850403042867,0.9656237407334113
3.8478851302632826,0.9656401074065979
3.8487852202222785,0.9656564623213273
3.8496853101812745,0.965672805488933
3.85058540014027,0.9656891369207348
3.851485490099266,0.9657054566280386
3.852385580058262,0.9657217646221369
3.8532856700172573,0.9657380609143081
3.8541857599762532,0.9657543455158175
3.855085849935249,0.9657706184379162
3.855985939894245,0.965786879691842
3.856886029853241,0.965803129288819
3.857786119812237,0.9658193672400576
3.858686209771233,0.9658355935567549
3.859586299730229,0.9658518082500942
3.8604863896892243,0.9658680113312456
3.8613864796482202,0.9658842028113653
3.862286569607216,0.9659003827015963
3.863186659566212,0.9659165510130681
3.864086749525208,0.9659327077568965
3.864986839484204,0.9659488529441844
3.8658869294432,0.9659649865860206
3.866787019402196,0.9659811086934812
3.8676871093611918,0.9659972192776285
3.8685871993201872,0.9660133183495115
3.869487289279183,0.9660294059201661
3.8703873792381787,0.9660454820006146
3.8712874691971746,0.9660615466018662
3.8721875591561705,0.9660775997349168
3.8730876491151665,0.966093641410749
3.8739877390741624,0.9661096716403323
3.8748878290331583,0.9661256904346229
3.8757879189921542,0.9661416978045637
3.87668800895115,0.9661576937610845
3.877588098910146,0.9661736783151021
3.8784881888691416,0.96618965147752
3.8793882788281375,0.9662056132592285
3.8802883687871335,0.9662215636711051
3.8811884587461294,0.966237502724014
3.8820885487051253,0.9662534304288064
3.8829886386641213,0.9662693467963204
3.883888728623117,0.9662852518373812
3.8847888185821127,0.9663011455628009
3.8856889085411086,0.9663170279833786
3.8865889985001045,0.9663328991099006
3.8874890884591005,0.9663487589531402
3.888389178418096,0.9663646075238576
3.889289268377092,0.9663804448328001
3.890189358336088,0.9663962708907022
3.8910894482950837,0.966412085708286
3.8919895382540797,0.9664278892962598
3.8928896282130756,0.9664436816653198
3.8937897181720715,0.9664594628261491
3.8946898081310675,0.9664752327894182
3.8955898980900634,0.9664909915657843
3.896489988049059,0.9665067391658927
3.897390078008055,0.9665224756003751
3.8982901679670507,0.9665382008798511
3.8991902579260467,0.9665539150149272
3.9000903478850426,0.9665696180161973
3.900990437844038,0.9665853098942431
3.901890527803034,0.9666009906596329
3.90279061776203,0.9666166603229227
3.903690707721026,0.9666323188946561
3.904590797680022,0.9666479663853639
3.9054908876390177,0.9666636028055643
3.9063909775980132,0.9666792281657629
3.907291067557009,0.9666948424764529
3.908191157516005,0.966710445748115
3.909091247475001,0.9667260379912174
3.909991337433997,0.9667416192162154
3.910891427392993,0.9667571894335525
3.911791517351989,0.9667727486536593
3.9126916073109848,0.966788296886954
3.9135916972699807,0.9668038341438426
3.914491787228976,0.9668193604347186
3.915391877187972,0.966834875769963
3.9162919671469676,0.9668503801599445
3.9171920571059635,0.9668658736150197
3.9180921470649595,0.9668813561455326
3.9189922370239554,0.9668968277618148
3.9198923269829513,0.9669122884741861
3.9207924169419472,0.9669277382929534
3.921692506900943,0.9669431772284118
3.922592596859939,0.966958605290844
3.923492686818935,0.9669740224905204
3.9243927767779305,0.9669894288376996
3.9252928667369265,0.9670048243426272
3.9261929566959224,0.9670202090155378
3.9270930466549183,0.9670355828666526
3.9279931366139142,0.9670509459061817
3.92889322657291,0.9670662981443224
3.929793316531906,0.9670816395912603
3.930693406490902,0.9670969702571686
3.931593496449898,0.9671122901522088
3.9324935864088935,0.9671275992865301
3.933393676367889,0.9671428976702697
3.934293766326885,0.967158185313553
3.935193856285881,0.9671734622264931
3.9360939462448767,0.9671887284191912
3.9369940362038727,0.9672039839017369
3.9378941261628686,0.9672192286842072
3.9387942161218645,0.9672344627766678
3.9396943060808605,0.9672496861891721
3.9405943960398564,0.9672648989317618
3.9414944859988523,0.9672801010144667
3.942394575957848,0.9672952924473047
3.9432946659168437,0.9673104732402817
3.9441947558758397,0.9673256434033923
3.9450948458348356,0.9673408029466186
3.9459949357938315,0.9673559518799315
3.9468950257528275,0.9673710902132897
3.9477951157118234,0.9673862179566405
3.948695205670819,0.9674013351199191
3.949595295629815,0.9674164417130493
3.9504953855888107,0.967431537745943
3.9513954755478062,0.9674466232285006
3.952295565506802,0.9674616981706106
3.953195655465798,0.9674767625821499
3.954095745424794,0.967491816472984
3.95499583538379,0.9675068598529663
3.955895925342786,0.967521892731939
3.956796015301782,0.9675369151197327
3.9576961052607778,0.9675519270261663
3.9585961952197737,0.967566928461047
3.9594962851787696,0.9675819194341707
3.960396375137765,0.9675968999553218
3.961296465096761,0.9676118700342731
3.962196555055757,0.9676268296807856
3.963096645014753,0.9676417789046095
3.9639967349737484,0.9676567177154829
3.9648968249327443,0.967671646123133
3.9657969148917402,0.967686564137275
3.966697004850736,0.9677014717676131
3.967597094809732,0.9677163690238402
3.968497184768728,0.9677312559156374
3.9693972747277235,0.9677461324526746
3.9702973646867195,0.9677609986446106
3.9711974546457154,0.9677758545010926
3.9720975446047113,0.9677907000317566
3.9729976345637072,0.9678055352462273
3.973897724522703,0.967820360154118
3.974797814481699,0.9678351747650309
3.975697904440695,0.967849979088557
3.976597994399691,0.9678647731342757
3.977498084358687,0.9678795569117555
3.9783981743176824,0.9678943304305538
3.9792982642766783,0.9679090937002166
3.980198354235674,0.9679238467302786
3.9810984441946697,0.9679385895302638
3.9819985341536657,0.9679533221096845
3.9828986241126616,0.9679680444780424
3.9837987140716575,0.9679827566448276
3.9846988040306535,0.9679974586195196
3.9855988939896494,0.9680121504115865
3.9864989839486453,0.9680268320304855
3.987399073907641,0.9680415034856625
3.9882991638666367,0.9680561647865528
3.9891992538256327,0.9680708159425803
3.9900993437846286,0.968085456963158
3.9909994337436245,0.9681000878576881
3.9918995237026205,0.9681147086355615
3.9927996136616164,0.9681293193061586
3.9936997036206123,0.9681439198788486
3.9945997935796083,0.9681585103629896
3.995499883538604,0.9681730907679291
3.9963999734975997,0.9681876611030036
3.997300063456595,0.9682022213775386
3.998200153415591,0.9682167716008492
3.999100243374587,0.9682313117822389
4.000000333333583,0.9682458419310012
4.000900423292579,0.968260362056418
4.001800513251575,0.9682748721677609
4.00270060321057,0.9682893722742908
4.003600693169567,0.9683038623852573
4.004500783128563,0.9683183425099
4.0054008730875585,0.968332812657447
4.006300963046554,0.9683472728371161
4.00720105300555,0.9683617230581144
4.008101142964546,0.9683761633296382
4.009001232923541,0.9683905936608729
4.009901322882538,0.9684050140609939
4.010801412841534,0.9684194245391652
4.011701502800529,0.9684338251045407
4.012601592759525,0.9684482157662634
4.0135016827185215,0.9684625965334657
4.014401772677517,0.9684769674152696
4.0153018626365125,0.9684913284207864
4.016201952595509,0.9685056795591169
4.017102042554504,0.9685200208393512
4.0180021325135,0.968534352270569
4.018902222472496,0.9685486738618397
4.0198023124314926,0.9685629856222218
4.020702402390488,0.9685772875607634
4.0216024923494835,0.9685915796865023
4.02250258230848,0.9686058620084659
4.023402672267476,0.9686201345356709
4.024302762226471,0.9686343972771236
4.025202852185467,0.9686486502418201
4.026102942144464,0.9686628934387461
4.027003032103459,0.9686771268768767
4.027903122062455,0.9686913505651766
4.028803212021451,0.9687055645126006
4.0297033019804465,0.9687197687280924
4.030603391939442,0.9687339632205862
4.031503481898438,0.9687481479990054
4.032403571857435,0.9687623230722633
4.033303661816429,0.9687764884492627
4.034203751775426,0.9687906441388963
4.035103841734422,0.9688047901500464
4.0360039316934175,0.9688189264915853
4.036904021652413,0.968833053172375
4.037804111611409,0.9688471702012672
4.038704201570406,0.9688612775871033
4.039604291529401,0.9688753753387148
4.040504381488397,0.9688894634649229
4.041404471447393,0.9689035419745387
4.042304561406389,0.9689176108763629
4.043204651365384,0.9689316701791864
4.0441047413243805,0.9689457198917897
4.045004831283376,0.9689597600229436
4.045904921242371,0.9689737905814085
4.046805011201368,0.9689878115759347
4.047705101160364,0.9690018230152627
4.04860519111936,0.9690158249081228
4.049505281078355,0.9690298172632352
4.0504053710373515,0.9690438000893102
4.051305460996347,0.9690577733950482
4.0522055509553425,0.9690717371891392
4.053105640914339,0.9690856914802638
4.054005730873335,0.9690996362770923
4.054905820832331,0.9691135715882849
4.055805910791326,0.9691274974224924
4.056706000750323,0.969141413788355
4.057606090709319,0.9691553206945037
4.0585061806683145,0.9691692181495591
4.05940627062731,0.9691831061621321
4.060306360586306,0.9691969847408238
4.061206450545301,0.9692108538942253
4.062106540504297,0.9692247136309181
4.063006630463294,0.9692385639594736
4.063906720422289,0.9692524048884534
4.064806810381285,0.9692662364264097
4.065706900340281,0.9692800585818845
4.066606990299277,0.9692938713634102
4.067507080258273,0.9693076747795094
4.068407170217268,0.969321468838695
4.069307260176265,0.9693352535494701
4.07020735013526,0.9693490289203283
4.071107440094256,0.9693627949597531
4.072007530053252,0.9693765516762187
4.0729076200122485,0.9693902990781896
4.073807709971244,0.9694040371741204
4.0747077999302395,0.9694177659724561
4.075607889889236,0.9694314854816323
4.076507979848231,0.9694451957100746
4.077408069807227,0.9694588966661994
4.078308159766223,0.9694725883584134
4.079208249725219,0.9694862707951135
4.080108339684214,0.9694999439846871
4.0810084296432105,0.9695136079355122
4.081908519602207,0.9695272626559573
4.082808609561202,0.9695409081543811
4.083708699520198,0.969554544439133
4.084608789479194,0.9695681715185528
4.085508879438191,0.9695817894009708
4.086408969397186,0.969595398094708
4.087309059356182,0.9696089976080757
4.088209149315178,0.9696225879493758
4.0891092392741735,0.9696361691269011
4.090009329233169,0.9696497411489344
4.090909419192165,0.9696633040237496
4.091809509151161,0.9696768577596107
4.092709599110156,0.9696904023647729
4.093609689069153,0.9697039378474815
4.094509779028149,0.9697174642159729
4.0954098689871445,0.9697309814784738
4.09630995894614,0.9697444896432017
4.097210048905136,0.9697579887183647
4.098110138864132,0.9697714787121617
4.099010228823127,0.9697849596327824
4.099910318782124,0.9697984314884069
4.10081040874112,0.9698118942872064
4.101710498700116,0.9698253480373424
4.102610588659111,0.9698387927469677
4.1035106786181075,0.9698522284242254
4.104410768577104,0.9698656550772495
4.1053108585360985,0.9698790727141651
4.106210948495095,0.9698924813430876
4.10711103845409,0.9699058809721236
4.108011128413086,0.9699192716093704
4.108911218372082,0.9699326532629162
4.1098113083310785,0.9699460259408399
4.110711398290074,0.9699593896512114
4.1116114882490695,0.9699727444020916
4.112511578208066,0.9699860902015318
4.113411668167062,0.969999427057575
4.114311758126058,0.9700127549782543
4.115211848085053,0.9700260739715943
4.11611193804405,0.9700393840456104
4.117012028003045,0.9700526852083087
4.117912117962041,0.9700659774676865
4.118812207921037,0.9700792608317322
4.119712297880033,0.9700925353084251
4.120612387839029,0.9701058009057352
4.121512477798024,0.9701190576316238
4.122412567757021,0.9701323054940432
4.123312657716016,0.9701455445009368
4.124212747675012,0.970158774660239
4.125112837634008,0.9701719959798752
4.1260129275930035,0.970185208467762
4.126913017551999,0.9701984121318069
4.127813107510995,0.9702116069799087
4.128713197469992,0.9702247930199571
4.129613287428987,0.9702379702598333
4.130513377387983,0.9702511387074091
4.131413467346979,0.9702642983705478
4.1323135573059755,0.9702774492571041
4.13321364726497,0.9702905913749232
4.1341137372239665,0.9703037247318422
4.135013827182963,0.9703168493356888
4.135913917141958,0.9703299651942823
4.136814007100954,0.970343072315433
4.13771409705995,0.9703561707069427
4.138614187018946,0.9703692603766041
4.139514276977941,0.9703823413322014
4.1404143669369375,0.9703954135815099
4.141314456895934,0.9704084771322965
4.142214546854929,0.970421531992319
4.143114636813925,0.9704345781693265
4.144014726772921,0.9704476156710601
4.144914816731917,0.9704606445052513
4.145814906690912,0.9704736646796235
4.146714996649909,0.9704866762018912
4.147615086608905,0.9704996790797606
4.1485151765679005,0.9705126733209289
4.149415266526896,0.9705256589330848
4.150315356485892,0.9705386359239085
4.151215446444888,0.9705516043010717
4.152115536403883,0.970564564072237
4.15301562636288,0.9705775152450591
4.153915716321876,0.9705904578271837
4.154815806280871,0.970603391826248
4.155715896239867,0.9706163172498811
4.156615986198863,0.9706292341057029
4.157516076157859,0.9706421424013253
4.158416166116854,0.9706550421443515
4.159316256075851,0.9706679333423762
4.160216346034847,0.9706808160029858
4.161116435993842,0.9706936901337581
4.162016525952838,0.9707065557422623
4.1629166159118345,0.9707194128360594
4.16381670587083,0.970732261422702
4.1647167958298255,0.9707451015097339
4.165616885788822,0.970757933104691
4.166516975747818,0.9707707562151006
4.167417065706814,0.9707835708484813
4.168317155665809,0.9707963770123438
4.169217245624806,0.9708091747141903
4.170117335583801,0.9708219639615144
4.1710174255427965,0.9708347447618018
4.171917515501793,0.9708475171225295
4.172817605460788,0.9708602810511662
4.173717695419784,0.9708730365551725
4.17461778537878,0.9708857836420006
4.175517875337777,0.9708985223190946
4.176417965296772,0.9709112525938898
4.177318055255768,0.9709239744738138
4.178218145214764,0.970936687966286
4.1791182351737595,0.9709493930787167
4.180018325132755,0.9709620898185091
4.180918415091751,0.9709747781930572
4.181818505050748,0.9709874582097477
4.182718595009743,0.9710001298759584
4.183618684968739,0.9710127931990592
4.184518774927735,0.9710254481864119
4.185418864886731,0.9710380948453698
4.186318954845726,0.9710507331832786
4.187219044804722,0.9710633632074753
4.188119134763719,0.971075984925289
4.189019224722713,0.9710885983440409
4.18991931468171,0.9711012034710437
4.190819404640706,0.9711138003136023
4.191719494599702,0.9711263888790133
4.192619584558697,0.9711389691745653
4.1935196745176935,0.971151541207539
4.19441976447669,0.9711641049852069
4.195319854435685,0.9711766605148333
4.196219944394681,0.9711892078036748
4.197120034353677,0.9712017468589798
4.198020124312673,0.9712142776879884
4.198920214271668,0.9712268002979334
4.1998203042306645,0.971239314696039
4.200720394189661,0.9712518208895217
4.201620484148656,0.97126431888559
4.202520574107652,0.9712768086914442
4.203420664066648,0.971289290314277
4.204320754025644,0.971301763761273
4.205220843984639,0.9713142290396088
4.206120933943636,0.9713266861564535
4.207021023902631,0.9713391351189675
4.207921113861627,0.9713515759343042
4.208821203820623,0.9713640086096085
4.209721293779619,0.9713764331520175
4.210621383738615,0.9713888495686608
4.21152147369761,0.9714012578666597
4.212421563656607,0.9714136580531278
4.213321653615603,0.9714260501351714
4.2142217435745986,0.971438434119888
4.215121833533594,0.971450810014368
4.21602192349259,0.9714631778256937
4.216922013451586,0.9714755375609399
4.217822103410581,0.9714878892271731
4.218722193369578,0.9715002328314527
4.219622283328573,0.9715125683808299
4.220522373287569,0.9715248958823481
4.221422463246565,0.9715372153430433
4.2223225532055615,0.9715495267699434
4.223222643164557,0.9715618301700689
4.2241227331235525,0.9715741255504324
4.225022823082549,0.9715864129180388
4.225922913041544,0.9715986922798855
4.22682300300054,0.9716109636429621
4.227723092959536,0.9716232270142503
4.228623182918533,0.9716354824007245
4.229523272877528,0.9716477298093514
4.2304233628365235,0.97165996924709
4.23132345279552,0.9716722007208914
4.232223542754516,0.9716844242376996
4.233123632713511,0.9716966398044505
4.234023722672507,0.971708847428073
4.234923812631503,0.9717210471154877
4.235823902590498,0.9717332388736081
4.236723992549495,0.9717454227093401
4.237624082508491,0.9717575986295817
4.2385241724674865,0.9717697666412238
4.239424262426482,0.9717819267511496
4.240324352385478,0.9717940789662346
4.241224442344475,0.971806223293347
4.24212453230347,0.9718183597393474
4.243024622262466,0.9718304883110889
4.243924712221462,0.9718426090154172
4.2448248021804575,0.9718547218591703
4.245724892139453,0.9718668268491791
4.246624982098449,0.9718789239922667
4.247525072057446,0.971891013295249
4.248425162016441,0.9719030947649341
4.249325251975437,0.9719151684081232
4.250225341934433,0.9719272342316095
4.251125431893429,0.9719392922421795
4.252025521852424,0.9719513424466115
4.2529256118114205,0.9719633848516769
4.253825701770416,0.9719754194641398
4.2547257917294115,0.9719874462907565
4.255625881688408,0.9719994653382765
4.256525971647404,0.9720114766134413
4.2574260616064,0.9720234801229857
4.258326151565395,0.9720354758736366
4.2592262415243916,0.972047463872114
4.260126331483388,0.9720594441251306
4.2610264214423825,0.9720714166393913
4.261926511401379,0.9720833814215942
4.262826601360375,0.9720953384784301
4.263726691319371,0.9721072878165821
4.264626781278366,0.9721192294427266
4.265526871237363,0.9721311633635322
4.266426961196358,0.9721430895856609
4.267327051155354,0.9721550081157666
4.26822714111435,0.9721669189604969
4.269127231073346,0.9721788221264914
4.270027321032342,0.9721907176203831
4.270927410991337,0.9722026054487976
4.271827500950334,0.9722144856183529
4.272727590909329,0.9722263581356604
4.273627680868325,0.9722382230073241
4.274527770827321,0.9722500802399409
4.275427860786317,0.9722619298401003
4.276327950745313,0.9722737718143849
4.277228040704308,0.9722856061693703
4.278128130663305,0.9722974329116247
4.2790282206223,0.9723092520477093
4.279928310581296,0.9723210635841781
4.280828400540292,0.9723328675275783
4.2817284904992885,0.9723446638844495
4.282628580458283,0.9723564526613248
4.2835286704172795,0.9723682338647297
4.284428760376276,0.9723800075011831
4.285328850335272,0.9723917735771965
4.286228940294267,0.9724035320992748
4.287129030253263,0.9724152830739152
4.28802912021226,0.9724270265076085
4.288929210171255,0.9724387624068381
4.2898293001302505,0.9724504907780808
4.290729390089246,0.9724622116278059
4.291629480048242,0.9724739249624761
4.292529570007238,0.972485630788547
4.293429659966234,0.9724973291124671
4.29432974992523,0.9725090199406782
4.295229839884226,0.9725207032796149
4.296129929843222,0.9725323791357051
4.297030019802218,0.9725440475153697
4.2979301097612135,0.9725557084250225
4.298830199720209,0.9725673618710705
4.299730289679205,0.9725790078599139
4.300630379638202,0.9725906463979459
4.301530469597196,0.9726022774915528
4.302430559556193,0.9726139011471142
4.303330649515189,0.9726255173710026
4.304230739474185,0.9726371261695836
4.30513082943318,0.9726487275492163
4.306030919392176,0.9726603215162526
4.306931009351172,0.9726719080770379
4.307831099310167,0.9726834872379103
4.308731189269164,0.9726950590052016
4.309631279228159,0.9727066233852365
4.310531369187156,0.972718180384333
4.311431459146151,0.9727297300088021
4.3123315491051475,0.9727412722649487
4.313231639064143,0.9727528071590699
4.314131729023139,0.9727643346974568
4.315031818982135,0.9727758548863935
4.315931908941131,0.9727873677321575
4.316831998900126,0.9727988732410193
4.317732088859122,0.9728103714192429
4.318632178818119,0.9728218622730853
4.319532268777115,0.9728333458087973
4.3204323587361095,0.9728448220326226
4.321332448695106,0.9728562909507982
4.322232538654102,0.9728677525695545
4.323132628613097,0.9728792068951153
4.324032718572093,0.9728906539336978
4.32493280853109,0.9729020936915123
4.325832898490085,0.9729135261747625
4.326732988449081,0.9729249513896456
4.327633078408077,0.9729363693423522
4.3285331683670725,0.9729477800390661
4.329433258326069,0.9729591834859646
4.330333348285064,0.9729705796892182
4.331233438244061,0.9729819686549912
4.332133528203056,0.9729933503894409
4.333033618162052,0.9730047248987183
4.333933708121048,0.9730160921889677
4.334833798080044,0.9730274522663267
4.335733888039039,0.9730388051369266
4.336633977998035,0.9730501508068923
4.337534067957032,0.9730614892823416
4.338434157916026,0.9730728205693863
4.339334247875023,0.9730841446741312
4.340234337834019,0.9730954616026751
4.3411344277930155,0.9731067713611101
4.34203451775201,0.9731180739555215
4.3429346077110065,0.9731293693919886
4.343834697670003,0.9731406576765839
4.344734787628998,0.9731519388153733
4.345634877587994,0.9731632128144169
4.34653496754699,0.9731744796797676
4.347435057505986,0.9731857394174722
4.348335147464982,0.9731969920335711
4.3492352374239776,0.9732082375340981
4.350135327382974,0.9732194759250807
4.351035417341969,0.97323070721254
4.351935507300965,0.9732419314024906
4.352835597259961,0.9732531485009408
4.353735687218957,0.9732643585138924
4.354635777177952,0.9732755614473408
4.355535867136949,0.9732867573072752
4.356435957095945,0.9732979460996786
4.35733604705494,0.973309127830527
4.358236137013936,0.9733203025057906
4.359136226972932,0.9733314701314332
4.360036316931929,0.9733426307134121
4.360936406890923,0.9733537842576783
4.36183649684992,0.9733649307701766
4.362736586808915,0.9733760702568454
4.363636676767912,0.9733872027236169
4.364536766726907,0.9733983281764168
4.365436856685903,0.9734094466211648
4.366336946644899,0.9734205580637741
4.367237036603895,0.9734316625101518
4.368137126562891,0.9734427599661986
4.369037216521886,0.973453850437809
4.369937306480883,0.9734649339308713
4.370837396439878,0.9734760104512674
4.3717374863988745,0.9734870800048733
4.372637576357869,0.9734981425975585
4.3735376663168655,0.9735091982351863
4.374437756275862,0.973520246923614
4.375337846234858,0.9735312886686925
4.376237936193853,0.9735423234762667
4.377138026152849,0.973553351352175
4.378038116111846,0.97356437230225
4.378938206070841,0.9735753863323179
4.3798382960298365,0.9735863934481989
4.380738385988833,0.9735973936557067
4.381638475947828,0.9736083869606496
4.382538565906825,0.9736193733688289
4.38343865586582,0.9736303528860403
4.384338745824817,0.9736413255180734
4.385238835783812,0.9736522912707113
4.386138925742808,0.9736632501497314
4.387039015701804,0.9736742021609048
4.3879391056607995,0.9736851473099967
4.388839195619795,0.9736960856027659
4.389739285578791,0.9737070170449654
4.390639375537788,0.9737179416423422
4.391539465496782,0.9737288594006367
4.392439555455779,0.9737397703255841
4.393339645414775,0.973750674422913
4.394239735373771,0.9737615716983459
4.395139825332766,0.9737724621575996
4.396039915291762,0.9737833458063848
4.396940005250759,0.973794222650406
4.397840095209754,0.973805092695362
4.39874018516875,0.9738159559469454
4.399640275127746,0.9738268124108427
4.400540365086742,0.9738376620927347
4.401440455045737,0.9738485049982961
4.4023405450047335,0.9738593411331957
4.403240634963729,0.9738701705030962
4.404140724922725,0.9738809931136545
4.405040814881721,0.9738918089705214
4.405940904840717,0.9739026180793421
4.406840994799713,0.9739134204457554
4.407741084758708,0.9739242160753945
4.408641174717705,0.9739350049738866
4.409541264676701,0.9739457871468531
4.4104413546356955,0.9739565625999094
4.411341444594692,0.9739673313386649
4.412241534553688,0.9739780933687233
4.413141624512685,0.9739888486956825
4.414041714471679,0.9739995973251343
4.414941804430676,0.9740103392626648
4.415841894389672,0.9740210745138541
4.416741984348667,0.9740318030842766
4.417642074307663,0.9740425249795008
4.4185421642666585,0.9740532402050897
4.419442254225655,0.9740639487665996
4.42034234418465,0.9740746506695821
4.421242434143647,0.9740853459195821
4.422142524102642,0.9740960345221391
4.423042614061639,0.9741067164827869
4.423942704020634,0.9741173918070533
4.42484279397963,0.9741280605004603
4.425742883938626,0.9741387225685243
4.426642973897621,0.9741493780167559
4.427543063856618,0.97416002685066
4.428443153815614,0.9741706690757355
4.429343243774609,0.9741813046974755
4.430243333733605,0.9741919337213681
4.4311434236926015,0.9742025561528949
4.432043513651598,0.974213171997532
4.4329436036105925,0.9742237812607497
4.433843693569589,0.974234383948013
4.434743783528584,0.9742449800647807
4.43564387348758,0.9742555696165063
4.436543963446576,0.9742661526086374
4.437444053405572,0.9742767290466158
4.438344143364568,0.9742872989358781
4.4392442333235635,0.9742978622818546
4.44014432328256,0.9743084190899706
4.441044413241555,0.9743189693656451
4.441944503200552,0.9743295131142922
4.442844593159547,0.9743400503413197
4.443744683118544,0.97435058105213
4.444644773077538,0.9743611052521199
4.445544863036535,0.9743716229466809
4.446444952995531,0.9743821341411982
4.447345042954527,0.9743926388410521
4.448245132913522,0.974403137051617
4.449145222872518,0.9744136287782613
4.450045312831515,0.9744241140263488
4.450945402790509,0.9744345928012369
4.451845492749506,0.9744450651082776
4.452745582708502,0.9744555309528177
4.453645672667498,0.9744659903401979
4.454545762626493,0.9744764432757539
4.455445852585489,0.9744868897648157
4.456345942544485,0.9744973298127074
4.457246032503481,0.9745077634247481
4.458146122462477,0.974518190606251
4.459046212421473,0.9745286113625241
4.459946302380469,0.9745390256988696
4.460846392339464,0.9745494336205845
4.4617464822984605,0.9745598351329601
4.462646572257457,0.9745702302412822
4.4635466622164515,0.9745806189508313
4.464446752175448,0.9745910012668824
4.465346842134444,0.9746013771947049
4.466246932093439,0.9746117467395626
4.467147022052435,0.9746221099067146
4.468047112011432,0.9746324667014137
4.468947201970428,0.9746428171289075
4.4698472919294225,0.9746531611944387
4.470747381888419,0.9746634989032438
4.471647471847415,0.9746738302605543
4.472547561806411,0.9746841552715964
4.473447651765406,0.9746944739415907
4.474347741724403,0.9747047862757523
4.475247831683398,0.9747150922792912
4.4761479216423945,0.9747253919574119
4.47704801160139,0.9747356853153134
4.477948101560386,0.9747459723581896
4.478848191519382,0.9747562530912288
4.479748281478377,0.9747665275196141
4.480648371437374,0.9747767956485232
4.481548461396368,0.9747870574831282
4.482448551355365,0.9747973130285965
4.483348641314361,0.9748075622900895
4.484248731273357,0.9748178052727637
4.485148821232352,0.9748280419817702
4.486048911191348,0.9748382724222547
4.486949001150345,0.9748484965993577
4.487849091109341,0.9748587145182144
4.488749181068336,0.9748689261839545
4.489649271027332,0.9748791316017027
4.490549360986328,0.9748893307765784
4.491449450945324,0.9748995237136955
4.4923495409043195,0.974909710418163
4.493249630863316,0.9749198908950842
4.494149720822311,0.9749300651495576
4.495049810781308,0.9749402331866762
4.495949900740303,0.9749503950115279
4.496849990699299,0.9749605506291951
4.497750080658295,0.9749707000447553
4.4986501706172906,0.9749808432632806
4.499550260576287,0.9749909802898381
4.5004503505352815,0.9750011111294893
4.501350440494278,0.975011235787291
4.502250530453274,0.9750213542682945
4.503150620412271,0.9750314665775459
4.504050710371265,0.9750415727200862
4.504950800330262,0.9750516727009514
4.505850890289258,0.975061766525172
4.5067509802482535,0.9750718541977735
4.507651070207249,0.9750819357237764
4.508551160166245,0.9750920111081959
4.509451250125241,0.9751020803560421
4.510351340084237,0.9751121434723198
4.511251430043233,0.975122200462029
4.512151520002228,0.9751322513301643
4.513051609961225,0.9751422960817154
4.51395169992022,0.9751523347216666
4.514851789879216,0.9751623672549976
4.515751879838212,0.9751723936866824
4.516651969797207,0.9751824140216905
4.517552059756204,0.9751924282649856
4.5184521497152,0.9752024364215272
4.519352239674195,0.975212438496269
4.520252329633191,0.97522243449416
4.5211524195921875,0.9752324244201441
4.522052509551184,0.9752424082791602
4.5229525995101785,0.975252386076142
4.523852689469175,0.9752623578160181
4.524752779428171,0.9752723235037123
4.525652869387167,0.9752822831441433
4.526552959346162,0.9752922367422249
4.527453049305159,0.9753021843028655
4.528353139264154,0.9753121258309689
4.5292532292231495,0.9753220613314336
4.530153319182146,0.9753319908091534
4.531053409141141,0.975341914269017
4.531953499100138,0.9753518317159079
4.532853589059133,0.9753617431547048
4.53375367901813,0.9753716485902817
4.534653768977125,0.975381548027507
4.535553858936121,0.9753914414712448
4.536453948895117,0.9754013289263538
4.537354038854113,0.975411210397688
4.538254128813108,0.9754210858900962
4.539154218772104,0.9754309554084228
4.540054308731101,0.9754408189575066
4.540954398690097,0.9754506765421819
4.541854488649092,0.975460528167278
4.542754578608088,0.9754703738376193
4.543654668567084,0.975480213558025
4.544554758526079,0.97549004733331
4.545454848485075,0.975499875168284
4.546354938444071,0.9755096970677515
4.547255028403067,0.9755195130365125
4.548155118362063,0.9755293230793622
4.549055208321059,0.9755391272010907
4.549955298280055,0.9755489254064833
4.550855388239051,0.9755587177003204
4.5517554781980465,0.9755685040873778
4.552655568157043,0.975578284572426
4.553555658116038,0.9755880591602311
4.554455748075034,0.9755978278555542
4.55535583803403,0.9756075906631514
4.556255927993027,0.9756173475877743
4.557156017952021,0.9756270986341695
4.558056107911018,0.9756368438070789
4.558956197870014,0.9756465831112395
4.5598562878290085,0.9756563165513835
4.560756377788005,0.9756660441322383
4.561656467747001,0.9756757658585266
4.562556557705997,0.9756854817349663
4.563456647664992,0.9756951917662705
4.564356737623989,0.9757048959571475
4.565256827582984,0.9757145943123008
4.5661569175419805,0.9757242868364294
4.567057007500976,0.9757339735342272
4.567957097459972,0.9757436544103838
4.568857187418968,0.9757533294695835
4.569757277377964,0.9757629987165062
4.57065736733696,0.9757726621558271
4.571557457295956,0.9757823197922166
4.572457547254951,0.9757919716303405
4.573357637213947,0.9758016176748596
4.574257727172943,0.9758112579304303
4.57515781713194,0.9758208924017041
4.576057907090934,0.975830521093328
4.576957997049931,0.975840144009944
4.577858087008927,0.9758497611561899
4.578758176967922,0.9758593725366984
4.579658266926918,0.9758689781560977
4.5805583568859145,0.9758785780190113
4.58145844684491,0.9758881721300581
4.5823585368039055,0.9758977604938522
4.583258626762902,0.9759073431150033
4.584158716721897,0.9759169199981164
4.585058806680894,0.9759264911477914
4.585958896639889,0.9759360565686243
4.586858986598886,0.9759456162652059
4.587759076557881,0.975955170242123
4.5886591665168766,0.9759647185039569
4.589559256475873,0.9759742610552851
4.590459346434869,0.97598379790068
4.591359436393864,0.9759933290447099
4.59225952635286,0.9760028544919379
4.593159616311857,0.9760123742469229
4.594059706270851,0.9760218883142192
4.594959796229848,0.9760313966983764
4.595859886188844,0.9760408994039396
4.59675997614784,0.9760503964354493
4.597660066106835,0.9760598877974416
4.598560156065831,0.9760693734944478
4.599460246024827,0.9760788535309948
4.600360335983823,0.9760883279116049
4.601260425942819,0.976097796640796
4.602160515901815,0.9761072597230813
4.603060605860811,0.9761167171629695
4.603960695819807,0.9761261689649651
4.604860785778802,0.9761356151335674
4.605760875737799,0.9761450556732718
4.606660965696794,0.9761544905885691
4.60756105565579,0.9761639198839454
4.608461145614786,0.9761733435638823
4.609361235573781,0.9761827616328571
4.610261325532777,0.9761921740953428
4.6111614154917735,0.9762015809558073
4.61206150545077,0.9762109822187146
4.6129615954097645,0.976220377888524
4.613861685368761,0.9762297679696903
4.614761775327757,0.9762391524666642
4.615661865286754,0.9762485313838912
4.616561955245748,0.9762579047258132
4.617462045204745,0.9762672724968671
4.61836213516374,0.9762766347014856
4.619262225122736,0.9762859913440971
4.620162315081732,0.9762953424291253
4.621062405040728,0.9763046879609895
4.621962494999724,0.9763140279441047
4.62286258495872,0.9763233623828815
4.623762674917716,0.9763326912817263
4.624662764876711,0.9763420146450404
4.6255628548357075,0.9763513324772217
4.626462944794703,0.9763606447826629
4.627363034753699,0.9763699515657527
4.628263124712694,0.9763792528308753
4.62916321467169,0.9763885485824106
4.630063304630687,0.9763978388247343
4.630963394589683,0.9764071235622173
4.631863484548678,0.9764164027992265
4.632763574507674,0.9764256765401244
4.63366366446667,0.9764349447892691
4.634563754425666,0.9764442075510142
4.635463844384661,0.9764534648297095
4.636363934343658,0.9764627166296999
4.637264024302653,0.9764719629553261
4.63816411426165,0.9764812038109248
4.639064204220645,0.976490439200828
4.639964294179641,0.9764996691293637
4.640864384138637,0.9765088936008554
4.6417644740976325,0.9765181126196222
4.642664564056629,0.9765273261899793
4.643564654015624,0.9765365343162372
4.64446474397462,0.9765457370027025
4.645364833933616,0.9765549342536773
4.646264923892613,0.9765641260734593
4.647165013851607,0.9765733124663422
4.648065103810604,0.9765824934366153
4.6489651937696,0.9765916689885638
4.649865283728596,0.9766008391264682
4.650765373687591,0.9766100038546055
4.651665463646587,0.9766191631772477
4.652565553605584,0.9766283170986632
4.653465643564579,0.9766374656231156
4.654365733523575,0.9766466087548646
4.65526582348257,0.9766557464981659
4.6561659134415665,0.9766648788572705
4.657066003400562,0.9766740058364254
4.657966093359558,0.9766831274398734
4.658866183318554,0.9766922436718531
4.65976627327755,0.9767013545365991
4.660666363236546,0.9767104600383413
4.661566453195542,0.976719560181306
4.662466543154538,0.976728654969715
4.663366633113533,0.9767377444077857
4.664266723072529,0.976746828499732
4.665166813031526,0.9767559072497631
4.66606690299052,0.9767649806620842
4.666966992949517,0.9767740487408962
4.667867082908513,0.9767831114903962
4.6687671728675095,0.9767921689147767
4.669667262826504,0.9768012210182265
4.6705673527855005,0.9768102678049299
4.671467442744496,0.9768193092790673
4.6723675327034915,0.976828345444815
4.673267622662488,0.9768373763063449
4.674167712621483,0.9768464018678251
4.67506780258048,0.9768554221334194
4.675967892539475,0.9768644371072875
4.676867982498472,0.9768734467935852
4.677768072457467,0.9768824511964639
4.678668162416463,0.9768914503200712
4.679568252375459,0.9769004441685504
4.680468342334455,0.9769094327460408
4.68136843229345,0.9769184160566776
4.682268522252446,0.9769273941045921
4.683168612211443,0.9769363668939111
4.684068702170439,0.9769453344287579
4.684968792129434,0.9769542967132512
4.68586888208843,0.9769632537515061
4.686768972047426,0.9769722055476334
4.687669062006421,0.97698115210574
4.688569151965417,0.9769900934299286
4.689469241924414,0.976999029524298
4.690369331883409,0.9770079603929427
4.691269421842405,0.9770168860399537
4.692169511801401,0.9770258064694175
4.693069601760397,0.9770347216854168
4.693969691719393,0.9770436316920303
4.694869781678388,0.9770525364933327
4.695769871637385,0.9770614360933945
4.69666996159638,0.9770703304962823
4.697570051555377,0.9770792197060589
4.698470141514372,0.977088103726783
4.6993702314733685,0.9770969825625093
4.700270321432363,0.9771058562172884
4.7011704113913595,0.9771147246951671
4.702070501350356,0.9771235880001883
4.7029705913093505,0.9771324461363905
4.703870681268347,0.977141299107809
4.704770771227343,0.9771501469184743
4.70567086118634,0.9771589895724136
4.706570951145334,0.9771678270736499
4.707471041104331,0.9771766594262022
4.708371131063327,0.9771854866340858
4.709271221022322,0.9771943087013116
4.710171310981318,0.9772031256318872
4.711071400940314,0.9772119374298158
4.71197149089931,0.9772207440990968
4.712871580858306,0.977229545643726
4.713771670817302,0.9772383420676947
4.714671760776298,0.9772471333749909
4.7155718507352935,0.9772559195695983
4.716471940694289,0.977264700655497
4.717372030653285,0.9772734766366628
4.718272120612282,0.9772822475170679
4.719172210571276,0.9772910133006809
4.720072300530273,0.9772997739914658
4.720972390489269,0.9773085295933835
4.721872480448264,0.9773172801103905
4.72277257040726,0.9773260255464397
4.723672660366256,0.97733476590548
4.724572750325253,0.9773435011914565
4.725472840284247,0.9773522314083105
4.726372930243244,0.9773609565599795
4.727273020202239,0.9773696766503969
4.728173110161236,0.9773783916834926
4.729073200120231,0.9773871016631924
4.7299732900792275,0.9773958065934185
4.730873380038223,0.9774045064780892
4.731773469997219,0.9774132013211189
4.732673559956215,0.9774218911264182
4.733573649915211,0.9774305758978941
4.734473739874207,0.9774392556394494
4.735373829833202,0.9774479303549836
4.736273919792199,0.977456600048392
4.737174009751193,0.9774652647235663
4.73807409971019,0.9774739243843944
4.738974189669186,0.9774825790347603
4.739874279628182,0.9774912286785444
4.740774369587177,0.9774998733196233
4.741674459546173,0.9775085129618696
4.74257454950517,0.9775171476091525
4.743474639464166,0.9775257772653372
4.744374729423161,0.9775344019342851
4.745274819382157,0.9775430216198542
4.7461749093411525,0.9775516363258984
4.747074999300149,0.9775602460562678
4.747975089259144,0.9775688508148092
4.748875179218141,0.9775774506053653
4.749775269177136,0.9775860454317751
4.750675359136132,0.977594635297874
4.751575449095128,0.9776032202074937
4.752475539054124,0.9776118001644623
4.753375629013119,0.9776203751726035
4.754275718972115,0.9776289452357382
4.755175808931112,0.9776375103576832
4.756075898890106,0.9776460705422514
4.756975988849103,0.9776546257932524
4.757876078808099,0.9776631761144918
4.7587761687670955,0.9776717215097719
4.75967625872609,0.9776802619828907
4.7605763486850865,0.9776887975376432
4.761476438644083,0.9776973281778201
4.762376528603078,0.977705853907209
4.763276618562074,0.9777143747295935
4.76417670852107,0.9777228906487537
4.765076798480066,0.977731401668466
4.765976888439062,0.9777399077925029
4.766876978398058,0.9777484090246337
4.767777068357053,0.9777569053686237
4.768677158316049,0.9777653968282348
4.769577248275045,0.9777738834072253
4.770477338234041,0.9777823651093493
4.771377428193037,0.9777908419383582
4.772277518152032,0.977799313897999
4.773177608111029,0.9778077809920156
4.774077698070025,0.9778162432241477
4.77497778802902,0.9778247005981322
4.775877877988016,0.9778331531177017
4.776777967947012,0.9778416007865856
4.777678057906009,0.9778500436085094
4.778578147865003,0.9778584815871951
4.779478237824,0.9778669147263616
4.780378327782996,0.9778753430297233
4.781278417741992,0.9778837665009918
4.782178507700987,0.9778921851438749
4.783078597659983,0.9779005989620767
4.783978687618979,0.9779090079592977
4.784878777577974,0.9779174121392352
4.785778867536971,0.9779258115055824
4.786678957495966,0.9779342060620295
4.787579047454963,0.9779425958122627
4.788479137413958,0.977950980759965
4.7893792273729545,0.9779593609088156
4.79027931733195,0.9779677362624902
4.7911794072909455,0.9779761068246613
4.792079497249942,0.9779844725989975
4.792979587208938,0.9779928335891638
4.793879677167933,0.9780011897988219
4.794779767126929,0.9780095412316301
4.795679857085926,0.978017887891243
4.796579947044922,0.9780262297813117
4.797480037003917,0.9780345669054837
4.798380126962913,0.9780428992674033
4.799280216921908,0.9780512268707111
4.800180306880904,0.9780595497190441
4.8010803968399,0.978067867816036
4.801980486798896,0.978076181165317
4.802880576757892,0.9780844897705138
4.803780666716888,0.9780927936352494
4.804680756675884,0.9781010927631437
4.8055808466348795,0.978109387157813
4.806480936593876,0.97811767682287
4.807381026552871,0.9781259617619241
4.808281116511868,0.9781342419785811
4.809181206470862,0.9781425174764435
4.810081296429859,0.9781507882591103
4.810981386388855,0.9781590543301769
4.8118814763478515,0.9781673156932356
4.812781566306846,0.9781755723518748
4.813681656265842,0.9781838243096799
4.814581746224839,0.9781920715702327
4.815481836183833,0.9782003141371115
4.81638192614283,0.9782085520138912
4.817282016101826,0.9782167852041436
4.818182106060822,0.9782250137114364
4.819082196019817,0.9782332375393348
4.8199822859788135,0.9782414566913998
4.820882375937809,0.9782496711711893
4.821782465896805,0.978257880982258
4.822682555855801,0.9782660861281568
4.823582645814797,0.9782742866124337
4.824482735773793,0.9782824824386327
4.825382825732789,0.978290673610295
4.826282915691785,0.9782988601309581
4.827183005650781,0.9783070420041563
4.8280830956097756,0.9783152192334204
4.828983185568772,0.9783233918222778
4.829883275527768,0.9783315597742527
4.830783365486763,0.9783397230928658
4.831683455445759,0.9783478817816346
4.832583545404756,0.9783560358440729
4.833483635363752,0.9783641852836918
4.834383725322747,0.9783723301039984
4.835283815281743,0.9783804703084967
4.836183905240739,0.9783886059006875
4.837083995199735,0.9783967368840683
4.83798408515873,0.9784048632621327
4.838884175117727,0.9784129850383717
4.839784265076722,0.9784211022162728
4.840684355035719,0.9784292147993197
4.841584444994714,0.9784373227909934
4.8424845349537105,0.9784454261947714
4.843384624912706,0.9784535250141277
4.844284714871701,0.9784616192525333
4.845184804830698,0.9784697089134555
4.846084894789693,0.978477794000359
4.846984984748689,0.9784858745167042
4.847885074707685,0.9784939504659491
4.8487851646666815,0.9785020218515481
4.849685254625676,0.9785100886769522
4.8505853445846725,0.9785181509456093
4.851485434543669,0.9785262086609641
4.852385524502665,0.9785342618264578
4.85328561446166,0.9785423104455283
4.854185704420656,0.9785503545216105
4.855085794379652,0.978558394058136
4.855985884338648,0.9785664290585331
4.856885974297644,0.9785744595262267
4.85778606425664,0.9785824854646386
4.858686154215635,0.9785905068771873
4.859586244174632,0.9785985237672882
4.860486334133627,0.9786065361383534
4.861386424092624,0.9786145439937916
4.862286514051619,0.9786225473370085
4.863186604010615,0.9786305461714065
4.864086693969611,0.9786385405003848
4.864986783928606,0.9786465303273393
4.865886873887602,0.9786545156556627
4.866786963846598,0.9786624964887447
4.867687053805595,0.9786704728299714
4.868587143764589,0.9786784446827262
4.869487233723586,0.9786864120503889
4.870387323682582,0.9786943749363362
4.871287413641578,0.9787023333439416
4.872187503600573,0.9787102872765757
4.873087593559569,0.9787182367376055
4.873987683518565,0.978726181730395
4.874887773477561,0.9787341222583051
4.875787863436557,0.9787420583246936
4.876687953395553,0.9787499899329146
4.877588043354549,0.9787579170863199
4.878488133313544,0.9787658397882573
4.8793882232725405,0.9787737580420719
4.880288313231536,0.9787816718511057
4.8811884031905315,0.9787895812186972
4.882088493149528,0.9787974861481821
4.882988583108524,0.9788053866428927
4.883888673067519,0.9788132827061584
4.884788763026515,0.9788211743413053
4.885688852985512,0.9788290615516565
4.886588942944508,0.9788369443405316
4.887489032903503,0.9788448227112476
4.888389122862499,0.978852696667118
4.889289212821495,0.9788605662114536
4.890189302780491,0.9788684313475614
4.891089392739486,0.9788762920787458
4.891989482698483,0.9788841484083082
4.892889572657478,0.9788920003395465
4.893789662616474,0.9788998478757557
4.89468975257547,0.9789076910202277
4.8955898425344655,0.9789155297762513
4.896489932493462,0.9789233641471121
4.897390022452457,0.9789311941360929
4.898290112411454,0.9789390197464731
4.899190202370449,0.9789468409815291
4.900090292329445,0.9789546578445344
4.900990382288441,0.9789624703387593
4.9018904722474375,0.9789702784674708
4.902790562206432,0.9789780822339333
4.903690652165428,0.978985881641408
4.904590742124425,0.9789936766931526
4.905490832083421,0.9790014673924224
4.906390922042416,0.9790092537424693
4.907291012001412,0.979017035746542
4.9081911019604085,0.9790248134078864
4.909091191919404,0.9790325867297455
4.9099912818783995,0.9790403557153589
4.910891371837395,0.9790481203679633
4.911791461796391,0.9790558806907926
4.912691551755387,0.9790636366870773
4.913591641714383,0.979071388360045
4.914491731673379,0.9790791357129206
4.915391821632375,0.9790868787489254
4.916291911591371,0.9790946174712782
4.917192001550367,0.9791023518831945
4.918092091509362,0.9791100819878868
4.918992181468358,0.9791178077885649
4.919892271427354,0.9791255292884353
4.920792361386351,0.9791332464907014
4.921692451345345,0.979140959398564
4.922592541304342,0.9791486680152207
4.923492631263338,0.9791563723438659
4.924392721222334,0.9791640723876913
4.925292811181329,0.9791717681498857
4.926192901140325,0.9791794596336346
4.927092991099321,0.9791871468421208
4.927993081058316,0.9791948297785239
4.928893171017313,0.9792025084460209
4.929793260976308,0.9792101828477852
4.930693350935305,0.9792178529869879
4.9315934408943,0.9792255188667969
4.9324935308532964,0.9792331804903771
4.933393620812292,0.9792408378608903
4.934293710771288,0.9792484909814957
4.935193800730284,0.9792561398553493
4.93609389068928,0.9792637844856045
4.936993980648275,0.979271424875411
4.937894070607271,0.9792790610279165
4.9387941605662675,0.9792866929462651
4.939694250525264,0.9792943206335984
4.9405943404842585,0.9793019440930547
4.941494430443255,0.9793095633277697
4.942394520402251,0.9793171783408761
4.943294610361246,0.9793247891355035
4.944194700320242,0.9793323957147787
4.945094790279239,0.9793399980818258
4.945994880238234,0.9793475962397656
4.94689497019723,0.9793551901917165
4.947795060156226,0.9793627799407935
4.948695150115221,0.9793703654901088
4.949595240074218,0.9793779468427721
4.950495330033213,0.9793855240018898
4.95139541999221,0.9793930969705658
4.952295509951205,0.9794006657519004
4.953195599910201,0.9794082303489919
4.954095689869197,0.9794157907649352
4.954995779828193,0.9794233470028224
4.955895869787188,0.9794308990657429
4.956795959746184,0.979438446956783
4.957696049705181,0.9794459906790263
4.958596139664175,0.9794535302355534
4.959496229623172,0.9794610656294424
4.960396319582168,0.979468596863768
4.9612964095411645,0.9794761239416024
4.962196499500159,0.9794836468660151
4.963096589459155,0.9794911656400723
4.963996679418152,0.9794986802668377
4.964896769377147,0.9795061907493722
4.965796859336143,0.9795136970907334
4.966696949295139,0.9795211992939767
4.967597039254135,0.9795286973621543
4.968497129213131,0.9795361912983157
4.9693972191721265,0.9795436811055074
4.970297309131123,0.9795511667867733
4.971197399090118,0.9795586483451545
4.972097489049114,0.9795661257836891
4.97299757900811,0.9795735991054123
4.973897668967106,0.979581068313357
4.974797758926101,0.9795885334105527
4.975697848885098,0.9795959944000265
4.976597938844094,0.9796034512848026
4.977498028803089,0.9796109040679024
4.978398118762085,0.9796183527523445
4.979298208721081,0.9796257973411446
4.980198298680078,0.9796332378373158
4.981098388639072,0.9796406742438684
4.981998478598069,0.9796481065638096
4.982898568557064,0.9796555348001443
4.9837986585160605,0.9796629589558745
4.984698748475056,0.9796703790339993
4.985598838434052,0.9796777950375151
4.986498928393048,0.9796852069694153
4.987399018352044,0.9796926148326911
4.98829910831104,0.9797000186303304
4.989199198270035,0.9797074183653186
4.990099288229032,0.9797148140406384
4.990999378188027,0.9797222056592695
4.9918994681470235,0.9797295932241892
4.992799558106018,0.9797369767383717
4.993699648065014,0.9797443562047886
4.994599738024011,0.9797517316264092
4.995499827983007,0.9797591030061993
4.996399917942002,0.9797664703471223
4.997300007900998,0.9797738336521392
4.9982000978599945,0.9797811929242078
4.99910018781899,0.9797885481662835
5.0000002777779855,0.9797958993813188
5.000900367736982,0.9798032465722635
5.001800457695978,0.9798105897420649
5.002700547654975,0.9798179288936673
5.003600637613969,0.9798252640300122
5.004500727572966,0.9798325951540391
5.00540081753196,0.9798399222686841
5.006300907490957,0.9798472453768807
5.007200997449953,0.97985456448156
5.0081010874089475,0.9798618795856503
5.009001177367944,0.979869190692077
5.00990126732694,0.9798764978037631
5.010801357285937,0.9798838009236287
5.011701447244931,0.9798911000545913
5.012601537203928,0.9798983951995659
5.013501627162924,0.9799056863614646
5.01440171712192,0.9799129735431968
5.015301807080915,0.9799202567476696
5.016201897039911,0.9799275359777868
5.017101986998908,0.9799348112364502
5.018002076957904,0.9799420825265586
5.018902166916899,0.9799493498510081
5.019802256875895,0.9799566132126925
5.0207023468348915,0.9799638726145024
5.021602436793886,0.9799711280593262
5.0225025267528824,0.9799783795500495
5.023402616711879,0.9799856270895553
5.024302706670873,0.9799928706807239
5.02520279662987,0.9800001103264332
5.026102886588866,0.980007346029558
5.027002976547861,0.9800145777929709
5.027903066506857,0.9800218056195417
5.0288031564658535,0.9800290295121376
5.02970324642485,0.980036249473623
5.0306033363838445,0.9800434655068602
5.031503426342841,0.9800506776147083
5.032403516301837,0.9800578858000243
5.033303606260834,0.980065090065662
5.034203696219828,0.9800722904144732
5.035103786178825,0.9800794868493067
5.036003876137821,0.9800866793730088
5.036903966096816,0.9800938679884234
5.037804056055812,0.9801010526983913
5.038704146014808,0.9801082335057514
5.039604235973805,0.9801154104133395
5.040504325932799,0.9801225834239891
5.041404415891796,0.9801297525405308
5.04230450585079,0.9801369177657929
5.043204595809787,0.980144079102601
5.044104685768783,0.9801512365537783
5.045004775727779,0.9801583901221452
5.045904865686774,0.9801655398105196
5.04680495564577,0.9801726856217169
5.047705045604767,0.9801798275585498
5.048605135563763,0.9801869656238287
5.049505225522758,0.9801940998203612
5.050405315481754,0.9802012301509524
5.0513054054407505,0.9802083566184049
5.052205495399747,0.9802154792255188
5.053105585358741,0.9802225979750914
5.054005675317738,0.9802297128699178
5.054905765276734,0.9802368239127903
5.055805855235729,0.9802439311064989
5.056705945194725,0.9802510344538308
5.0576060351537215,0.9802581339575709
5.058506125112718,0.9802652296205013
5.0594062150717125,0.9802723214454019
5.060306305030709,0.9802794094350499
5.0612063949897035,0.9802864935922199
5.0621064849487,0.9802935739196841
5.063006574907696,0.9803006504202123
5.063906664866693,0.9803077230965715
5.064806754825687,0.9803147919515265
5.065706844784684,0.9803218569878392
5.06660693474368,0.9803289182082695
5.067507024702676,0.9803359756155743
5.068407114661671,0.9803430292125084
5.069307204620667,0.9803500790018238
5.070207294579664,0.9803571249862703
5.071107384538658,0.9803641671685948
5.072007474497655,0.9803712055515422
5.072907564456651,0.9803782401378546
5.073807654415647,0.9803852709302717
5.074707744374642,0.9803922979315308
5.075607834333638,0.9803993211443665
5.076507924292635,0.9804063405715111
5.077408014251629,0.9804133562156945
5.078308104210626,0.9804203680796438
5.079208194169622,0.9804273761660841
5.080108284128617,0.9804343804777377
5.081008374087613,0.9804413810173245
5.0819084640466095,0.9804483777875621
5.082808554005606,0.9804553707911654
5.0837086439646,0.980462360030847
5.084608733923597,0.9804693455093169
5.085508823882593,0.980476327229283
5.086408913841588,0.9804833051934504
5.087309003800584,0.9804902794045219
5.0882090937595805,0.9804972498651979
5.089109183718577,0.9805042165781763
5.0900092736775715,0.9805111795461524
5.090909363636568,0.9805181387718195
5.091809453595564,0.980525094257868
5.092709543554561,0.9805320460069862
5.093609633513555,0.98053899402186
5.094509723472552,0.9805459383051723
5.095409813431548,0.9805528788596045
5.096309903390543,0.9805598156878349
5.097209993349539,0.9805667487925396
5.098110083308535,0.9805736781763923
5.09901017326753,0.9805806038420642
5.099910263226526,0.9805875257922244
5.100810353185523,0.9805944440295392
5.101710443144517,0.9806013585566726
5.102610533103514,0.9806082693762865
5.10351062306251,0.98061517649104
5.104410713021506,0.98062207990359
5.105310802980501,0.980628979616591
5.106210892939497,0.9806358756326952
5.107110982898494,0.9806427679545522
5.10801107285749,0.9806496565848094
5.108911162816485,0.9806565415261117
5.109811252775481,0.9806634227811019
5.1107113427344775,0.98067030035242
5.111611432693474,0.9806771742427038
5.112511522652468,0.980684044454589
5.113411612611465,0.9806909109907086
5.114311702570459,0.9806977738536932
5.115211792529456,0.9807046330461714
5.116111882488452,0.9807114885707691
5.117011972447447,0.98071834043011
5.117912062406443,0.9807251886268152
5.1188121523654395,0.9807320331635041
5.119712242324436,0.980738874042793
5.1206123322834305,0.9807457112672963
5.121512422242427,0.9807525448396257
5.122412512201423,0.9807593747623911
5.12331260216042,0.9807662010381994
5.124212692119414,0.9807730236696558
5.125112782078411,0.9807798426593627
5.126012872037407,0.9807866580099205
5.126912961996403,0.9807934697239269
5.127813051955398,0.9808002778039776
5.128713141914394,0.9808070822526659
5.129613231873391,0.9808138830725827
5.130513321832387,0.9808206802663166
5.131413411791382,0.980827473836454
5.132313501750378,0.9808342637855788
5.133213591709373,0.9808410501162727
5.134113681668369,0.9808478328311151
5.135013771627365,0.9808546119326831
5.13591386158636,0.9808613874235513
5.136813951545356,0.9808681593062925
5.137714041504353,0.9808749275834765
5.138614131463349,0.9808816922576714
5.139514221422344,0.9808884533314427
5.14041431138134,0.9808952108073536
5.1413144013403365,0.9809019646879653
5.142214491299333,0.9809087149758364
5.143114581258327,0.9809154616735234
5.144014671217324,0.9809222047835803
5.14491476117632,0.980928944308559
5.145814851135317,0.9809356802510093
5.146714941094311,0.9809424126134781
5.1476150310533075,0.980949141398511
5.148515121012304,0.9809558666086503
5.1494152109712985,0.9809625882464367
5.150315300930295,0.9809693063144084
5.151215390889291,0.9809760208151015
5.152115480848286,0.9809827317510497
5.153015570807282,0.9809894391247842
5.153915660766279,0.9809961429388345
5.154815750725273,0.9810028431957276
5.15571584068427,0.981009539897988
5.156615930643266,0.9810162330481383
5.157516020602262,0.9810229226486987
5.158416110561257,0.9810296087021871
5.159316200520253,0.9810362912111193
5.16021629047925,0.9810429701780089
5.161116380438246,0.981049645605367
5.162016470397241,0.9810563174957027
5.162916560356237,0.9810629858515229
5.163816650315233,0.9810696506753318
5.164716740274228,0.9810763119696322
5.165616830233224,0.9810829697369241
5.166516920192221,0.9810896239797052
5.167417010151217,0.9810962747004714
5.168317100110212,0.9811029219017161
5.169217190069208,0.9811095655859305
5.170117280028203,0.9811162057556037
5.171017369987199,0.9811228424132226
5.1719174599461955,0.9811294755612717
5.172817549905192,0.9811361052022335
5.173717639864186,0.9811427313385882
5.174617729823183,0.9811493539728139
5.175517819782179,0.9811559731073862
5.1764179097411755,0.981162588744779
5.17731799970017,0.9811692008874635
5.1782180896591665,0.9811758095379092
5.179118179618163,0.9811824146985829
5.1800182695771575,0.9811890163719497
5.180918359536154,0.9811956145604721
5.18181844949515,0.9812022092666107
5.182718539454147,0.9812088004928239
5.183618629413141,0.9812153882415677
5.184518719372138,0.9812219725152962
5.185418809331134,0.9812285533164612
5.186318899290129,0.9812351306475122
5.187218989249125,0.9812417045108968
5.188119079208121,0.9812482749090603
5.189019169167116,0.9812548418444459
5.189919259126112,0.9812614053194945
5.190819349085109,0.9812679653366448
5.191719439044105,0.9812745218983338
5.1926195290031,0.9812810750069958
5.193519618962096,0.981287624665063
5.194419708921092,0.9812941708749661
5.195319798880087,0.9813007136391327
5.196219888839083,0.981307252959989
5.19711997879808,0.9813137888399587
5.198020068757076,0.9813203212814634
5.198920158716071,0.9813268502869227
5.199820248675067,0.981333375858754
5.2007203386340635,0.9813398979993724
5.20162042859306,0.981346416711191
5.202520518552054,0.9813529319966211
5.203420608511051,0.9813594438580712
5.204320698470047,0.9813659522979482
5.205220788429042,0.9813724573186566
5.206120878388038,0.9813789589225991
5.2070209683470345,0.9813854571121758
5.207921058306029,0.9813919518897853
5.2088211482650255,0.9813984432578234
5.209721238224022,0.9814049312186844
5.210621328183018,0.9814114157747601
5.211521418142013,0.9814178969284404
5.212421508101009,0.9814243746821129
5.213321598060006,0.9814308490381634
5.214221688019,0.9814373199989752
5.215121777977997,0.98144378756693
5.216021867936993,0.9814502517444068
5.216921957895989,0.9814567125337831
5.217822047854984,0.981463169937434
5.21872213781398,0.9814696239577325
5.219622227772977,0.9814760745970497
5.220522317731973,0.9814825218577542
5.221422407690968,0.9814889657422131
5.222322497649964,0.9814954062527911
5.22322258760896,0.9815018433918506
5.224122677567955,0.9815082771617525
5.225022767526951,0.9815147075648551
5.225922857485948,0.9815211346035151
5.226822947444942,0.9815275582800864
5.227723037403939,0.9815339785969217
5.228623127362935,0.9815403955563712
5.22952321732193,0.981546809160783
5.230423307280926,0.9815532194125031
5.2313233972399225,0.9815596263138756
5.232223487198919,0.9815660298672427
5.233123577157913,0.9815724300749442
5.23402366711691,0.9815788269393181
5.234923757075906,0.9815852204627
5.235823847034903,0.9815916106474241
5.236723936993897,0.9815979974958218
5.2376240269528935,0.981604381010223
5.23852411691189,0.9816107611929554
5.239424206870886,0.9816171380463445
5.240324296829881,0.9816235115727141
5.241224386788877,0.9816298817743856
5.242124476747872,0.9816362486536786
5.243024566706868,0.9816426122129107
5.243924656665865,0.9816489724543973
5.244824746624859,0.9816553293804519
5.245724836583856,0.9816616829933859
5.246624926542852,0.9816680332955086
5.247525016501848,0.9816743802891277
5.248425106460843,0.9816807239765483
5.249325196419839,0.9816870643600739
5.250225286378836,0.9816934014420058
5.251125376337832,0.9816997352246434
5.252025466296827,0.9817060657102841
5.252925556255823,0.981712392901223
5.253825646214819,0.9817187167997536
5.254725736173816,0.9817250374081673
5.25562582613281,0.9817313547287533
5.256525916091807,0.981737668763799
5.257426006050803,0.9817439795155896
5.258326096009798,0.9817502869864085
5.259226185968794,0.9817565911785372
5.2601262759277905,0.9817628920942548
5.261026365886785,0.9817691897358389
5.2619264558457814,0.9817754841055648
5.262826545804778,0.981781775205706
5.263726635763772,0.9817880630385337
5.264626725722769,0.9817943476063176
5.265526815681765,0.981800628911325
5.2664269056407615,0.9818069069558214
5.267326995599756,0.9818131817420704
5.2682270855587525,0.9818194532723336
5.269127175517749,0.9818257215488704
5.270027265476745,0.9818319865739386
5.27092735543574,0.9818382483497937
5.271827445394736,0.9818445068786895
5.272727535353733,0.9818507621628778
5.273627625312729,0.9818570142046082
5.274527715271724,0.9818632630061286
5.27542780523072,0.9818695085696849
5.276327895189716,0.981875750897521
5.277227985148711,0.9818819899918788
5.278128075107707,0.9818882258549982
5.279028165066704,0.9818944584891176
5.279928255025698,0.9819006878964729
5.280828344984695,0.9819069140792984
5.281728434943691,0.9819131370398262
5.282628524902686,0.9819193567802866
5.283528614861682,0.9819255733029082
5.284428704820678,0.9819317866099172
5.285328794779675,0.9819379967035382
5.286228884738669,0.9819442035859938
5.287128974697666,0.9819504072595046
5.288029064656662,0.9819566077262893
5.2889291546156585,0.9819628049885648
5.289829244574653,0.9819689990485458
5.2907293345336495,0.9819751899084455
5.291629424492646,0.9819813775704748
5.29252951445164,0.9819875620368428
5.293429604410637,0.9819937433097568
5.294329694369633,0.981999921391422
5.29522978432863,0.9820060962840419
5.296129874287624,0.9820122679898179
5.2970299642466205,0.9820184365109496
5.297930054205615,0.9820246018496346
5.2988301441646115,0.9820307640080688
5.299730234123608,0.982036922988446
5.300630324082604,0.9820430787929583
5.301530414041599,0.9820492314237956
5.302430504000595,0.9820553808831463
5.303330593959592,0.9820615271731964
5.304230683918588,0.9820676702961305
5.305130773877583,0.9820738102541311
5.306030863836579,0.9820799470493788
5.306930953795575,0.9820860806840525
5.30783104375457,0.9820922111603287
5.308731133713566,0.9820983384803829
5.309631223672563,0.9821044626463876
5.310531313631559,0.9821105836605145
5.311431403590554,0.9821167015249329
5.31233149354955,0.9821228162418101
5.313231583508546,0.9821289278133118
5.314131673467541,0.9821350362416018
5.315031763426537,0.9821411415288419
5.315931853385534,0.9821472436771922
5.316831943344528,0.9821533426888108
5.317732033303525,0.9821594385658541
5.318632123262521,0.9821655313104763
5.3195322132215175,0.9821716209248302
5.320432303180512,0.9821777074110665
5.3213323931395085,0.9821837907713339
5.322232483098505,0.9821898710077795
5.323132573057499,0.9821959481225487
5.324032663016496,0.9822020221177845
5.324932752975492,0.9822080929956285
5.3258328429344886,0.9822141607582204
5.326732932893483,0.9822202254076979
5.3276330228524795,0.9822262869461971
5.328533112811476,0.9822323453758519
5.329433202770472,0.9822384006987948
5.330333292729467,0.9822444529171561
5.331233382688463,0.9822505020330644
5.33213347264746,0.9822565480486467
5.333033562606454,0.9822625909660277
5.333933652565451,0.9822686307873307
5.334833742524447,0.982274667514677
5.335733832483442,0.982280701150186
5.336633922442438,0.9822867316959754
5.337534012401434,0.982292759154161
5.338434102360429,0.982298783526857
5.339334192319425,0.9823048048161753
5.340234282278422,0.9823108230242268
5.341134372237418,0.9823168381531197
5.342034462196413,0.9823228502049608
5.342934552155409,0.9823288591818552
5.343834642114405,0.9823348650859061
5.344734732073402,0.9823408679192147
5.345634822032396,0.9823468676838807
5.346534911991393,0.9823528643820019
5.347435001950389,0.9823588580156741
5.3483350919093855,0.9823648485869917
5.34923518186838,0.9823708360980468
5.3501352718273765,0.9823768205509302
5.351035361786373,0.9823828019477306
5.3519354517453674,0.9823887802905351
5.352835541704364,0.9823947555814287
5.35373563166336,0.9824007278224952
5.354635721622355,0.982406697015816
5.355535811581351,0.982412663163471
5.3564359015403475,0.9824186262675382
5.357335991499342,0.982424586330094
5.3582360814583385,0.982430543353213
5.359136171417335,0.9824364973389679
5.360036261376331,0.9824424482894297
5.360936351335326,0.9824483962066676
5.361836441294322,0.9824543410927491
5.362736531253319,0.9824602829497397
5.363636621212315,0.9824662217797037
5.36453671117131,0.9824721575847029
5.365436801130306,0.9824780903667978
5.366336891089302,0.9824840201280471
5.367236981048299,0.9824899468705076
5.368137071007293,0.9824958705962344
5.36903716096629,0.9825017913072811
5.369937250925284,0.9825077090056991
5.370837340884281,0.9825136236935381
5.371737430843277,0.9825195353728466
5.372637520802272,0.9825254440456708
5.373537610761268,0.9825313497140552
5.374437700720264,0.9825372523800429
5.375337790679261,0.9825431520456748
5.376237880638255,0.9825490487129905
5.377137970597252,0.9825549423840276
5.378038060556248,0.9825608330608221
5.3789381505152445,0.9825667207454081
5.379838240474239,0.9825726054398178
5.3807383304332355,0.9825784871460825
5.381638420392232,0.9825843658662309
5.382538510351228,0.9825902416022901
5.383438600310223,0.9825961143562859
5.384338690269219,0.982601984130242
5.385238780228216,0.9826078509261805
5.38613887018721,0.9826137147461219
5.3870389601462065,0.9826195755920848
5.387939050105203,0.9826254334660861
5.3888391400641975,0.982631288370141
5.389739230023194,0.9826371403062631
5.39063931998219,0.9826429892764642
5.391539409941185,0.9826488352827544
5.392439499900181,0.982654678327142
5.393339589859178,0.9826605184116337
5.394239679818174,0.9826663555382347
5.395139769777169,0.9826721897089479
5.396039859736165,0.9826780209257752
5.396939949695161,0.9826838491907163
5.397840039654158,0.9826896745057694
5.398740129613152,0.982695496872931
5.399640219572149,0.9827013162941959
5.400540309531145,0.9827071327715572
5.401440399490141,0.9827129463070063
5.402340489449136,0.9827187569025329
5.403240579408132,0.982724564560125
5.404140669367129,0.982730369281769
5.405040759326123,0.9827361710694495
5.40594084928512,0.9827419699251496
5.406840939244116,0.9827477658508504
5.407741029203111,0.9827535588485318
5.408641119162107,0.9827593489201715
5.4095412091211035,0.9827651360677457
5.410441299080098,0.9827709202932293
5.4113413890390945,0.982776701598595
5.412241478998091,0.9827824799858141
5.413141568957087,0.9827882554568563
5.414041658916082,0.9827940280136892
5.414941748875078,0.9827997976582795
5.4158418388340746,0.9828055643925914
5.416741928793071,0.9828113282185881
5.4176420187520655,0.9828170891382305
5.418542108711062,0.9828228471534787
5.419442198670058,0.9828286022662903
5.420342288629053,0.9828343544786218
5.421242378588049,0.9828401037924277
5.422142468547046,0.982845850209661
5.423042558506042,0.9828515937322732
5.423942648465037,0.9828573343622138
5.424842738424033,0.982863072101431
5.425742828383028,0.9828688069518711
5.426642918342024,0.9828745389154789
5.42754300830102,0.9828802679941977
5.428443098260017,0.9828859941899687
5.429343188219011,0.9828917175047318
5.430243278178008,0.9828974379404253
5.431143368137004,0.9829031554989858
5.432043458096,0.9829088701823481
5.432943548054995,0.9829145819924455
5.433843638013991,0.9829202909312099
5.434743727972988,0.9829259970005711
5.435643817931982,0.9829317002024578
5.436543907890979,0.9829374005387966
5.437443997849975,0.9829430980115127
5.4383440878089715,0.9829487926225297
5.439244177767966,0.9829544843737694
5.4401442677269625,0.9829601732671522
5.441044357685959,0.982965859304597
5.441944447644953,0.9829715424880205
5.44284453760395,0.9829772228193385
5.443744627562946,0.9829829003004648
5.444644717521941,0.9829885749333115
5.445544807480937,0.9829942467197894
5.4464448974399335,0.9829999156618073
5.44734498739893,0.9830055817612731
5.4482450773579245,0.9830112450200921
5.449145167316921,0.9830169054401688
5.450045257275917,0.9830225630234058
5.450945347234912,0.9830282177717041
5.451845437193908,0.9830338696869632
5.452745527152905,0.9830395187710808
5.453645617111901,0.9830451650259532
5.454545707070896,0.983050808453475
5.455445797029892,0.9830564490555395
5.456345886988888,0.9830620868340378
5.457245976947885,0.9830677217908601
5.458146066906879,0.9830733539278945
5.459046156865876,0.9830789832470278
5.459946246824872,0.983084609750145
5.460846336783867,0.9830902334391298
5.461746426742863,0.9830958543158642
5.462646516701859,0.9831014723822284
5.463546606660854,0.9831070876401015
5.46444669661985,0.9831127000913604
5.465346786578847,0.9831183097378811
5.466246876537841,0.9831239165815373
5.467146966496838,0.9831295206242019
5.468047056455834,0.9831351218677457
5.4689471464148305,0.9831407203140381
5.469847236373825,0.9831463159649468
5.4707473263328215,0.9831519088223384
5.471647416291818,0.9831574988880772
5.472547506250814,0.9831630861640268
5.473447596209809,0.9831686706520483
5.474347686168805,0.983174252354002
5.475247776127802,0.9831798312717464
5.476147866086798,0.9831854074071381
5.4770479560457925,0.9831909807620328
5.477948046004789,0.9831965513382843
5.478848135963785,0.9832021191377447
5.47974822592278,0.9832076841622647
5.480648315881776,0.9832132464136937
5.481548405840771,0.9832188058938789
5.482448495799767,0.9832243626046668
5.483348585758764,0.9832299165479018
5.48424867571776,0.9832354677254269
5.485148765676755,0.9832410161390835
5.486048855635751,0.9832465617907117
5.486948945594747,0.9832521046821496
5.487849035553744,0.9832576448152343
5.488749125512738,0.983263182191801
5.489649215471735,0.9832687168136834
5.490549305430731,0.9832742486827141
5.491449395389727,0.9832797778007234
5.492349485348722,0.9832853041695409
5.493249575307718,0.983290827790994
5.494149665266715,0.983296348666909
5.495049755225711,0.9833018667991105
5.495949845184706,0.9833073821894216
5.496849935143702,0.9833128948396639
5.497750025102697,0.9833184047516575
5.498650115061693,0.983323911927221
5.4995502050206895,0.9833294163681715
5.500450294979684,0.9833349180763243
5.5013503849386804,0.9833404170534937
5.502250474897677,0.9833459133014921
5.503150564856673,0.9833514068221306
5.504050654815668,0.9833568976172185
5.504950744774664,0.983362385688564
5.5058508347336605,0.9833678710379735
5.506750924692657,0.9833733536672521
5.5076510146516515,0.9833788335782031
5.508551104610648,0.9833843107726287
5.509451194569644,0.9833897852523293
5.510351284528641,0.9833952570191039
5.511251374487635,0.98340072607475
5.512151464446632,0.9834061924210636
5.513051554405628,0.9834116560598395
5.513951644364623,0.9834171169928703
5.514851734323619,0.9834225752219478
5.515751824282615,0.983428030748862
5.51665191424161,0.9834334835754014
5.517552004200606,0.9834389337033532
5.518452094159603,0.983444381134503
5.519352184118597,0.983449825870635
5.520252274077594,0.9834552679135316
5.52115236403659,0.9834607072649741
5.522052453995586,0.9834661439267424
5.522952543954581,0.9834715779006143
5.523852633913577,0.9834770091883669
5.524752723872574,0.9834824377917752
5.52565281383157,0.9834878637126133
5.526552903790565,0.9834932869526533
5.527452993749561,0.9834987075136661
5.5283530837085575,0.9835041253974212
5.529253173667552,0.9835095406056864
5.5301532636265485,0.9835149531402282
5.531053353585545,0.9835203630028116
5.531953443544541,0.9835257701952004
5.532853533503536,0.9835311747191562
5.533753623462532,0.98353657657644
5.534653713421527,0.9835419757688109
5.535553803380523,0.9835473722980265
5.5364538933395195,0.9835527661658432
5.537353983298516,0.9835581573740158
5.5382540732575105,0.9835635459242976
5.539154163216507,0.9835689318184405
5.540054253175503,0.983574315058195
5.5409543431345,0.9835796956453102
5.541854433093494,0.9835850735815336
5.542754523052491,0.9835904488686114
5.543654613011487,0.9835958215082882
5.544554702970483,0.9836011915023072
5.545454792929478,0.9836065588524103
5.546354882888474,0.9836119235603378
5.547254972847471,0.9836172856278288
5.548155062806465,0.9836226450566208
5.549055152765462,0.9836280018484497
5.549955242724458,0.9836333560050501
5.550855332683454,0.9836387075281555
5.551755422642449,0.9836440564194975
5.552655512601445,0.9836494026808064
5.55355560256044,0.9836547463138111
5.554455692519436,0.9836600873202394
5.555355782478433,0.983665425701817
5.556255872437429,0.9836707614602688
5.557155962396424,0.983676094597318
5.55805605235542,0.9836814251146863
5.5589561423144165,0.9836867530140943
5.559856232273413,0.9836920782972608
5.5607563222324075,0.9836974009659034
5.561656412191404,0.9837027210217383
5.5625565021504,0.9837080384664803
5.563456592109395,0.9837133533018425
5.564356682068391,0.9837186655295371
5.5652567720273876,0.9837239751512745
5.566156861986384,0.9837292821687639
5.5670569519453785,0.9837345865837128
5.567957041904375,0.9837398883978278
5.568857131863371,0.9837451876128135
5.569757221822366,0.9837504842303735
5.570657311781362,0.98375577825221
5.571557401740359,0.9837610696800235
5.572457491699353,0.9837663585155135
5.57335758165835,0.9837716447603778
5.574257671617346,0.9837769284163129
5.575157761576342,0.9837822094850142
5.576057851535337,0.983787487968175
5.576957941494333,0.9837927638674878
5.57785803145333,0.9837980371846438
5.578758121412324,0.9838033079213322
5.579658211371321,0.9838085760792413
5.580558301330317,0.983813841660058
5.581458391289313,0.9838191046654677
5.582358481248308,0.9838243650971543
5.583258571207304,0.9838296229568007
5.584158661166301,0.9838348782460878
5.585058751125297,0.9838401309666958
5.585958841084292,0.9838453811203031
5.586858931043288,0.9838506287085869
5.5877590210022845,0.9838558737332228
5.588659110961279,0.9838611161958855
5.5895592009202755,0.9838663560982477
5.590459290879272,0.9838715934419813
5.5913593808382664,0.9838768282287564
5.592259470797263,0.9838820604602422
5.593159560756259,0.9838872901381059
5.594059650715254,0.9838925172640139
5.59495974067425,0.9838977418396312
5.5958598306332465,0.9839029638666209
5.596759920592243,0.9839081833466453
5.5976600105512375,0.9839134002813652
5.598560100510234,0.9839186146724399
5.59946019046923,0.9839238265215275
5.600360280428227,0.9839290358302847
5.601260370387221,0.9839342426003667
5.602160460346218,0.9839394468334276
5.603060550305214,0.98394464853112
5.60396064026421,0.9839498476950952
5.604860730223205,0.983955044327003
5.605760820182201,0.9839602384284922
5.606660910141198,0.9839654300012098
5.607561000100192,0.9839706190468018
5.608461090059189,0.983975805566913
5.609361180018183,0.9839809895631861
5.61026126997718,0.9839861710372635
5.611161359936176,0.9839913499907853
5.612061449895172,0.9839965264253909
5.612961539854167,0.9840017003427182
5.613861629813163,0.9840068717444036
5.61476171977216,0.9840120406320824
5.615661809731156,0.9840172070073883
5.616561899690151,0.984022370871954
5.617461989649147,0.9840275322274106
5.6183620796081435,0.9840326910753879
5.61926216956714,0.9840378474175147
5.6201622595261345,0.984043001255418
5.621062349485131,0.9840481525907236
5.621962439444127,0.9840533014250564
5.622862529403124,0.9840584477600394
5.623762619362118,0.9840635915972945
5.624662709321115,0.9840687329384425
5.625562799280109,0.9840738717851025
5.6264628892391055,0.9840790081388926
5.627362979198102,0.9840841420014294
5.6282630691570965,0.9840892733743282
5.629163159116093,0.9840944022592031
5.630063249075089,0.9840995286576668
5.630963339034086,0.9841046525713307
5.63186342899308,0.984109774001805
5.632763518952077,0.9841148929506983
5.633663608911073,0.9841200094196182
5.634563698870069,0.9841251234101709
5.635463788829064,0.9841302349239612
5.63636387878806,0.9841353439625927
5.637263968747057,0.9841404505276679
5.638164058706053,0.9841455546207872
5.639064148665048,0.9841506562435509
5.639964238624044,0.984155755397557
5.64086432858304,0.9841608520844027
5.641764418542035,0.9841659463056838
5.642664508501031,0.9841710380629948
5.643564598460028,0.9841761273579288
5.644464688419022,0.9841812141920778
5.645364778378019,0.9841862985670324
5.646264868337015,0.984191380484382
5.64716495829601,0.9841964599457145
5.648065048255006,0.9842015369526167
5.6489651382140025,0.9842066115066742
5.649865228172999,0.984211683609471
5.6507653181319935,0.9842167532625901
5.65166540809099,0.9842218204676131
5.652565498049986,0.9842268852261203
5.653465588008983,0.9842319475396909
5.654365677967977,0.9842370074099026
5.6552657679269736,0.984242064838332
5.65616585788597,0.9842471198265542
5.6570659478449645,0.9842521723761433
5.657966037803961,0.9842572224886719
5.658866127762957,0.9842622701657113
5.659766217721954,0.9842673154088318
5.660666307680948,0.9842723582196025
5.661566397639945,0.9842773985995906
5.662466487598939,0.9842824365503627
5.663366577557936,0.9842874720734838
5.664266667516932,0.9842925051705177
5.665166757475928,0.984297535843027
5.666066847434923,0.984302564092573
5.666966937393919,0.9843075899207159
5.667867027352916,0.9843126133290141
5.668767117311912,0.9843176343190253
5.669667207270907,0.9843226528923059
5.670567297229903,0.9843276690504107
5.671467387188899,0.9843326827948936
5.672367477147894,0.984337694127307
5.67326756710689,0.9843427030492022
5.674167657065887,0.9843477095621292
5.675067747024883,0.9843527136676368
5.675967836983878,0.9843577153672723
5.676867926942874,0.9843627146625823
5.6777680169018705,0.9843677115551115
5.678668106860867,0.9843727060464038
5.6795681968198615,0.9843776981380017
5.680468286778858,0.9843826878314464
5.681368376737852,0.9843876751282781
5.682268466696849,0.9843926600300354
5.683168556655845,0.984397642538256
5.684068646614842,0.9844026226544763
5.684968736573836,0.9844076003802312
5.6858688265328325,0.9844125757170548
5.686768916491829,0.9844175486664793
5.687669006450825,0.9844225192300365
5.68856909640982,0.9844274874092565
5.689469186368816,0.984432453205668
5.690369276327813,0.9844374166207989
5.691269366286807,0.9844423776561756
5.692169456245804,0.9844473363133233
5.6930695462048,0.9844522925937661
5.693969636163796,0.9844572464990268
5.694869726122791,0.9844621980306268
5.695769816081787,0.9844671471900868
5.696669906040784,0.9844720939789254
5.697569995999778,0.9844770383986612
5.698470085958775,0.9844819804508104
5.699370175917771,0.9844869201368885
5.700270265876766,0.98449185745841
5.701170355835762,0.9844967924168877
5.702070445794758,0.9845017250138335
5.702970535753755,0.9845066552507582
5.703870625712749,0.984511583129171
5.704770715671746,0.9845165086505802
5.705670805630742,0.9845214318164927
5.706570895589737,0.9845263526284144
5.707470985548733,0.9845312710878498
5.7083710755077295,0.9845361871963023
5.709271165466726,0.9845411009552741
5.7101712554257205,0.984546012366266
5.711071345384717,0.984550921430778
5.711971435343713,0.9845558281503086
5.71287152530271,0.984560732526355
5.713771615261704,0.9845656345604136
5.714671705220701,0.9845705342539791
5.715571795179697,0.9845754316085455
5.7164718851386915,0.9845803266256054
5.717371975097688,0.9845852193066499
5.718272065056684,0.9845901096531695
5.719172155015679,0.984594997666653
5.720072244974675,0.9845998833485883
5.720972334933672,0.984604766700462
5.721872424892666,0.9846096477237596
5.722772514851663,0.9846145264199652
5.723672604810659,0.984619402790562
5.724572694769655,0.9846242768370317
5.72547278472865,0.9846291485608553
5.726372874687646,0.9846340179635119
5.727272964646643,0.9846388850464801
5.728173054605639,0.984643749811237
5.729073144564634,0.9846486122592587
5.72997323452363,0.9846534723920197
5.730873324482626,0.9846583302109938
5.731773414441623,0.9846631857176534
5.732673504400617,0.9846680389134699
5.733573594359614,0.9846728897999132
5.734473684318608,0.9846777383784522
5.735373774277605,0.9846825846505548
5.736273864236601,0.9846874286176875
5.737173954195596,0.9846922702813158
5.738074044154592,0.9846971096429039
5.7389741341135885,0.9847019467039148
5.739874224072585,0.9847067814658105
5.7407743140315795,0.9847116139300516
5.741674403990576,0.9847164440980979
5.742574493949572,0.9847212719714077
5.743474583908569,0.9847260975514383
5.744374673867563,0.9847309208396458
5.7452747638265595,0.984735741837485
5.746174853785556,0.9847405605464099
5.747074943744552,0.984745376967873
5.747975033703547,0.9847501911033258
5.748875123662543,0.9847550029542188
5.74977521362154,0.9847598125220008
5.750675303580536,0.9847646198081201
5.751575393539531,0.9847694248140236
5.752475483498527,0.9847742275411567
5.753375573457522,0.9847790279909643
5.754275663416518,0.9847838261648897
5.755175753375514,0.9847886220643751
5.756075843334509,0.9847934156908615
5.756975933293505,0.9847982070457894
5.757876023252502,0.9848029961305971
5.758776113211498,0.9848077829467224
5.759676203170493,0.9848125674956021
5.760576293129489,0.9848173497786714
5.761476383088485,0.9848221297973647
5.762376473047482,0.9848269075531151
5.763276563006476,0.9848316830473545
5.764176652965473,0.9848364562815138
5.765076742924469,0.9848412272570229
5.7659768328834655,0.9848459959753102
5.76687692284246,0.9848507624378032
5.7677770128014565,0.9848555266459283
5.768677102760453,0.9848602886011107
5.7695771927194475,0.9848650483047746
5.770477282678444,0.9848698057583427
5.77137737263744,0.9848745609632369
5.772277462596435,0.9848793139208779
5.773177552555431,0.9848840646326853
5.774077642514428,0.9848888131000775
5.774977732473422,0.9848935593244719
5.7758778224324185,0.9848983033072847
5.776777912391415,0.9849030450499309
5.777678002350411,0.9849077845538244
5.778578092309406,0.9849125218203783
5.779478182268402,0.9849172568510041
5.780378272227399,0.9849219896471124
5.781278362186395,0.9849267202101128
5.78217845214539,0.9849314485414138
5.783078542104386,0.9849361746424224
5.783978632063382,0.9849408985145449
5.784878722022377,0.9849456201591863
5.785778811981373,0.9849503395777506
5.78667890194037,0.9849550567716406
5.787578991899366,0.9849597717422579
5.788479081858361,0.9849644844910033
5.789379171817357,0.984969195019276
5.790279261776352,0.9849739033284749
5.791179351735348,0.9849786094199968
5.792079441694344,0.9849833132952381
5.792979531653341,0.9849880149555941
5.793879621612335,0.9849927144024584
5.794779711571332,0.9849974116372241
5.795679801530328,0.985002106661283
5.7965798914893245,0.9850067994760258
5.797479981448319,0.985011490082842
5.7983800714073155,0.9850161784831202
5.799280161366312,0.9850208646782477
5.8001802513253065,0.985025548669611
5.801080341284303,0.9850302304585952
5.801980431243299,0.9850349100465844
5.802880521202296,0.9850395874349618
5.80378061116129,0.9850442626251092
5.804680701120287,0.9850489356184076
5.805580791079283,0.9850536064162366
5.8064808810382775,0.985058275019975
5.807380970997274,0.9850629414310005
5.80828106095627,0.9850676056506895
5.809181150915265,0.9850722676804174
5.810081240874261,0.9850769275215587
5.810981330833258,0.9850815851754867
5.811881420792254,0.9850862406435734
5.812781510751249,0.9850908939271902
5.813681600710245,0.9850955450277068
5.814581690669241,0.9851001939464924
5.815481780628236,0.9851048406849149
5.816381870587232,0.9851094852443409
5.817281960546229,0.9851141276261365
5.818182050505225,0.9851187678316661
5.81908214046422,0.9851234058622933
5.819982230423216,0.9851280417193807
5.820882320382212,0.9851326754042898
5.821782410341209,0.985137306918381
5.822682500300203,0.9851419362630134
5.8235825902592,0.9851465634395455
5.824482680218196,0.9851511884493344
5.825382770177191,0.9851558112937362
5.826282860136187,0.9851604319741061
5.8271829500951835,0.9851650504917978
5.828083040054178,0.9851696668481646
5.8289831300131745,0.9851742810445582
5.829883219972171,0.9851788930823293
5.830783309931167,0.9851835029628279
5.831683399890162,0.9851881106874024
5.832583489849158,0.9851927162574008
5.833483579808155,0.9851973196741695
5.834383669767149,0.9852019209390539
5.8352837597261455,0.9852065200533987
5.836183849685142,0.9852111170185472
5.837083939644138,0.985215711835842
5.837984029603133,0.985220304506624
5.838884119562129,0.985224895032234
5.839784209521126,0.9852294834140107
5.840684299480122,0.9852340696532927
5.841584389439117,0.9852386537514168
5.842484479398113,0.9852432357097195
5.843384569357109,0.9852478155295354
5.844284659316104,0.9852523932121987
5.8451847492751,0.9852569687590425
5.846084839234097,0.9852615421713984
5.846984929193091,0.9852661134505974
5.847885019152088,0.9852706825979696
5.848785109111084,0.9852752496148434
5.849685199070079,0.9852798145025466
5.850585289029075,0.9852843772624063
5.851485378988071,0.9852889378957477
5.852385468947068,0.9852934964038957
5.853285558906062,0.985298052788174
5.854185648865059,0.9853026070499049
5.855085738824055,0.9853071591904102
5.8559858287830515,0.9853117092110104
5.856885918742046,0.9853162571130248
5.8577860087010425,0.985320802897772
5.858686098660039,0.9853253465665696
5.859586188619035,0.9853298881207335
5.86048627857803,0.9853344275615796
5.861386368537026,0.985338964890422
5.862286458496021,0.9853435001085741
5.863186548455017,0.9853480332173481
5.864086638414014,0.9853525642180554
5.864986728373008,0.9853570931120063
5.8658868183320045,0.9853616199005097
5.866786908291001,0.9853661445848743
5.867686998249997,0.9853706671664071
5.868587088208992,0.9853751876464142
5.869487178167988,0.9853797060262008
5.870387268126985,0.9853842223070711
5.871287358085981,0.9853887364903283
5.872187448044976,0.9853932485772744
5.873087538003972,0.9853977585692105
5.873987627962968,0.9854022664674368
5.874887717921965,0.9854067722732525
5.875787807880959,0.9854112759879553
5.876687897839956,0.9854157776128426
5.877587987798952,0.9854202771492103
5.8784880777579485,0.9854247745983535
5.879388167716943,0.9854292699615663
5.880288257675939,0.9854337632401418
5.881188347634934,0.9854382544353717
5.88208843759393,0.9854427435485474
5.882988527552927,0.9854472305809588
5.883888617511921,0.985451715533895
5.884788707470918,0.9854561984086438
5.885688797429914,0.9854606792064925
5.8865888873889105,0.9854651579287269
5.887488977347905,0.9854696345766323
5.8883890673069015,0.9854741091514926
5.889289157265898,0.9854785816545907
5.890189247224894,0.9854830520872089
5.891089337183889,0.9854875204506279
5.891989427142885,0.9854919867461283
5.892889517101882,0.9854964509749887
5.893789607060878,0.9855009131384873
5.8946896970198726,0.9855053732379012
5.895589786978869,0.9855098312745065
5.896489876937865,0.9855142872495783
5.89738996689686,0.9855187411643909
5.898290056855856,0.9855231930202171
5.899190146814853,0.9855276428183293
5.900090236773847,0.9855320905599985
5.900990326732844,0.985536536246495
5.90189041669184,0.9855409798790878
5.902790506650835,0.9855454214590453
5.903690596609831,0.9855498609876348
5.904590686568827,0.9855542984661224
5.905490776527824,0.9855587338957733
5.906390866486818,0.985563167277852
5.907290956445815,0.9855675986136216
5.908191046404811,0.9855720279043446
5.9090911363638075,0.9855764551512823
5.909991226322802,0.9855808803556952
5.910891316281798,0.9855853035188425
5.911791406240795,0.9855897246419829
5.912691496199789,0.9855941437263736
5.913591586158786,0.9855985607732712
5.914491676117782,0.9856029757839313
5.9153917660767785,0.9856073887596084
5.916291856035773,0.9856117997015561
5.9171919459947695,0.9856162086110271
5.918092035953764,0.9856206154892728
5.9189921259127605,0.9856250203375442
5.919892215871757,0.9856294231570908
5.920792305830753,0.9856338239491614
5.921692395789748,0.985638222715004
5.922592485748744,0.9856426194558652
5.923492575707741,0.9856470141729909
5.924392665666737,0.9856514068676261
5.9252927556257315,0.9856557975410147
5.926192845584728,0.9856601861943998
5.927092935543724,0.9856645728290232
5.927993025502719,0.9856689574461263
5.928893115461715,0.985673340046949
5.929793205420712,0.9856777206327304
5.930693295379708,0.985682099204709
5.931593385338703,0.9856864757641217
5.932493475297699,0.9856908503122052
5.933393565256695,0.9856952228501945
5.93429365521569,0.9856995933793243
5.935193745174686,0.9857039619008279
5.936093835133683,0.9857083284159378
5.936993925092677,0.9857126929258856
5.937894015051674,0.985717055431902
5.93879410501067,0.9857214159352164
5.939694194969666,0.9857257744370579
5.940594284928661,0.9857301309386539
5.941494374887657,0.9857344854412315
5.942394464846654,0.9857388379460165
5.943294554805648,0.9857431884542338
5.944194644764645,0.9857475369671074
5.945094734723641,0.9857518834858605
5.9459948246826375,0.9857562280117151
5.946894914641632,0.9857605705458924
5.9477950046006285,0.9857649110896127
5.948695094559625,0.9857692496440953
5.949595184518621,0.9857735862105587
5.950495274477616,0.98577792079022
5.951395364436612,0.985782253384296
5.952295454395609,0.9857865839940023
5.953195544354603,0.9857909126205533
5.9540956343136,0.985795239265163
5.954995724272596,0.9857995639290439
5.9558958142315905,0.985803886613408
5.956795904190587,0.9858082073194663
5.957695994149583,0.9858125260484287
5.958596084108578,0.9858168428015043
5.959496174067574,0.9858211575799011
5.960396264026571,0.9858254703848265
5.961296353985567,0.9858297812174868
5.962196443944562,0.9858340900790871
5.963096533903558,0.9858383969708321
5.963996623862554,0.9858427018939253
5.964896713821551,0.9858470048495692
5.965796803780545,0.9858513058389655
5.966696893739542,0.9858556048633151
5.967596983698538,0.9858599019238177
5.9684970736575345,0.9858641970216722
5.969397163616529,0.9858684901580766
5.970297253575525,0.9858727813342282
5.971197343534522,0.9858770705513229
5.972097433493516,0.9858813578105562
5.972997523452513,0.9858856431131222
5.973897613411509,0.9858899264602146
5.974797703370504,0.9858942078530256
5.9756977933295,0.9858984872927472
5.9765978832884965,0.9859027647805698
5.977497973247491,0.9859070403176833
5.9783980632064875,0.9859113139052765
5.979298153165484,0.9859155855445375
5.98019824312448,0.9859198552366533
5.981098333083475,0.9859241229828101
5.981998423042471,0.9859283887841931
5.982898513001468,0.9859326526419866
5.983798602960464,0.9859369145573742
5.9846986929194586,0.9859411745315383
5.985598782878455,0.9859454325656607
5.986498872837451,0.9859496886609219
5.987398962796448,0.985953942818502
5.988299052755442,0.9859581950395798
5.989199142714439,0.9859624453253334
5.990099232673433,0.9859666936769399
5.99099932263243,0.9859709400955755
5.991899412591426,0.9859751845824157
5.992799502550421,0.9859794271386347
5.993699592509417,0.9859836677654065
5.994599682468413,0.9859879064639033
5.99549977242741,0.985992143235297
5.996399862386404,0.9859963780807588
5.997299952345401,0.9860006110014582
5.998200042304397,0.9860048419985648
5.9991001322633934,0.9860090710732463
6.000000222222388,0.9860132982266704
6.000900312181384,0.9860175234600034
6.001800402140381,0.9860217467744108
6.002700492099377,0.9860259681710574
6.003600582058372,0.9860301876511068
6.004500672017368,0.9860344052157219
6.0054007619763645,0.986038620866065
6.006300851935359,0.9860428346032969
6.0072009418943555,0.9860470464285779
6.008101031853352,0.9860512563430675
6.0090011218123465,0.9860554643479239
6.009901211771343,0.986059670444305
6.010801301730339,0.9860638746333674
6.011701391689334,0.9860680769162669
6.01260148164833,0.9860722772941585
6.013501571607327,0.9860764757681963
6.014401661566323,0.9860806723395334
6.0153017515253175,0.9860848670093223
6.016201841484314,0.9860890597787144
6.01710193144331,0.9860932506488602
6.018002021402307,0.9860974396209096
6.018902111361301,0.9861016266960112
6.019802201320298,0.9861058118753132
6.020702291279294,0.9861099951599626
6.02160238123829,0.9861141765511054
6.022502471197285,0.9861183560498874
6.023402561156281,0.9861225336574528
6.024302651115278,0.9861267093749453
6.025202741074272,0.9861308832035077
6.026102831033269,0.9861350551442819
6.027002920992265,0.9861392251984087
6.02790301095126,0.9861433933670286
6.028803100910256,0.9861475596512808
6.029703190869252,0.9861517240523036
6.030603280828247,0.9861558865712347
6.031503370787243,0.9861600472092107
6.03240346074624,0.9861642059673676
6.033303550705236,0.9861683628468403
6.034203640664231,0.986172517848763
6.035103730623227,0.9861766709742691
6.0360038205822235,0.9861808222244908
6.03690391054122,0.9861849716005596
6.0378040005002145,0.9861891191036065
6.038704090459211,0.9861932647347612
6.039604180418207,0.9861974084951528
6.040504270377202,0.9862015503859093
6.041404360336198,0.986205690408158
6.042304450295195,0.9862098285630255
6.043204540254191,0.9862139648516373
6.044104630213186,0.986218099275118
6.045004720172182,0.9862222318345919
6.0459048101311765,0.9862263625311817
6.046804900090173,0.9862304913660097
6.047704990049169,0.9862346183401972
6.048605080008166,0.9862387434548647
6.04950516996716,0.9862428667111321
6.050405259926157,0.986246988110118
6.051305349885153,0.9862511076529403
6.052205439844149,0.9862552253407163
6.053105529803144,0.9862593411745623
6.05400561976214,0.9862634551555937
6.054905709721137,0.9862675672849249
6.055805799680131,0.98627167756367
6.056705889639128,0.9862757859929416
6.057605979598124,0.9862798925738522
6.0585060695571205,0.9862839973075126
6.059406159516115,0.9862881001950335
6.060306249475111,0.9862922012375244
6.061206339434108,0.9862963004360941
6.062106429393102,0.9863003977918503
6.063006519352099,0.9863044933059002
6.063906609311095,0.9863085869793502
6.06480669927009,0.9863126788133054
6.065706789229086,0.9863167688088706
6.0666068791880825,0.9863208569671496
6.067506969147079,0.986324943289245
6.0684070591060735,0.9863290277762592
6.06930714906507,0.9863331104292933
6.070207239024066,0.9863371912494476
6.071107328983061,0.986341270237822
6.072007418942057,0.9863453473955152
6.072907508901054,0.9863494227236249
6.07380759886005,0.9863534962232484
6.0747076888190445,0.9863575678954821
6.075607778778041,0.9863616377414214
6.076507868737037,0.9863657057621609
6.077407958696034,0.9863697719587944
6.078308048655028,0.9863738363324149
6.079208138614025,0.9863778988841148
6.080108228573021,0.9863819596149852
6.081008318532016,0.9863860185261168
6.081908408491012,0.9863900756185993
6.082808498450008,0.9863941308935216
6.083708588409003,0.9863981843519718
6.084608678367999,0.9864022359950373
6.085508768326996,0.9864062858238043
6.08640885828599,0.9864103338393586
6.087308948244987,0.9864143800427851
6.088209038203983,0.9864184244351678
6.0891091281629794,0.98642246701759
6.090009218121974,0.9864265077911337
6.09090930808097,0.9864305467568809
6.091809398039967,0.9864345839159123
6.092709487998963,0.9864386192693078
6.093609577957958,0.9864426528181465
6.094509667916954,0.9864466845635068
6.0954097578759505,0.9864507145064664
6.096309847834947,0.9864547426481017
6.0972099377939415,0.986458768989489
6.098110027752938,0.9864627935317033
6.099010117711934,0.9864668162758188
6.099910207670929,0.9864708372229092
6.100810297629925,0.986474856374047
6.10171038758892,0.9864788737303043
6.102610477547916,0.9864828892927522
6.103510567506913,0.9864869030624609
6.104410657465909,0.9864909150405
6.1053107474249035,0.9864949252279381
6.1062108373839,0.9864989336258433
6.107110927342896,0.9865029402352826
6.108011017301893,0.9865069450573224
6.108911107260887,0.9865109480930281
6.109811197219884,0.9865149493434645
6.11071128717888,0.9865189488096955
6.111611377137876,0.9865229464927842
6.112511467096871,0.986526942393793
6.113411557055867,0.9865309365137835
6.114311647014864,0.9865349288538164
6.11521173697386,0.9865389194149518
6.116111826932855,0.9865429081982485
6.117011916891851,0.9865468952047652
6.117912006850846,0.9865508804355595
6.118812096809842,0.9865548638916881
6.119712186768838,0.9865588455742071
6.120612276727833,0.9865628254841717
6.121512366686829,0.9865668036226363
6.122412456645826,0.9865707799906546
6.123312546604822,0.9865747545892795
6.124212636563817,0.986578727419563
6.125112726522813,0.9865826984825564
6.1260128164818095,0.9865866677793105
6.126912906440806,0.9865906353108747
6.1278129963998005,0.9865946010782981
6.128713086358797,0.9865985650826289
6.129613176317793,0.9866025273249145
6.13051326627679,0.9866064878062014
6.131413356235784,0.9866104465275356
6.132313446194781,0.9866144034899622
6.133213536153777,0.9866183586945252
6.1341136261127716,0.9866223121422684
6.135013716071768,0.9866262638342344
6.135913806030764,0.9866302137714652
6.136813895989759,0.9866341619550019
6.137713985948755,0.986638108385885
6.138614075907752,0.9866420530651541
6.139514165866746,0.9866459959938481
6.140414255825743,0.986649937173005
6.141314345784739,0.9866538766036622
6.142214435743735,0.9866578142868563
6.14311452570273,0.9866617502236228
6.144014615661726,0.9866656844149971
6.144914705620723,0.9866696168620133
6.145814795579719,0.9866735475657047
6.146714885538714,0.9866774765271041
6.14761497549771,0.9866814037472437
6.1485150654567065,0.9866853292271542
6.149415155415701,0.9866892529678665
6.150315245374697,0.9866931749704099
6.151215335333694,0.9866970952358134
6.15211542529269,0.9867010137651051
6.153015515251685,0.9867049305593123
6.153915605210681,0.9867088456194617
6.1548156951696775,0.9867127589465792
6.155715785128672,0.9867166705416897
6.1566158750876685,0.9867205804058174
6.157515965046665,0.9867244885399863
6.1584160550056595,0.9867283949452189
6.159316144964656,0.9867322996225372
6.160216234923652,0.9867362025729626
6.161116324882649,0.9867401037975155
6.162016414841643,0.9867440032972159
6.16291650480064,0.9867479010730825
6.163816594759636,0.9867517971261339
6.1647166847186305,0.9867556914573873
6.165616774677627,0.9867595840678597
6.166516864636623,0.986763474958567
6.16741695459562,0.9867673641305243
6.168317044554614,0.9867712515847464
6.169217134513611,0.986775137322247
6.170117224472607,0.9867790213440388
6.171017314431603,0.9867829036511344
6.171917404390598,0.986786784244545
6.172817494349594,0.9867906631252816
6.173717584308589,0.9867945402943542
6.174617674267585,0.9867984157527719
6.175517764226582,0.9868022895015434
6.176417854185578,0.9868061615416764
6.177317944144573,0.9868100318741778
6.178218034103569,0.9868139005000541
6.179118124062565,0.9868177674203107
6.180018214021562,0.9868216326359525
6.180918303980556,0.9868254961479834
6.181818393939553,0.9868293579574069
6.182718483898549,0.9868332180652255
6.183618573857544,0.986837076472441
6.18451866381654,0.9868409331800545
6.1854187537755365,0.9868447881890665
6.186318843734533,0.9868486415004765
6.1872189336935275,0.9868524931152833
6.188119023652524,0.9868563430344853
6.18901911361152,0.9868601912590798
6.189919203570515,0.9868640377900634
6.190819293529511,0.9868678826284321
6.191719383488508,0.9868717257751811
6.192619473447502,0.9868755672313049
6.193519563406499,0.9868794069977972
6.194419653365495,0.9868832450756512
6.195319743324491,0.9868870814658589
6.196219833283486,0.9868909161694119
6.197119923242482,0.9868947491873014
6.198020013201479,0.986898580520517
6.198920103160473,0.9869024101700483
6.19982019311947,0.9869062381368839
6.200720283078466,0.9869100644220118
6.201620373037462,0.9869138890264192
6.202520462996457,0.9869177119510922
6.203420552955453,0.986921533197017
6.20432064291445,0.9869253527651783
6.205220732873446,0.9869291706565606
6.206120822832441,0.9869329868721473
6.207020912791437,0.9869368014129213
6.2079210027504335,0.9869406142798647
6.208821092709428,0.9869444254739589
6.209721182668424,0.9869482349961846
6.210621272627421,0.9869520428475217
6.211521362586415,0.9869558490289494
6.212421452545412,0.9869596535414463
6.213321542504408,0.9869634563859903
6.214221632463403,0.9869672575635583
6.215121722422399,0.9869710570751267
6.2160218123813955,0.9869748549216711
6.216921902340392,0.9869786511041666
6.2178219922993865,0.9869824456235872
6.218722082258383,0.9869862384809066
6.219622172217379,0.9869900296770975
6.220522262176376,0.9869938192131319
6.22142235213537,0.9869976070899812
6.222322442094367,0.9870013933086161
6.223222532053363,0.9870051778700066
6.224122622012359,0.9870089607751219
6.225022711971354,0.9870127420249303
6.22592280193035,0.9870165216203998
6.226822891889347,0.9870202995624976
6.227722981848341,0.9870240758521898
6.228623071807338,0.9870278504904423
6.229523161766332,0.9870316234782199
6.230423251725329,0.9870353948164872
6.231323341684325,0.9870391645062074
6.232223431643321,0.9870429325483435
6.233123521602316,0.9870466989438578
6.234023611561312,0.9870504636937114
6.234923701520309,0.9870542267988655
6.235823791479305,0.9870579882602798
6.2367238814383,0.9870617480789137
6.237623971397296,0.987065506255726
6.2385240613562924,0.9870692627916744
6.239424151315289,0.9870730176877163
6.240324241274283,0.9870767709448082
6.24122433123328,0.987080522563906
6.242124421192276,0.9870842725459648
6.2430245111512725,0.9870880208919389
6.243924601110267,0.9870917676027823
6.2448246910692635,0.987095512679448
6.245724781028258,0.9870992561228882
6.2466248709872545,0.9871029979340546
6.247524960946251,0.9871067381138984
6.2484250509052455,0.9871104766633696
6.249325140864242,0.9871142135834179
6.250225230823238,0.9871179488749922
6.251125320782235,0.9871216825390405
6.252025410741229,0.9871254145765107
6.252925500700226,0.9871291449883491
6.253825590659222,0.9871328737755023
6.254725680618218,0.9871366009389154
6.255625770577213,0.9871403264795334
6.256525860536209,0.9871440503983001
6.257425950495206,0.987147772696159
6.258326040454202,0.9871514933740528
6.259226130413197,0.9871552124329235
6.260126220372193,0.9871589298737123
6.261026310331189,0.9871626456973599
6.261926400290184,0.9871663599048062
6.26282649024918,0.9871700724969905
6.263726580208177,0.9871737834748513
6.264626670167171,0.9871774928393265
6.265526760126168,0.9871812005913533
6.266426850085164,0.9871849067318683
6.267326940044159,0.9871886112618072
6.268227030003155,0.9871923141821053
6.269127119962151,0.987196015493697
6.270027209921148,0.987199715197516
6.270927299880142,0.9872034132944957
6.271827389839139,0.9872071097855682
6.272727479798135,0.9872108046716657
6.2736275697571315,0.9872144979537187
6.274527659716126,0.9872181896326581
6.2754277496751225,0.9872218797094134
6.276327839634119,0.9872255681849137
6.2772279295931135,0.9872292550600874
6.27812801955211,0.9872329403358622
6.279028109511106,0.9872366240131651
6.279928199470103,0.9872403060929225
6.280828289429097,0.98724398657606
6.281728379388094,0.987247665463503
6.282628469347088,0.9872513427561752
6.283528559306085,0.9872550184550009
6.284428649265081,0.9872586925609026
6.285328739224077,0.987262365074803
6.286228829183072,0.9872660359976235
6.287128919142068,0.9872697053302854
6.288029009101065,0.9872733730737088
6.288929099060061,0.9872770392288133
6.289829189019056,0.9872807037965181
6.290729278978052,0.9872843667777415
6.291629368937048,0.987288028173401
6.292529458896043,0.9872916879844137
6.293429548855039,0.987295346211696
6.294329638814036,0.9872990028561636
6.295229728773032,0.9873026579187313
6.296129818732027,0.9873063114003136
6.297029908691023,0.987309963301824
6.2979299986500195,0.9873136136241759
6.298830088609016,0.9873172623682813
6.29973017856801,0.9873209095350521
6.300630268527007,0.9873245551253993
6.301530358486001,0.9873281991402332
6.302430448444998,0.9873318415804635
6.303330538403994,0.9873354824469994
6.3042306283629905,0.9873391217407494
6.305130718321985,0.9873427594626211
6.3060308082809815,0.9873463956135214
6.306930898239978,0.9873500301943571
6.3078309881989725,0.9873536632060338
6.308731078157969,0.9873572946494568
6.309631168116965,0.9873609245255301
6.310531258075962,0.9873645528351581
6.311431348034956,0.9873681795792437
6.312331437993953,0.9873718047586895
6.313231527952949,0.9873754283743972
6.314131617911945,0.9873790504272681
6.31503170787094,0.9873826709182029
6.315931797829936,0.9873862898481014
6.316831887788933,0.9873899072178628
6.317731977747927,0.9873935230283858
6.318632067706924,0.9873971372805683
6.31953215766592,0.9874007499753078
6.320432247624915,0.9874043611135007
6.321332337583911,0.9874079706960432
6.322232427542907,0.9874115787238308
6.323132517501904,0.987415185197758
6.324032607460898,0.9874187901187189
6.324932697419895,0.9874223934876071
6.325832787378891,0.9874259953053152
6.326732877337886,0.9874295955727356
6.327632967296882,0.9874331942907596
6.3285330572558784,0.9874367914602782
6.329433147214875,0.9874403870821816
6.330333237173869,0.9874439811573593
6.331233327132866,0.9874475736867004
6.332133417091862,0.9874511646710932
6.3330335070508585,0.9874547541114252
6.333933597009853,0.9874583420085836
6.3348336869688495,0.9874619283634548
6.335733776927846,0.9874655131769244
6.3366338668868405,0.9874690964498776
6.337533956845837,0.987472678183199
6.338434046804833,0.9874762583777722
6.339334136763828,0.9874798370344806
6.340234226722824,0.9874834141542067
6.341134316681821,0.9874869897378324
6.342034406640815,0.9874905637862392
6.342934496599812,0.9874941363003076
6.343834586558808,0.9874977072809177
6.344734676517804,0.9875012767289488
6.345634766476799,0.9875048446452799
6.346534856435795,0.9875084110307888
6.347434946394792,0.9875119758863534
6.348335036353788,0.9875155392128504
6.349235126312783,0.9875191010111559
6.350135216271779,0.9875226612821458
6.351035306230775,0.987526220026695
6.351935396189772,0.9875297772456779
6.352835486148766,0.9875333329399681
6.353735576107763,0.987536887110439
6.354635666066757,0.9875404397579627
6.355535756025754,0.9875439908834113
6.35643584598475,0.987547540487656
6.357335935943745,0.9875510885715675
6.358236025902741,0.9875546351360157
6.359136115861737,0.9875581801818699
6.360036205820734,0.987561723709999
6.360936295779728,0.987565265721271
6.361836385738725,0.9875688062165534
6.362736475697721,0.9875723451967131
6.3636365656567175,0.9875758826626164
6.364536655615712,0.9875794186151289
6.3654367455747085,0.9875829530551157
6.366336835533705,0.987586485983441
6.367236925492701,0.9875900174009687
6.368137015451696,0.9875935473085621
6.369037105410692,0.9875970757070834
6.369937195369689,0.9876006025973949
6.370837285328685,0.9876041279803577
6.37173737528768,0.9876076518568324
6.372637465246676,0.9876111742276793
6.373537555205671,0.9876146950937578
6.374437645164667,0.9876182144559266
6.375337735123663,0.987621732315044
6.376237825082658,0.9876252486719678
6.377137915041654,0.9876287635275548
6.378038005000651,0.9876322768826614
6.378938094959647,0.9876357887381436
6.379838184918642,0.9876392990948563
6.380738274877638,0.9876428079536541
6.381638364836634,0.9876463153153912
6.382538454795631,0.9876498211809207
6.383438544754625,0.9876533255510953
6.384338634713622,0.9876568284267673
6.385238724672618,0.9876603298087882
6.3861388146316145,0.9876638296980087
6.387038904590609,0.9876673280952794
6.3879389945496055,0.9876708250014496
6.388839084508602,0.9876743204173688
6.389739174467596,0.9876778143438852
6.390639264426593,0.9876813067818467
6.391539354385589,0.9876847977321008
6.392439444344584,0.987688287195494
6.39333953430358,0.9876917751728723
6.3942396242625765,0.9876952616650813
6.395139714221571,0.9876987466729656
6.3960398041805675,0.9877022301973699
6.396939894139564,0.9877057122391375
6.39783998409856,0.9877091927991115
6.398740074057555,0.9877126718781345
6.399640164016551,0.9877161494770482
6.400540253975548,0.9877196255966939
6.401440343934544,0.9877231002379123
6.402340433893539,0.9877265734015435
6.403240523852535,0.9877300450884268
6.404140613811531,0.9877335152994011
6.405040703770526,0.9877369840353047
6.405940793729522,0.9877404512969754
6.406840883688519,0.9877439170852501
6.407740973647515,0.9877473814009654
6.40864106360651,0.987750844244957
6.409541153565506,0.9877543056180603
6.410441243524501,0.98775776552111
6.411341333483497,0.9877612239549403
6.412241423442493,0.9877646809203845
6.41314151340149,0.9877681364182757
6.414041603360484,0.987771590449446
6.414941693319481,0.9877750430147273
6.415841783278477,0.9877784941149508
6.4167418732374735,0.987781943750947
6.417641963196468,0.9877853919235456
6.4185420531554644,0.9877888386335765
6.419442143114461,0.987792283881868
6.420342233073455,0.9877957276692485
6.421242323032452,0.9877991699965456
6.422142412991448,0.9878026108645864
6.4230425029504445,0.9878060502741972
6.423942592909439,0.9878094882262038
6.4248426828684355,0.9878129247214317
6.425742772827432,0.9878163597607054
6.426642862786428,0.9878197933448489
6.427542952745423,0.9878232254746859
6.428443042704419,0.9878266561510394
6.429343132663414,0.9878300853747314
6.43024322262241,0.987833513146584
6.431143312581407,0.9878369394674181
6.432043402540403,0.9878403643380546
6.432943492499398,0.9878437877593131
6.433843582458394,0.9878472097320135
6.43474367241739,0.9878506302569743
6.435643762376385,0.9878540493350139
6.436543852335381,0.98785746696695
6.437443942294378,0.9878608831535998
6.438344032253374,0.9878642978957797
6.439244122212369,0.9878677111943056
6.440144212171365,0.987871123049993
6.441044302130361,0.9878745334636567
6.441944392089358,0.987877942436111
6.442844482048352,0.9878813499681695
6.443744572007349,0.9878847560606451
6.444644661966345,0.9878881607143505
6.44554475192534,0.9878915639300976
6.446444841884336,0.9878949657086976
6.4473449318433325,0.9878983660509615
6.448245021802327,0.9879017649576993
6.449145111761323,0.9879051624297209
6.45004520172032,0.9879085584678352
6.450945291679314,0.9879119530728506
6.451845381638311,0.9879153462455752
6.452745471597307,0.9879187379868162
6.4536455615563035,0.9879221282973806
6.454545651515298,0.9879255171780742
6.4554457414742945,0.9879289046297031
6.456345831433291,0.9879322906530722
6.457245921392287,0.9879356752489858
6.458146011351282,0.9879390584182481
6.459046101310278,0.9879424401616624
6.459946191269275,0.9879458204800315
6.460846281228271,0.9879491993741577
6.461746371187266,0.9879525768448425
6.462646461146262,0.9879559528928872
6.463546551105258,0.9879593275190922
6.464446641064253,0.9879627007242575
6.465346731023249,0.9879660725091826
6.466246820982246,0.9879694428746663
6.46714691094124,0.9879728118215068
6.468047000900237,0.9879761793505019
6.468947090859233,0.9879795454624488
6.469847180818228,0.9879829101581441
6.470747270777224,0.9879862734383837
6.47164736073622,0.9879896353039634
6.472547450695217,0.9879929957556778
6.473447540654211,0.9879963547943214
6.474347630613208,0.987999712420688
6.475247720572204,0.9880030686355707
6.4761478105312005,0.9880064234397625
6.477047900490195,0.9880097768340552
6.4779479904491915,0.9880131288192406
6.478848080408188,0.9880164793961096
6.479748170367184,0.9880198285654527
6.480648260326179,0.9880231763280598
6.481548350285175,0.9880265226847202
6.48244844024417,0.9880298676362228
6.483348530203166,0.9880332111833557
6.4842486201621625,0.9880365533269067
6.485148710121157,0.9880398940676629
6.4860488000801535,0.9880432334064108
6.48694889003915,0.9880465713439365
6.487848979998146,0.9880499078810255
6.488749069957141,0.9880532430184628
6.489649159916137,0.9880565767570325
6.490549249875134,0.9880599090975186
6.49144933983413,0.9880632400407044
6.492349429793125,0.9880665695873726
6.493249519752121,0.9880698977383054
6.494149609711117,0.9880732244942844
6.495049699670114,0.9880765498560905
6.495949789629108,0.9880798738245045
6.496849879588105,0.9880831964003062
6.497749969547101,0.9880865175842751
6.498650059506096,0.9880898373771901
6.499550149465092,0.9880931557798296
6.500450239424088,0.9880964727929712
6.501350329383083,0.9880997884173924
6.502250419342079,0.9881031026538697
6.503150509301076,0.9881064155031793
6.50405059926007,0.988109726966097
6.504950689219067,0.9881130370433977
6.505850779178063,0.9881163457358559
6.5067508691370595,0.9881196530442458
6.507650959096054,0.9881229589693407
6.50855104905505,0.9881262635119133
6.509451139014047,0.9881295666727364
6.510351228973043,0.9881328684525815
6.511251318932038,0.9881361688522201
6.512151408891034,0.9881394678724228
6.5130514988500305,0.9881427655139599
6.513951588809027,0.988146061777601
6.5148516787680215,0.9881493566641153
6.515751768727018,0.9881526501742713
6.516651858686014,0.9881559423088372
6.517551948645009,0.9881592330685803
6.518452038604005,0.9881625224542678
6.519352128563002,0.9881658104666661
6.520252218521996,0.988169097106541
6.521152308480993,0.9881723823746579
6.522052398439989,0.9881756662717818
6.522952488398984,0.9881789487986768
6.52385257835798,0.9881822299561069
6.524752668316976,0.9881855097448352
6.525652758275973,0.9881887881656244
6.526552848234967,0.9881920652192366
6.527452938193964,0.9881953409064337
6.52835302815296,0.9881986152279766
6.529253118111956,0.988201888184626
6.530153208070951,0.9882051597771417
6.531053298029947,0.9882084300062837
6.531953387988944,0.9882116988728105
6.532853477947938,0.9882149663774807
6.533753567906935,0.9882182325210526
6.534653657865931,0.9882214973042831
6.5355537478249275,0.9882247607279293
6.536453837783922,0.9882280227927476
6.5373539277429185,0.9882312834994937
6.538254017701913,0.9882345428489231
6.539154107660909,0.9882378008417904
6.540054197619906,0.9882410574788498
6.540954287578902,0.9882443127608551
6.541854377537897,0.9882475666885595
6.542754467496893,0.9882508192627157
6.5436545574558895,0.9882540704840758
6.544554647414886,0.9882573203533914
6.5454547373738805,0.9882605688714137
6.546354827332877,0.9882638160388931
6.547254917291873,0.9882670618565799
6.548155007250868,0.9882703063252234
6.549055097209864,0.9882735494455728
6.549955187168861,0.9882767912183765
6.550855277127857,0.9882800316443825
6.551755367086852,0.9882832707243382
6.552655457045848,0.9882865084589905
6.553555547004844,0.9882897448490859
6.554455636963839,0.9882929798953703
6.555355726922835,0.9882962135985891
6.556255816881832,0.988299445959487
6.557155906840826,0.9883026769788086
6.558055996799823,0.9883059066572976
6.558956086758819,0.9883091349956971
6.559856176717815,0.9883123619947501
6.56075626667681,0.9883155876551989
6.561656356635806,0.9883188119777853
6.562556446594803,0.9883220349632503
6.563456536553797,0.9883252566123348
6.564356626512794,0.9883284769257791
6.56525671647179,0.9883316959043228
6.5661568064307865,0.9883349135487051
6.567056896389781,0.9883381298596645
6.5679569863487774,0.9883413448379396
6.568857076307774,0.9883445584842677
6.56975716626677,0.988347770799386
6.570657256225765,0.9883509817840311
6.571557346184761,0.9883541914389394
6.5724574361437575,0.9883573997648462
6.573357526102752,0.9883606067624867
6.5742576160617485,0.9883638124325956
6.575157706020745,0.9883670167759069
6.5760577959797395,0.988370219793154
6.576957885938736,0.9883734214850702
6.577857975897732,0.9883766218523881
6.578758065856727,0.9883798208958395
6.579658155815723,0.9883830186161562
6.58055824577472,0.9883862150140691
6.581458335733716,0.9883894100903088
6.582358425692711,0.9883926038456051
6.583258515651707,0.988395796280688
6.584158605610703,0.9883989873962861
6.5850586955697,0.9884021771931281
6.585958785528694,0.9884053656719419
6.586858875487691,0.9884085528334551
6.587758965446687,0.9884117386783947
6.588659055405683,0.9884149232074871
6.589559145364678,0.9884181064214586
6.590459235323674,0.9884212883210343
6.591359325282671,0.9884244689069395
6.592259415241665,0.9884276481798984
6.593159505200662,0.9884308261406353
6.594059595159656,0.9884340027898735
6.594959685118653,0.9884371781283362
6.595859775077649,0.9884403521567456
6.5967598650366455,0.988443524875824
6.59765995499564,0.9884466962862927
6.598560044954636,0.9884498663888728
6.599460134913633,0.9884530351842847
6.600360224872629,0.9884562026732486
6.601260314831624,0.9884593688564838
6.60216040479062,0.9884625337347094
6.6030604947496165,0.9884656973086441
6.603960584708613,0.9884688595790055
6.6048606746676075,0.9884720205465116
6.605760764626604,0.9884751802118791
6.6066608545856,0.9884783385758247
6.607560944544597,0.9884814956390644
6.608461034503591,0.9884846514023137
6.609361124462588,0.9884878058662877
6.610261214421582,0.9884909590317011
6.611161304380579,0.9884941108992679
6.612061394339575,0.9884972614697015
6.61296148429857,0.9885004107437152
6.613861574257566,0.9885035587220214
6.614761664216562,0.9885067054053326
6.615661754175559,0.98850985079436
6.616561844134553,0.9885129948898149
6.61746193409355,0.9885161376924081
6.618362024052546,0.9885192792028494
6.619262114011542,0.9885224194218487
6.620162203970537,0.9885255583501151
6.621062293929533,0.9885286959883575
6.62196238388853,0.9885318323372838
6.622862473847526,0.9885349673976018
6.623762563806521,0.9885381011700188
6.624662653765517,0.9885412336552415
6.6255627437245135,0.9885443648539762
6.626462833683508,0.9885474947669286
6.6273629236425045,0.988550623394804
6.628263013601501,0.9885537507383073
6.629163103560495,0.9885568767981427
6.630063193519492,0.9885600015750141
6.630963283478488,0.9885631250696247
6.631863373437483,0.9885662472826776
6.632763463396479,0.9885693682148751
6.6336635533554755,0.9885724878669189
6.634563643314472,0.9885756062395107
6.6354637332734665,0.9885787233333514
6.636363823232463,0.9885818391491412
6.637263913191459,0.9885849536875805
6.638164003150456,0.9885880669493685
6.63906409310945,0.9885911789352042
6.639964183068447,0.9885942896457863
6.640864273027443,0.9885973990818128
6.641764362986438,0.9886005072439812
6.642664452945434,0.9886036141329887
6.64356454290443,0.988606719749532
6.644464632863427,0.988609824094307
6.645364722822421,0.9886129271680095
6.646264812781418,0.9886160289713348
6.647164902740414,0.9886191295049775
6.648064992699409,0.988622228769632
6.648965082658405,0.9886253267659918
6.649865172617401,0.9886284234947503
6.650765262576396,0.9886315189566005
6.651665352535392,0.9886346131522346
6.652565442494389,0.9886377060823444
6.653465532453385,0.9886407977476213
6.65436562241238,0.9886438881487563
6.655265712371376,0.9886469772864398
6.6561658023303725,0.988650065161362
6.657065892289369,0.9886531517742121
6.6579659822483634,0.9886562371256793
6.65886607220736,0.9886593212164521
6.659766162166356,0.9886624040472185
6.660666252125351,0.9886654856186663
6.661566342084347,0.9886685659314827
6.6624664320433435,0.9886716449863542
6.66336652200234,0.9886747227839671
6.6642666119613345,0.9886777993250071
6.665166701920331,0.9886808746101595
6.6660667918793255,0.9886839486401092
6.666966881838322,0.9886870214155404
6.667866971797318,0.988690092937137
6.668767061756315,0.9886931632055825
6.669667151715309,0.9886962322215599
6.670567241674306,0.9886992999857513
6.671467331633302,0.9887023664988392
6.672367421592298,0.9887054317615048
6.673267511551293,0.9887084957744293
6.674167601510289,0.9887115585382934
6.675067691469286,0.9887146200537771
6.67596778142828,0.98871768032156
6.676867871387277,0.9887207393423216
6.677767961346273,0.9887237971167406
6.678668051305269,0.9887268536454951
6.679568141264264,0.988729908929263
6.68046823122326,0.9887329629687219
6.681368321182257,0.9887360157645485
6.682268411141251,0.9887390673174192
6.683168501100248,0.9887421176280102
6.684068591059244,0.9887451666969969
6.684968681018239,0.9887482145250542
6.685868770977235,0.988751261112857
6.6867688609362315,0.9887543064610794
6.687668950895228,0.988757350570395
6.688569040854222,0.988760393441477
6.689469130813219,0.9887634350749984
6.690369220772215,0.9887664754716312
6.69126931073121,0.9887695146320474
6.692169400690206,0.9887725525569185
6.6930694906492025,0.9887755892469153
6.693969580608199,0.9887786247027085
6.6948696705671935,0.9887816589249678
6.69576976052619,0.988784691914363
6.696669850485186,0.9887877236715633
6.697569940444183,0.9887907541972373
6.698470030403177,0.9887937834920529
6.699370120362174,0.9887968115566784
6.70027021032117,0.9887998383917806
6.701170300280165,0.9888028639980267
6.702070390239161,0.9888058883760831
6.702970480198157,0.9888089115266155
6.703870570157152,0.9888119334502895
6.704770660116148,0.9888149541477703
6.705670750075145,0.9888179736197223
6.706570840034139,0.9888209918668097
6.707470929993136,0.9888240088896962
6.708371019952132,0.9888270246890452
6.709271109911128,0.988830039265519
6.710171199870123,0.9888330526197805
6.711071289829119,0.9888360647524913
6.711971379788116,0.988839075664313
6.712871469747112,0.9888420853559062
6.713771559706107,0.988845093827932
6.714671649665103,0.9888481010810501
6.7155717396240995,0.9888511071159204
6.716471829583096,0.988854111933202
6.7173719195420905,0.9888571155335536
6.718272009501087,0.9888601179176335
6.719172099460083,0.9888631190860997
6.720072189419078,0.9888661190396094
6.720972279378074,0.9888691177788198
6.721872369337069,0.9888721153043875
6.722772459296065,0.9888751116169683
6.7236725492550615,0.9888781067172179
6.724572639214058,0.9888811006057916
6.7254727291730525,0.988884093283344
6.726372819132049,0.9888870847505298
6.727272909091045,0.9888900750080024
6.728172999050042,0.9888930640564154
6.729073089009036,0.9888960518964218
6.729973178968033,0.9888990385286742
6.730873268927029,0.9889020239538246
6.731773358886025,0.9889050081725248
6.73267344884502,0.9889079911854258
6.733573538804016,0.9889109729931785
6.734473628763013,0.9889139535964333
6.735373718722009,0.98891693299584
6.736273808681004,0.988919911192048
6.73717389864,0.9889228881857066
6.738073988598995,0.9889258639774641
6.738974078557991,0.9889288385679686
6.739874168516987,0.9889318119578682
6.740774258475982,0.9889347841478098
6.741674348434978,0.9889377551384402
6.742574438393975,0.9889407249304061
6.743474528352971,0.9889436935243533
6.744374618311966,0.9889466609209272
6.745274708270962,0.9889496271207732
6.7461747982299585,0.9889525921245356
6.747074888188955,0.9889555559328589
6.747974978147949,0.9889585185463866
6.748875068106946,0.9889614799657624
6.749775158065942,0.988964440191629
6.750675248024939,0.9889673992246288
6.751575337983933,0.9889703570654041
6.7524754279429295,0.9889733137145963
6.753375517901926,0.9889762691728468
6.7542756078609205,0.988979223440796
6.755175697819917,0.9889821765190845
6.756075787778913,0.9889851284083522
6.756975877737908,0.9889880791092385
6.757875967696904,0.9889910286223822
6.758776057655901,0.9889939769484223
6.759676147614895,0.9889969240879967
6.760576237573892,0.9889998700417433
6.761476327532888,0.9890028148102992
6.762376417491884,0.9890057583943014
6.763276507450879,0.9890087007943864
6.764176597409875,0.9890116420111902
6.765076687368872,0.9890145820453482
6.765976777327868,0.989017520897496
6.766876867286863,0.9890204585682678
6.767776957245859,0.9890233950582983
6.768677047204855,0.9890263303682213
6.76957713716385,0.9890292644986702
6.770477227122846,0.989032197450278
6.771377317081843,0.9890351292236775
6.772277407040839,0.9890380598195007
6.773177496999834,0.9890409892383794
6.77407758695883,0.9890439174809449
6.7749776769178265,0.9890468445478282
6.775877766876821,0.9890497704396598
6.7767778568358175,0.9890526951570697
6.777677946794814,0.9890556187006875
6.778578036753808,0.9890585410711425
6.779478126712805,0.9890614622690634
6.780378216671801,0.9890643822950788
6.781278306630798,0.9890673011498163
6.782178396589792,0.9890702188339037
6.7830784865487885,0.989073135347968
6.783978576507785,0.989076050692636
6.7848786664667795,0.9890789648685339
6.785778756425776,0.9890818778762874
6.786678846384772,0.9890847897165221
6.787578936343769,0.989087700389863
6.788479026302763,0.9890906098969346
6.78937911626176,0.9890935182383613
6.790279206220756,0.9890964254147666
6.791179296179752,0.9890993314267739
6.792079386138747,0.9891022362750062
6.792979476097743,0.9891051399600859
6.793879566056738,0.9891080424826351
6.794779656015734,0.9891109438432755
6.795679745974731,0.9891138440426284
6.796579835933727,0.9891167430813145
6.797479925892722,0.9891196409599543
6.798380015851718,0.9891225376791678
6.799280105810714,0.9891254332395746
6.800180195769711,0.9891283276417939
6.801080285728705,0.9891312208864445
6.801980375687702,0.9891341129741444
6.802880465646698,0.9891370039055121
6.803780555605693,0.9891398936811646
6.804680645564689,0.9891427823017194
6.8055807355236855,0.989145669767793
6.806480825482682,0.9891485560800015
6.8073809154416764,0.9891514412389611
6.808281005400673,0.9891543252452872
6.809181095359669,0.9891572080995947
6.810081185318664,0.9891600898024984
6.81098127527766,0.9891629703546123
6.8118813652366565,0.9891658497565504
6.812781455195651,0.9891687280089261
6.8136815451546475,0.9891716051123524
6.814581635113644,0.9891744810674417
6.81548172507264,0.9891773558748063
6.816381815031635,0.989180229535058
6.817281904990631,0.9891831020488082
6.818181994949628,0.9891859734166678
6.819082084908622,0.9891888436392473
6.819982174867619,0.9891917127171569
6.820882264826615,0.9891945806510063
6.821782354785611,0.9891974474414048
6.822682444744606,0.9892003130889613
6.823582534703602,0.9892031775942844
6.824482624662599,0.9892060409579821
6.825382714621595,0.9892089031806622
6.82628280458059,0.989211764262932
6.827182894539586,0.9892146242053983
6.828082984498582,0.9892174830086676
6.828983074457577,0.9892203406733461
6.829883164416573,0.9892231972000393
6.83078325437557,0.9892260525893526
6.831683344334564,0.9892289068418907
6.832583434293561,0.9892317599582583
6.833483524252557,0.9892346119390594
6.834383614211552,0.9892374627848975
6.835283704170548,0.9892403124963761
6.8361837941295445,0.9892431610740978
6.837083884088541,0.9892460085186654
6.837983974047535,0.9892488548306806
6.838884064006532,0.9892517000107454
6.839784153965528,0.9892545440594607
6.840684243924525,0.9892573869774276
6.841584333883519,0.9892602287652464
6.8424844238425155,0.9892630694235174
6.843384513801512,0.9892659089528401
6.844284603760508,0.9892687473538136
6.845184693719503,0.9892715846270371
6.846084783678499,0.9892744207731089
6.846984873637496,0.989277255792627
6.84788496359649,0.9892800896861891
6.848785053555487,0.9892829224543925
6.849685143514481,0.9892857540978341
6.850585233473478,0.9892885846171104
6.851485323432474,0.9892914140128175
6.85238541339147,0.989294242285551
6.853285503350465,0.9892970694359061
6.854185593309461,0.9892998954644779
6.855085683268458,0.9893027203718608
6.855985773227454,0.989305544158649
6.856885863186449,0.9893083668254361
6.857785953145445,0.9893111883728154
6.858686043104441,0.98931400880138
6.859586133063438,0.9893168281117223
6.860486223022432,0.9893196463044344
6.861386312981429,0.9893224633801081
6.862286402940425,0.9893252793393348
6.8631864928994215,0.9893280941827054
6.864086582858416,0.9893309079108105
6.8649866728174125,0.9893337205242403
6.865886762776407,0.9893365320235845
6.8667868527354035,0.9893393424094326
6.8676869426944,0.9893421516823736
6.868587032653394,0.989344959842996
6.869487122612391,0.9893477668918882
6.870387212571387,0.9893505728296379
6.871287302530384,0.9893533776568326
6.872187392489378,0.9893561813740593
6.8730874824483745,0.9893589839819048
6.873987572407371,0.9893617854809553
6.874887662366367,0.9893645858717968
6.875787752325362,0.9893673851550147
6.876687842284358,0.989370183331194
6.877587932243355,0.9893729804009196
6.878488022202351,0.9893757763647758
6.879388112161346,0.9893785712233466
6.880288202120342,0.9893813649772156
6.881188292079338,0.9893841576269659
6.882088382038333,0.9893869491731804
6.882988471997329,0.9893897396164414
6.883888561956326,0.9893925289573309
6.88478865191532,0.9893953171964307
6.885688741874317,0.989398104334322
6.886588831833313,0.9894008903715856
6.887488921792308,0.9894036753088022
6.888389011751304,0.9894064591465517
6.8892891017103,0.989409241885414
6.890189191669297,0.9894120235259682
6.891089281628291,0.9894148040687937
6.891989371587288,0.9894175835144686
6.892889461546284,0.9894203618635713
6.8937895515052805,0.9894231391166797
6.894689641464275,0.9894259152743711
6.8955897314232715,0.9894286903372226
6.896489821382268,0.989431464305811
6.8973899113412624,0.9894342371807123
6.898290001300259,0.9894370089625028
6.899190091259255,0.9894397796517578
6.900090181218252,0.9894425492490524
6.900990271177246,0.9894453177549615
6.9018903611362425,0.9894480851700596
6.902790451095237,0.9894508514949204
6.9036905410542335,0.9894536167301178
6.90459063101323,0.989456380876225
6.905490720972226,0.989459143933815
6.906390810931221,0.98946190590346
6.907290900890217,0.9894646667857324
6.908190990849214,0.9894674265812039
6.90909108080821,0.9894701852904458
6.909991170767205,0.9894729429140292
6.910891260726201,0.9894756994525247
6.911791350685197,0.9894784549065024
6.912691440644192,0.9894812092765325
6.913591530603188,0.9894839625631842
6.914491620562185,0.9894867147670268
6.915391710521181,0.9894894658886288
6.916291800480176,0.989492215928559
6.917191890439172,0.9894949648873851
6.918091980398168,0.9894977127656747
6.918992070357165,0.9895004595639952
6.919892160316159,0.9895032052829135
6.920792250275156,0.989505949922996
6.92169234023415,0.989508693484809
6.922592430193147,0.989511435968918
6.923492520152143,0.9895141773758885
6.9243926101111395,0.9895169177062858
6.925292700070134,0.9895196569606742
6.9261927900291305,0.9895223951396181
6.927092879988127,0.9895251322436814
6.927992969947121,0.9895278682734278
6.928893059906118,0.9895306032294202
6.929793149865114,0.9895333371122216
6.930693239824111,0.9895360699223944
6.931593329783105,0.9895388016605006
6.9324934197421015,0.9895415323271018
6.933393509701098,0.9895442619227597
6.934293599660094,0.989546990448035
6.935193689619089,0.9895497179034881
6.936093779578085,0.9895524442896796
6.936993869537082,0.989555169607169
6.937893959496076,0.9895578938565162
6.938794049455073,0.9895606170382799
6.939694139414069,0.9895633391530192
6.940594229373064,0.9895660602012921
6.94149431933206,0.9895687801836571
6.942394409291056,0.9895714991006715
6.943294499250053,0.9895742169528927
6.944194589209047,0.9895769337408777
6.945094679168044,0.989579649465183
6.94599476912704,0.9895823641263648
6.946894859086035,0.9895850777249788
6.947794949045031,0.9895877902615807
6.948695039004027,0.9895905017367255
6.949595128963024,0.9895932121509678
6.950495218922018,0.9895959215048623
6.951395308881015,0.9895986297989628
6.952295398840011,0.989601337033823
6.9531954887990075,0.9896040432099963
6.954095578758002,0.9896067483280353
6.9549956687169985,0.989609452388493
6.955895758675995,0.9896121553919213
6.9567958486349895,0.989614857338872
6.957695938593986,0.9896175582298968
6.958596028552982,0.9896202580655469
6.959496118511977,0.9896229568463728
6.960396208470973,0.9896256545729251
6.9612962984299696,0.9896283512457538
6.962196388388964,0.9896310468654084
6.9630964783479605,0.9896337414324385
6.963996568306957,0.989636434947393
6.964896658265953,0.9896391274108204
6.965796748224948,0.989641818823269
6.966696838183944,0.9896445091852867
6.967596928142941,0.989647198497421
6.968497018101937,0.9896498867602193
6.969397108060932,0.9896525739742281
6.970297198019928,0.989655260139994
6.971197287978924,0.9896579452580633
6.972097377937921,0.9896606293289815
6.972997467896915,0.989663312353294
6.973897557855912,0.9896659943315459
6.974797647814906,0.9896686752642819
6.975697737773903,0.9896713551520464
6.976597827732899,0.9896740339953832
6.977497917691894,0.9896767117948362
6.97839800765089,0.9896793885509484
6.979298097609886,0.9896820642642628
6.980198187568883,0.9896847389353219
6.981098277527877,0.9896874125646681
6.981998367486874,0.989690085152843
6.98289845744587,0.9896927567003883
6.9837985474048665,0.989695427207845
6.984698637363861,0.989698096675754
6.9855987273228575,0.9897007651046557
6.986498817281854,0.9897034324950902
6.98739890724085,0.9897060988475973
6.988298997199845,0.9897087641627162
6.989199087158841,0.9897114284409861
6.990099177117838,0.9897140916829457
6.990999267076834,0.9897167538891333
6.9918993570358285,0.9897194150600868
6.992799446994825,0.9897220751963438
6.9936995369538195,0.9897247342984418
6.994599626912816,0.9897273923669176
6.995499716871812,0.9897300494023079
6.996399806830807,0.9897327054051488
6.997299896789803,0.9897353603759762
6.9981999867488,0.9897380143153257
6.999100076707796,0.9897406672237326
7.000000166666791,0.9897433191017314
7.000900256625787,0.989745969949857
7.001800346584783,0.9897486197686434
7.00270043654378,0.9897512685586243
7.003600526502774,0.9897539163203332
7.004500616461771,0.9897565630543034
7.005400706420767,0.9897592087610674
7.006300796379763,0.9897618534411577
7.007200886338758,0.9897644970951065
7.008100976297754,0.9897671397234454
7.009001066256751,0.9897697813267059
7.009901156215745,0.9897724219054189
7.010801246174742,0.9897750614601152
7.011701336133738,0.9897776999913251
7.012601426092733,0.9897803374995786
7.013501516051729,0.9897829739854054
7.0144016060107255,0.9897856094493348
7.01530169596972,0.9897882438918958
7.0162017859287165,0.989790877313617
7.017101875887713,0.9897935097150268
7.018001965846709,0.9897961410966529
7.018902055805704,0.9897987714590233
7.0198021457647,0.9898014008026649
7.020702235723697,0.9898040291281047
7.021602325682693,0.9898066564358694
7.0225024156416875,0.9898092827264852
7.023402505600684,0.9898119080004779
7.02430259555968,0.9898145322583732
7.025202685518675,0.9898171555006963
7.026102775477671,0.9898197777279719
7.027002865436668,0.9898223989407248
7.027902955395664,0.9898250191394791
7.028803045354659,0.9898276383247586
7.029703135313655,0.989830256497087
7.03060322527265,0.9898328736569872
7.031503315231646,0.9898354898049823
7.032403405190642,0.9898381049415946
7.033303495149639,0.9898407190673465
7.034203585108633,0.9898433321827597
7.03510367506763,0.9898459442883557
7.036003765026626,0.9898485553846557
7.036903854985622,0.9898511654721804
7.037803944944617,0.9898537745514505
7.038704034903613,0.9898563826229859
7.03960412486261,0.9898589896873067
7.040504214821604,0.9898615957449322
7.041404304780601,0.9898642007963815
7.042304394739597,0.9898668048421734
7.0432044846985935,0.9898694078828265
7.044104574657588,0.9898720099188589
7.0450046646165845,0.9898746109507884
7.045904754575581,0.9898772109791325
7.046804844534577,0.9898798100044083
7.047704934493572,0.9898824080271325
7.048605024452568,0.9898850050478216
7.049505114411563,0.9898876010669919
7.050405204370559,0.989890196085159
7.0513052943295556,0.9898927901028386
7.052205384288552,0.9898953831205456
7.0531054742475465,0.989897975138795
7.054005564206543,0.9899005661581011
7.054905654165539,0.9899031561789782
7.055805744124534,0.98990574520194
7.05670583408353,0.9899083332274999
7.057605924042527,0.9899109202561712
7.058506014001523,0.9899135062884667
7.059406103960518,0.989916091324899
7.060306193919514,0.98991867536598
7.06120628387851,0.9899212584122216
7.062106373837507,0.9899238404641355
7.063006463796501,0.9899264215222325
7.063906553755498,0.9899290015870239
7.064806643714494,0.9899315806590198
7.065706733673489,0.9899341587387306
7.066606823632485,0.9899367358266662
7.067506913591481,0.9899393119233358
7.068407003550476,0.9899418870292491
7.069307093509472,0.9899444611449145
7.070207183468469,0.9899470342708409
7.071107273427463,0.9899496064075363
7.07200736338646,0.9899521775555086
7.072907453345456,0.9899547477152655
7.0738075433044525,0.9899573168873141
7.074707633263447,0.9899598850721614
7.0756077232224435,0.989962452270314
7.07650781318144,0.989965018482278
7.077407903140436,0.9899675837085595
7.078307993099431,0.9899701479496641
7.079208083058427,0.989972711206097
7.080108173017424,0.9899752734783632
7.08100826297642,0.9899778347669673
7.0819083529354145,0.9899803950724138
7.082808442894411,0.9899829543952063
7.083708532853407,0.989985512735849
7.084608622812402,0.9899880700948448
7.085508712771398,0.9899906264726969
7.086408802730393,0.9899931818699079
7.087308892689389,0.9899957362869803
7.088208982648386,0.9899982897244161
7.089109072607382,0.990000842182717
7.090009162566377,0.9900033936623844
7.090909252525373,0.9900059441639195
7.091809342484369,0.990008493687823
7.092709432443366,0.9900110422345952
7.09360952240236,0.9900135898047365
7.094509612361357,0.9900161363987465
7.095409702320353,0.9900186820171247
7.096309792279349,0.9900212266603704
7.097209882238344,0.9900237703289823
7.09810997219734,0.9900263130234589
7.099010062156337,0.9900288547442986
7.099910152115333,0.990031395491999
7.100810242074328,0.990033935267058
7.101710332033324,0.9900364740699726
7.102610421992319,0.9900390119012398
7.103510511951315,0.9900415487613563
7.1044106019103115,0.9900440846508182
7.105310691869306,0.9900466195701216
7.1062107818283025,0.9900491535197622
7.107110871787299,0.9900516865002353
7.108010961746295,0.9900542185120359
7.10891105170529,0.9900567495556587
7.109811141664286,0.9900592796315981
7.110711231623283,0.9900618087403483
7.111611321582279,0.9900643368824029
7.1125114115412735,0.9900668640582554
7.11341150150027,0.9900693902683989
7.114311591459266,0.9900719155133263
7.115211681418263,0.99007443979353
7.116111771377257,0.9900769631095023
7.117011861336254,0.990079485461735
7.11791195129525,0.9900820068507196
7.118812041254245,0.9900845272769474
7.119712131213241,0.9900870467409094
7.120612221172237,0.9900895652430961
7.121512311131232,0.9900920827839979
7.122412401090228,0.9900945993641046
7.123312491049225,0.9900971149839062
7.124212581008219,0.9900996296438918
7.125112670967216,0.9901021433445505
7.126012760926212,0.9901046560863711
7.126912850885208,0.990107167869842
7.127812940844203,0.9901096786954513
7.128713030803199,0.9901121885636869
7.129613120762196,0.9901146974750361
7.130513210721192,0.9901172054299863
7.131413300680187,0.9901197124290242
7.132313390639183,0.9901222184726365
7.1332134805981795,0.9901247235613094
7.134113570557174,0.9901272276955289
7.1350136605161705,0.9901297308757804
7.135913750475167,0.9901322331025495
7.136813840434163,0.990134734376321
7.137713930393158,0.99013723469758
7.138614020352154,0.9901397340668103
7.139514110311151,0.9901422324844964
7.140414200270145,0.990144729951122
7.1413142902291415,0.9901472264671707
7.142214380188138,0.9901497220331253
7.1431144701471325,0.990152216649469
7.144014560106129,0.9901547103166842
7.144914650065125,0.9901572030352532
7.145814740024122,0.9901596948056578
7.146714829983116,0.9901621856283799
7.147614919942113,0.9901646755039006
7.148515009901109,0.990167164432701
7.149415099860105,0.9901696524152618
7.1503151898191,0.9901721394520633
7.151215279778096,0.9901746255435857
7.152115369737093,0.9901771106903089
7.153015459696087,0.9901795948927123
7.153915549655084,0.990182078151275
7.15481563961408,0.9901845604664761
7.1557157295730764,0.9901870418387939
7.156615819532071,0.9901895222687069
7.157515909491067,0.990192001756693
7.158415999450062,0.9901944803032297
7.159316089409058,0.9901969579087946
7.160216179368055,0.9901994345738647
7.161116269327051,0.9902019102989167
7.162016359286046,0.9902043850844271
7.162916449245042,0.990206858930872
7.1638165392040385,0.9902093318387273
7.164716629163035,0.9902118038084685
7.1656167191220295,0.9902142748405709
7.166516809081026,0.9902167449355095
7.167416899040022,0.9902192140937588
7.168316988999017,0.9902216823157933
7.169217078958013,0.9902241496020869
7.17011716891701,0.9902266159531133
7.171017258876006,0.9902290813693463
7.1719173488350005,0.9902315458512586
7.172817438793997,0.9902340093993233
7.173717528752993,0.9902364720140128
7.174617618711988,0.9902389336957994
7.175517708670984,0.9902413944451551
7.176417798629981,0.9902438542625516
7.177317888588975,0.99024631314846
7.178217978547972,0.9902487711033515
7.179118068506968,0.990251228127697
7.180018158465964,0.9902536842219667
7.180918248424959,0.9902561393866308
7.181818338383955,0.9902585936221593
7.182718428342952,0.9902610469290216
7.183618518301946,0.9902634993076871
7.184518608260943,0.9902659507586246
7.185418698219939,0.9902684012823029
7.186318788178935,0.9902708508791903
7.18721887813793,0.990273299549755
7.188118968096926,0.9902757472944647
7.189019058055923,0.9902781941137867
7.189919148014919,0.9902806400081885
7.190819237973914,0.9902830849781368
7.19171932793291,0.9902855290240984
7.1926194178919065,0.9902879721465393
7.193519507850901,0.9902904143459257
7.1944195978098975,0.9902928556227233
7.195319687768894,0.9902952959773975
7.1962197777278885,0.9902977354104134
7.197119867686885,0.9903001739222359
7.198019957645881,0.9903026115133295
7.198920047604876,0.9903050481841583
7.199820137563872,0.9903074839351866
7.2007202275228686,0.9903099187668778
7.201620317481865,0.9903123526796953
7.2025204074408595,0.9903147856741022
7.203420497399856,0.9903172177505614
7.204320587358852,0.990319648909535
7.205220677317849,0.9903220791514857
7.206120767276843,0.9903245084768751
7.20702085723584,0.9903269368861649
7.207920947194836,0.9903293643798164
7.208821037153832,0.9903317909582908
7.209721127112827,0.9903342166220486
7.210621217071823,0.9903366413715503
7.21152130703082,0.9903390652072561
7.212421396989814,0.990341488129626
7.213321486948811,0.9903439101391194
7.214221576907805,0.9903463312361956
7.215121666866802,0.9903487514213138
7.216021756825798,0.9903511706949326
7.216921846784794,0.9903535890575103
7.217821936743789,0.9903560065095052
7.218722026702785,0.9903584230513751
7.219622116661782,0.9903608386835776
7.220522206620778,0.9903632534065699
7.221422296579773,0.990365667220809
7.222322386538769,0.9903680801267517
7.2232224764977655,0.9903704921248542
7.224122566456762,0.9903729032155728
7.2250226564157565,0.9903753133993634
7.225922746374753,0.9903777226766813
7.226822836333749,0.990380131047982
7.227722926292746,0.9903825385137204
7.22862301625174,0.990384945074351
7.229523106210737,0.9903873507303285
7.230423196169731,0.9903897554821068
7.2313232861287275,0.99039215933014
7.232223376087724,0.9903945622748814
7.2331234660467185,0.9903969643167844
7.234023556005715,0.9903993654563018
7.234923645964711,0.9904017656938865
7.235823735923708,0.9904041650299908
7.236723825882702,0.9904065634650668
7.237623915841699,0.9904089609995665
7.238524005800695,0.9904113576339414
7.239424095759691,0.9904137533686427
7.240324185718686,0.9904161482041214
7.241224275677682,0.9904185421408281
7.242124365636679,0.9904209351792135
7.243024455595675,0.9904233273197276
7.24392454555467,0.9904257185628204
7.244824635513666,0.9904281089089411
7.245724725472662,0.9904304983585394
7.246624815431657,0.9904328869120641
7.247524905390653,0.990435274569964
7.24842499534965,0.9904376613326875
7.249325085308644,0.9904400472006829
7.250225175267641,0.990442432174398
7.251125265226637,0.9904448162542804
7.252025355185632,0.9904471994407774
7.252925445144628,0.9904495817343362
7.2538255351036245,0.9904519631354034
7.254725625062621,0.9904543436444255
7.2556257150216155,0.9904567232618489
7.256525804980612,0.9904591019881193
7.257425894939608,0.9904614798236825
7.258325984898605,0.9904638567689837
7.259226074857599,0.9904662328244683
7.260126164816596,0.9904686079905808
7.261026254775592,0.9904709822677659
7.2619263447345865,0.9904733556564678
7.262826434693583,0.9904757281571306
7.263726524652579,0.9904780997701977
7.264626614611576,0.9904804704961129
7.26552670457057,0.9904828403353192
7.266426794529567,0.9904852092882593
7.267326884488563,0.9904875773553761
7.268226974447558,0.9904899445371116
7.269127064406554,0.9904923108339081
7.27002715436555,0.9904946762462072
7.270927244324545,0.9904970407744506
7.271827334283541,0.9904994044190791
7.272727424242538,0.9905017671805341
7.273627514201534,0.990504129059256
7.274527604160529,0.9905064900556853
7.275427694119525,0.9905088501702619
7.276327784078521,0.990511209403426
7.277227874037516,0.9905135677556168
7.278127963996512,0.9905159252272738
7.279028053955509,0.9905182818188359
7.279928143914505,0.9905206375307419
7.2808282338735,0.9905229923634303
7.281728323832496,0.9905253463173392
7.2826284137914925,0.9905276993929066
7.283528503750489,0.9905300515905702
7.2844285937094835,0.9905324029107672
7.28532868366848,0.9905347533539347
7.2862287736274745,0.9905371029205096
7.287128863586471,0.9905394516109285
7.288028953545467,0.9905417994256277
7.288929043504464,0.9905441463650432
7.289829133463458,0.9905464924296105
7.2907292234224546,0.9905488376197653
7.291629313381451,0.9905511819359428
7.292529403340447,0.9905535253785779
7.293429493299442,0.9905558679481051
7.294329583258438,0.9905582096449591
7.295229673217435,0.9905605504695737
7.296129763176429,0.9905628904223829
7.297029853135426,0.9905652295038202
7.297929943094422,0.990567567714319
7.298830033053418,0.9905699050543121
7.299730123012413,0.9905722415242325
7.300630212971409,0.9905745771245126
7.301530302930406,0.9905769118555847
7.3024303928894,0.9905792457178807
7.303330482848397,0.9905815787118322
7.304230572807393,0.9905839108378708
7.305130662766388,0.9905862420964274
7.306030752725384,0.9905885724879332
7.30693084268438,0.9905909020128185
7.307830932643377,0.9905932306715138
7.308731022602371,0.9905955584644492
7.309631112561368,0.9905978853920545
7.310531202520364,0.9906002114547593
7.311431292479359,0.9906025366529926
7.312331382438355,0.9906048609871837
7.3132314723973515,0.9906071844577612
7.314131562356348,0.9906095070651536
7.3150316523153425,0.9906118288097893
7.315931742274339,0.9906141496920958
7.316831832233335,0.9906164697125013
7.317731922192332,0.9906187888714328
7.318632012151326,0.9906211071693177
7.319532102110323,0.9906234246065828
7.320432192069319,0.9906257411836547
7.3213322820283135,0.9906280569009597
7.32223237198731,0.990630371758924
7.323132461946306,0.9906326857579734
7.324032551905301,0.9906349988985333
7.324932641864297,0.9906373111810294
7.325832731823294,0.9906396226058863
7.326732821782288,0.990641933173529
7.327632911741285,0.9906442428843819
7.328533001700281,0.9906465517388693
7.329433091659277,0.9906488597374151
7.330333181618272,0.9906511668804432
7.331233271577268,0.9906534731683768
7.332133361536265,0.9906557786016393
7.333033451495261,0.9906580831806535
7.333933541454256,0.9906603869058421
7.334833631413252,0.9906626897776276
7.335733721372248,0.9906649917964321
7.336633811331245,0.9906672929626774
7.337533901290239,0.9906695932767852
7.338433991249236,0.9906718927391768
7.339334081208232,0.9906741913502733
7.340234171167227,0.9906764891104957
7.341134261126223,0.9906787860202643
7.342034351085218,0.9906810820799996
7.342934441044214,0.9906833772901217
7.3438345310032105,0.9906856716510503
7.344734620962207,0.9906879651632049
7.3456347109212015,0.9906902578270048
7.346534800880198,0.9906925496428692
7.347434890839194,0.9906948406112167
7.348334980798191,0.9906971307324657
7.349235070757185,0.9906994200070347
7.350135160716182,0.9907017084353414
7.351035250675178,0.9907039960178038
7.351935340634174,0.9907062827548392
7.352835430593169,0.9907085686468649
7.353735520552165,0.9907108536942977
7.354635610511162,0.9907131378975546
7.355535700470158,0.9907154212570516
7.356435790429153,0.9907177037732052
7.357335880388149,0.9907199854464313
7.358235970347144,0.9907222662771454
7.35913606030614,0.9907245462657631
7.360036150265136,0.9907268254126995
7.360936240224131,0.9907291037183694
7.361836330183127,0.9907313811831876
7.362736420142124,0.9907336578075683
7.36363651010112,0.9907359335919258
7.364536600060115,0.9907382085366738
7.365436690019111,0.990740482642226
7.366336779978107,0.9907427559089959
7.367236869937104,0.9907450283373964
7.368136959896098,0.9907472999278405
7.369037049855095,0.9907495706807407
7.369937139814091,0.9907518405965094
7.3708372297730875,0.9907541096755588
7.371737319732082,0.9907563779183004
7.3726374096910785,0.9907586453251461
7.373537499650075,0.9907609118965072
7.3744375896090695,0.9907631776327946
7.375337679568066,0.9907654425344193
7.376237769527062,0.9907677066017918
7.377137859486057,0.9907699698353224
7.378037949445053,0.9907722322354212
7.37893803940405,0.9907744938024979
7.379838129363044,0.9907767545369623
7.3807382193220405,0.9907790144392236
7.381638309281037,0.9907812735096907
7.382538399240033,0.9907835317487725
7.383438489199028,0.9907857891568776
7.384338579158024,0.9907880457344144
7.385238669117021,0.9907903014817907
7.386138759076017,0.9907925563994144
7.387038849035012,0.9907948104876932
7.387938938994008,0.9907970637470342
7.388839028953004,0.9907993161778446
7.389739118911999,0.9908015677805311
7.390639208870995,0.9908038185555003
7.391539298829992,0.9908060685031583
7.392439388788988,0.9908083176239115
7.393339478747983,0.9908105659181654
7.394239568706979,0.9908128133863258
7.3951396586659754,0.9908150600287977
7.39603974862497,0.9908173058459864
7.396939838583966,0.9908195508382966
7.397839928542963,0.9908217950061329
7.398740018501957,0.9908240383498995
7.399640108460954,0.9908262808700007
7.40054019841995,0.9908285225668401
7.4014402883789465,0.9908307634408212
7.402340378337941,0.9908330034923475
7.4032404682969375,0.9908352427218219
7.404140558255934,0.9908374811296473
7.4050406482149285,0.9908397187162264
7.405940738173925,0.9908419554819614
7.406840828132921,0.9908441914272543
7.407740918091918,0.9908464265525071
7.408641008050912,0.9908486608581212
7.409541098009909,0.990850894344498
7.410441187968905,0.9908531270120388
7.411341277927901,0.9908553588611442
7.412241367886896,0.9908575898922148
7.413141457845892,0.9908598201056511
7.414041547804887,0.9908620495018532
7.414941637763883,0.9908642780812209
7.41584172772288,0.9908665058441538
7.416741817681876,0.9908687327910513
7.417641907640871,0.9908709589223126
7.418541997599867,0.9908731842383365
7.419442087558863,0.9908754087395216
7.420342177517858,0.9908776324262665
7.421242267476854,0.9908798552989692
7.422142357435851,0.9908820773580276
7.423042447394847,0.9908842986038393
7.423942537353842,0.990886519036802
7.424842627312838,0.9908887386573126
7.425742717271834,0.9908909574657683
7.426642807230831,0.9908931754625656
7.427542897189825,0.9908953926481009
7.428442987148822,0.9908976090227706
7.429343077107818,0.9908998245869706
7.430243167066813,0.9909020393410966
7.431143257025809,0.990904253285544
7.4320433469848055,0.9909064664207082
7.4329434369438,0.9909086787469842
7.4338435269027965,0.9909108902647666
7.434743616861793,0.9909131009744501
7.435643706820789,0.9909153108764288
7.436543796779784,0.9909175199710969
7.43744388673878,0.9909197282588481
7.438343976697777,0.990921935740076
7.439244066656771,0.990924142415174
7.440144156615768,0.990926348284535
7.441044246574764,0.9909285533485519
7.44194433653376,0.9909307576076173
7.442844426492755,0.9909329610621236
7.443744516451751,0.9909351637124629
7.444644606410748,0.990937365559027
7.445544696369744,0.9909395666022076
7.446444786328739,0.9909417668423961
7.447344876287735,0.9909439662799837
7.448244966246731,0.9909461649153614
7.449145056205726,0.9909483627489196
7.450045146164722,0.990950559781049
7.450945236123719,0.9909527560121396
7.451845326082713,0.9909549514425816
7.45274541604171,0.9909571460727646
7.453645506000706,0.9909593399030782
7.454545595959701,0.9909615329339114
7.455445685918697,0.9909637251656536
7.456345775877693,0.9909659165986933
7.45724586583669,0.9909681072334191
7.458145955795684,0.9909702970702194
7.459046045754681,0.9909724861094822
7.459946135713677,0.9909746743515954
7.4608462256726735,0.9909768617969464
7.461746315631668,0.9909790484459228
7.4626464055906645,0.9909812342989117
7.463546495549661,0.9909834193562999
7.464446585508657,0.9909856036184741
7.465346675467652,0.9909877870858207
7.466246765426648,0.990989969758726
7.467146855385645,0.9909921516375758
7.468046945344639,0.9909943327227559
7.468947035303636,0.9909965130146519
7.46984712526263,0.9909986925136488
7.4707472152216265,0.9910008712201318
7.471647305180623,0.9910030491344856
7.472547395139619,0.9910052262570946
7.473447485098614,0.9910074025883435
7.47434757505761,0.9910095781286161
7.475247665016607,0.9910117528782963
7.476147754975603,0.9910139268377678
7.477047844934598,0.9910161000074138
7.477947934893594,0.9910182723876176
7.47884802485259,0.9910204439787621
7.479748114811587,0.99102261478123
7.480648204770581,0.9910247847954036
7.481548294729578,0.9910269540216653
7.482448384688574,0.991029122460397
7.4833484746475705,0.9910312901119804
7.484248564606565,0.9910334569767971
7.485148654565561,0.9910356230552285
7.486048744524556,0.9910377883476554
7.486948834483552,0.9910399528544589
7.487848924442549,0.9910421165760194
7.488749014401543,0.9910442795127173
7.48964910436054,0.9910464416649329
7.490549194319536,0.9910486030330459
7.4914492842785325,0.991050763617436
7.492349374237527,0.9910529234184828
7.4932494641965235,0.9910550824365655
7.49414955415552,0.9910572406720629
7.495049644114516,0.9910593981253538
7.495949734073511,0.9910615547968169
7.496849824032507,0.9910637106868304
7.497749913991504,0.9910658657957723
7.4986500039505,0.9910680201240205
7.499550093909495,0.9910701736719526
7.500450183868491,0.991072326439946
7.501350273827487,0.9910744784283778
7.502250363786482,0.9910766296376251
7.503150453745478,0.9910787800680644
7.504050543704475,0.9910809297200722
7.504950633663469,0.9910830785940248
7.505850723622466,0.9910852266902982
7.506750813581462,0.9910873740092682
7.507650903540457,0.9910895205513103
7.508550993499453,0.9910916663167999
7.509451083458449,0.9910938113061121
7.510351173417446,0.9910959555196217
7.51125126337644,0.9910980989577034
7.512151353335437,0.9911002416207317
7.513051443294433,0.9911023835090806
7.5139515332534295,0.9911045246231244
7.514851623212424,0.9911066649632365
7.51575171317142,0.9911088045297907
7.516651803130417,0.9911109433231601
7.517551893089411,0.9911130813437178
7.518451983048408,0.9911152185918366
7.519352073007404,0.9911173550678893
7.5202521629664005,0.9911194907722483
7.521152252925395,0.9911216257052855
7.5220523428843915,0.9911237598673731
7.522952432843386,0.9911258932588827
7.5238525228023825,0.9911280258801858
7.524752612761379,0.9911301577316538
7.525652702720375,0.9911322888136576
7.52655279267937,0.991134419126568
7.527452882638366,0.9911365486707557
7.528352972597363,0.991138677446591
7.529253062556359,0.9911408054544442
7.5301531525153536,0.991142932694685
7.53105324247435,0.9911450591676834
7.531953332433346,0.9911471848738086
7.532853422392341,0.9911493098134301
7.533753512351337,0.9911514339869166
7.534653602310334,0.9911535573946373
7.53555369226933,0.9911556800369606
7.536453782228325,0.991157801914255
7.537353872187321,0.9911599230268884
7.538253962146317,0.991162043375229
7.539154052105314,0.9911641629596442
7.540054142064308,0.9911662817805018
7.540954232023305,0.991168399838169
7.541854321982299,0.9911705171330126
7.542754411941296,0.9911726336653998
7.543654501900292,0.9911747494356968
7.5445545918592885,0.9911768644442703
7.545454681818283,0.9911789786914863
7.546354771777279,0.9911810921777109
7.547254861736276,0.9911832049033096
7.54815495169527,0.991185316868648
7.549055041654267,0.9911874280740914
7.549955131613263,0.9911895385200048
7.5508552215722595,0.9911916482067531
7.551755311531254,0.9911937571347009
7.5526554014902505,0.9911958653042127
7.553555491449247,0.9911979727156525
7.5544555814082415,0.9912000793693844
7.55535567136724,0.991202185265772
7.556255761326234,0.991204290405179
7.557155851285231,0.9912063947879686
7.558055941244225,0.9912084984145039
7.558956031203222,0.9912106012851478
7.559856121162218,0.9912127034002629
7.5607562111212125,0.9912148047602118
7.561656301080209,0.9912169053653566
7.562556391039205,0.9912190052160591
7.563456480998202,0.9912211043126814
7.564356570957196,0.9912232026555851
7.565256660916193,0.9912253002451312
7.566156750875187,0.9912273970816811
7.567056840834185,0.9912294931655956
7.56795693079318,0.9912315884972355
7.568857020752176,0.9912336830769612
7.569757110711171,0.9912357769051331
7.570657200670169,0.991237869982111
7.571557290629164,0.991239962308255
7.57245738058816,0.9912420538839245
7.573357470547155,0.9912441447094791
7.574257560506151,0.9912462347852778
7.575157650465147,0.9912483241116797
7.576057740424144,0.9912504126890436
7.576957830383138,0.9912525005177278
7.577857920342135,0.9912545875980909
7.578758010301131,0.9912566739304909
7.579658100260126,0.9912587595152856
7.580558190219122,0.9912608443528329
7.581458280178117,0.9912629284434902
7.582358370137115,0.9912650117876146
7.5832584600961095,0.9912670943855633
7.584158550055106,0.9912691762376932
7.5850586400141005,0.9912712573443606
7.585958729973099,0.9912733377059222
7.586858819932093,0.991275417322734
7.58775890989109,0.9912774961951522
7.588658999850084,0.9912795743235323
7.589559089809082,0.99128165170823
7.590459179768077,0.9912837283496007
7.591359269727073,0.9912858042479993
7.592259359686068,0.9912878794037809
7.593159449645064,0.9912899538173001
7.594059539604061,0.9912920274889115
7.594959629563057,0.9912941004189693
7.595859719522052,0.9912961726078275
7.596759809481048,0.9912982440558401
7.597659899440044,0.9913003147633607
7.598559989399039,0.9913023847307425
7.599460079358035,0.991304453958339
7.60036016931703,0.9913065224465031
7.601260259276028,0.9913085901955876
7.602160349235023,0.9913106572059451
7.603060439194019,0.9913127234779281
7.603960529153014,0.9913147890118885
7.604860619112012,0.9913168538081784
7.605760709071006,0.9913189178671495
7.606660799030003,0.9913209811891535
7.607560888988997,0.9913230437745414
7.608460978947996,0.9913251056236646
7.60936106890699,0.9913271667368739
7.6102611588659865,0.99132922711452
7.611161248824981,0.9913312867569535
7.6120613387839775,0.9913333456645245
7.612961428742974,0.991335403837583
7.6138615187019685,0.9913374612764791
7.614761608660965,0.9913395179815624
7.615661698619961,0.9913415739531822
7.616561788578958,0.991343629191688
7.617461878537952,0.9913456836974284
7.618361968496949,0.9913477374707526
7.619262058455943,0.9913497905120091
7.620162148414941,0.9913518428215462
7.621062238373936,0.9913538943997123
7.621962328332932,0.9913559452468552
7.622862418291927,0.9913579953633228
7.623762508250925,0.9913600447494625
7.62466259820992,0.9913620934056219
7.625562688168916,0.991364141332148
7.626462778127911,0.9913661885293878
7.627362868086907,0.9913682349976881
7.628262958045903,0.9913702807373953
7.6291630480049,0.9913723257488559
7.630063137963894,0.9913743700324159
7.630963227922891,0.9913764135884213
7.631863317881887,0.9913784564172178
7.632763407840882,0.9913804985191509
7.633663497799878,0.9913825398945659
7.634563587758873,0.9913845805438078
7.635463677717871,0.9913866204672217
7.636363767676865,0.9913886596651522
7.637263857635862,0.9913906981379438
7.638163947594856,0.9913927358859407
7.6390640375538545,0.9913947729094871
7.639964127512849,0.9913968092089266
7.6408642174718455,0.9913988447846033
7.64176430743084,0.9914008796368603
7.6426643973898365,0.9914029137660411
7.643564487348833,0.9914049471724885
7.644464577307829,0.9914069798565456
7.645364667266824,0.9914090118185548
7.64626475722582,0.9914110430588589
7.647164847184817,0.9914130735777997
7.648064937143813,0.9914151033757196
7.648965027102808,0.9914171324529603
7.649865117061804,0.9914191608098634
7.6507652070208,0.9914211884467703
7.651665296979795,0.9914232153640222
7.652565386938791,0.9914252415619604
7.653465476897786,0.9914272670409255
7.654365566856784,0.991429291801258
7.655265656815779,0.9914313158432987
7.656165746774775,0.9914333391673874
7.65706583673377,0.9914353617738644
7.657965926692768,0.9914373836630693
7.658866016651762,0.9914394048353419
7.659766106610759,0.9914414252910215
7.660666196569753,0.9914434450304473
7.66156628652875,0.9914454640539584
7.662466376487746,0.9914474823618936
7.6633664664467425,0.9914494999545913
7.664266556405737,0.9914515168323902
7.665166646364733,0.9914535329956283
7.66606673632373,0.9914555484446437
7.666966826282726,0.9914575631797742
7.667866916241721,0.9914595772013572
7.668767006200717,0.9914615905097306
7.6696670961597135,0.9914636031052311
7.670567186118708,0.9914656149881959
7.6714672760777045,0.9914676261589618
7.672367366036699,0.9914696366178655
7.673267455995697,0.9914716463652432
7.674167545954692,0.9914736554014313
7.675067635913688,0.9914756637267657
7.675967725872683,0.9914776713415822
7.676867815831679,0.9914796782462165
7.677767905790676,0.9914816844410039
7.678667995749672,0.9914836899262799
7.679568085708667,0.9914856947023791
7.680468175667663,0.9914876987696366
7.681368265626659,0.991489702128387
7.682268355585656,0.9914917047789646
7.68316844554465,0.9914937067217038
7.684068535503647,0.9914957079569384
7.684968625462643,0.9914977084850024
7.685868715421638,0.9914997083062295
7.686768805380634,0.9915017074209529
7.68766889533963,0.991503705829506
7.688568985298627,0.9915057035322219
7.689469075257621,0.9915077005294333
7.690369165216618,0.9915096968214728
7.691269255175612,0.9915116924086731
7.692169345134609,0.9915136872913664
7.693069435093605,0.9915156814698846
7.6939695250526015,0.9915176749445596
7.694869615011596,0.9915196677157232
7.695769704970592,0.9915216597837068
7.696669794929589,0.9915236511488417
7.697569884888585,0.991525641811459
7.69846997484758,0.9915276317718894
7.699370064806576,0.9915296210304638
7.7002701547655725,0.9915316095875127
7.701170244724569,0.9915335974433664
7.7020703346835635,0.9915355845983549
7.70297042464256,0.9915375710528083
7.703870514601556,0.991539556807056
7.704770604560551,0.9915415418614277
7.705670694519547,0.991543526216253
7.706570784478542,0.9915455098718606
7.707470874437538,0.9915474928285797
7.708370964396535,0.9915494750867391
7.709271054355531,0.9915514566466671
7.7101711443145255,0.9915534375086922
7.711071234273522,0.9915554176731427
7.711971324232518,0.9915573971403464
7.712871414191515,0.9915593759106311
7.713771504150509,0.9915613539843245
7.714671594109506,0.9915633313617539
7.715571684068502,0.9915653080432466
7.716471774027498,0.9915672840291295
7.717371863986493,0.9915692593197294
7.718271953945489,0.9915712339153732
7.719172043904486,0.9915732078163869
7.720072133863482,0.9915751810230972
7.720972223822477,0.9915771535358298
7.721872313781473,0.9915791253549108
7.722772403740468,0.9915810964806657
7.723672493699464,0.99158306691342
7.7245725836584604,0.9915850366534992
7.725472673617455,0.991587005701228
7.726372763576451,0.9915889740569318
7.727272853535448,0.991590941720935
7.728172943494444,0.991592908693562
7.729073033453439,0.9915948749751374
7.729973123412435,0.9915968405659853
7.7308732133714315,0.9915988054664296
7.731773303330428,0.9916007696767941
7.7326733932894225,0.9916027331974022
7.733573483248419,0.9916046960285776
7.734473573207415,0.9916066581706432
7.735373663166412,0.9916086196239222
7.736273753125406,0.9916105803887373
7.737173843084403,0.9916125404654111
7.738073933043397,0.9916144998542662
7.738974023002395,0.9916164585556246
7.73987411296139,0.9916184165698086
7.740774202920386,0.9916203738971399
7.741674292879381,0.9916223305379404
7.742574382838377,0.9916242864925312
7.743474472797374,0.991626241761234
7.744374562756368,0.9916281963443696
7.745274652715365,0.9916301502422592
7.746174742674361,0.9916321034552233
7.747074832633357,0.9916340559835828
7.747974922592352,0.9916360078276576
7.748875012551348,0.9916379589877682
7.749775102510345,0.9916399094642344
7.750675192469341,0.9916418592573762
7.751575282428336,0.991643808367513
7.752475372387332,0.9916457567949644
7.7533754623463285,0.9916477045400495
7.754275552305325,0.9916496516030875
7.755175642264319,0.9916515979843971
7.756075732223316,0.9916535436842969
7.75697582218231,0.9916554887031058
7.757875912141307,0.9916574330411417
7.758776002100303,0.9916593766987231
7.7596760920592995,0.9916613196761674
7.760576182018294,0.9916632619737928
7.7614762719772905,0.9916652035919168
7.762376361936287,0.9916671445308566
7.7632764518952815,0.9916690847909294
7.764176541854278,0.9916710243724524
7.765076631813274,0.9916729632757423
7.765976721772271,0.9916749015011156
7.766876811731265,0.991676839048889
7.767776901690262,0.9916787759193787
7.768676991649258,0.9916807121129007
7.769577081608254,0.9916826476297709
7.770477171567249,0.9916845824703049
7.771377261526245,0.9916865166348185
7.77227735148524,0.9916884501236269
7.773177441444238,0.9916903829370454
7.774077531403233,0.9916923150753886
7.774977621362229,0.9916942465389715
7.775877711321224,0.991696177328109
7.77677780128022,0.991698107443115
7.777677891239216,0.9917000368843041
7.778577981198211,0.9917019656519902
7.779478071157207,0.9917038937464874
7.780378161116204,0.991705821168109
7.7812782510752,0.9917077479171688
7.782178341034195,0.99170967399398
7.783078430993191,0.9917115993988558
7.7839785209521875,0.9917135241321091
7.784878610911184,0.9917154481940529
7.785778700870178,0.9917173715849994
7.786678790829175,0.9917192943052613
7.787578880788169,0.9917212163551508
7.7884789707471676,0.9917231377349798
7.789379060706162,0.9917250584450603
7.7902791506651585,0.9917269784857039
7.791179240624153,0.9917288978572222
7.792079330583151,0.9917308165599266
7.792979420542146,0.9917327345941279
7.793879510501142,0.9917346519601373
7.794779600460137,0.9917365686582656
7.795679690419133,0.9917384846888234
7.79657978037813,0.9917404000521209
7.797479870337124,0.9917423147484687
7.798379960296121,0.9917442287781766
7.799280050255117,0.9917461421415544
7.800180140214113,0.991748054838912
7.801080230173108,0.9917499668705587
7.801980320132104,0.9917518782368041
7.802880410091099,0.9917537889379573
7.803780500050097,0.991755698974327
7.804680590009092,0.9917576083462223
7.805580679968088,0.9917595170539517
7.806480769927083,0.9917614250978236
7.807380859886081,0.9917633324781463
7.808280949845075,0.9917652391952279
7.809181039804072,0.9917671452493761
7.810081129763066,0.991769050640899
7.8109812197220645,0.9917709553701038
7.811881309681059,0.9917728594372981
7.8127813996400555,0.9917747628427889
7.81368148959905,0.9917766655868833
7.814581579558046,0.991778567669888
7.815481669517043,0.9917804690921099
7.816381759476037,0.9917823698538553
7.817281849435034,0.9917842699554305
7.818181939394028,0.9917861693971415
7.8190820293530265,0.9917880681792944
7.819982119312021,0.9917899663021951
7.8208822092710175,0.9917918637661488
7.821782299230012,0.9917937605714612
7.82268238918901,0.9917956567184375
7.823582479148005,0.9917975522073826
7.824482569107001,0.9917994470386015
7.825382659065996,0.9918013412123988
7.826282749024994,0.9918032347290792
7.827182838983989,0.9918051275889468
7.828082928942985,0.9918070197923059
7.82898301890198,0.9918089113394606
7.829883108860976,0.9918108022307145
7.830783198819972,0.9918126924663713
7.831683288778969,0.9918145820467346
7.832583378737963,0.9918164709721075
7.83348346869696,0.9918183592427932
7.834383558655956,0.9918202468590946
7.835283648614951,0.9918221338213145
7.836183738573947,0.9918240201297556
7.837083828532942,0.99182590578472
7.83798391849194,0.9918277907865103
7.838884008450934,0.9918296751354282
7.839784098409931,0.9918315588317759
7.840684188368925,0.9918334418758549
7.8415842783279235,0.9918353242679667
7.842484368286918,0.991837206008413
7.8433844582459145,0.9918390870974946
7.844284548204909,0.9918409675355127
7.845184638163907,0.9918428473227682
7.846084728122902,0.9918447264595615
7.846984818081898,0.9918466049461934
7.847884908040893,0.9918484827829639
7.848784997999889,0.9918503599701736
7.8496850879588855,0.9918522365081219
7.85058517791788,0.991854112397109
7.8514852678768765,0.9918559876374344
7.852385357835873,0.9918578622293976
7.853285447794869,0.9918597361732978
7.854185537753864,0.9918616094694341
7.85508562771286,0.9918634821181056
7.855985717671855,0.9918653541196109
7.856885807630853,0.9918672254742484
7.857785897589848,0.991869096182317
7.858685987548844,0.9918709662441145
7.8595860775078386,0.9918728356599392
7.860486167466837,0.991874704430089
7.861386257425831,0.9918765725548614
7.862286347384828,0.9918784400345542
7.863186437343822,0.9918803068694646
7.86408652730282,0.9918821730598901
7.864986617261815,0.9918840386061274
7.865886707220811,0.9918859035084735
7.866786797179806,0.9918877677672252
7.867686887138802,0.9918896313826788
7.868586977097799,0.9918914943551309
7.869487067056793,0.9918933566848775
7.87038715701579,0.9918952183722146
7.871287246974786,0.9918970794174382
7.8721873369337825,0.991898939820844
7.873087426892777,0.9919007995827273
7.8739875168517734,0.9919026587033835
7.874887606810768,0.9919045171831077
7.875787696769766,0.991906375022195
7.876687786728761,0.9919082322209403
7.877587876687757,0.991910088779638
7.878487966646752,0.9919119446985829
7.87938805660575,0.991913799978069
7.8802881465647445,0.9919156546183906
7.881188236523741,0.9919175086198416
7.8820883264827355,0.9919193619827159
7.882988416441732,0.9919212147073071
7.883888506400728,0.9919230667939086
7.884788596359725,0.9919249182428138
7.885688686318719,0.9919267690543156
7.886588776277716,0.9919286192287073
7.887488866236712,0.9919304687662815
7.888388956195707,0.9919323176673308
7.889289046154703,0.9919341659321477
7.8901891361136975,0.9919360135610245
7.891089226072696,0.9919378605542533
7.89198931603169,0.991939706912126
7.892889405990687,0.9919415526349344
7.893789495949681,0.9919433977229701
7.894689585908679,0.9919452421765248
7.895589675867674,0.9919470859958893
7.89648976582667,0.9919489291813551
7.897389855785665,0.9919507717332131
7.898289945744661,0.9919526136517539
7.899190035703658,0.9919544549372682
7.900090125662654,0.9919562955900465
7.900990215621649,0.9919581356103789
7.901890305580645,0.9919599749985558
7.9027903955396415,0.9919618137548669
7.903690485498638,0.991963651879602
7.904590575457632,0.9919654893730508
7.905490665416629,0.9919673262355028
7.906390755375625,0.9919691624672471
7.90729084533462,0.9919709980685728
7.908190935293616,0.991972833039769
7.909091025252611,0.9919746673811245
7.909991115211609,0.9919765010929278
7.9108912051706035,0.9919783341754673
7.9117912951296,0.9919801666290314
7.9126913850885945,0.9919819984539083
7.913591475047591,0.9919838296503858
7.914491565006587,0.9919856602187517
7.915391654965584,0.9919874901592937
7.916291744924578,0.9919893194722991
7.917191834883575,0.9919911481580553
7.918091924842571,0.9919929762168495
7.918992014801567,0.9919948036489686
7.919892104760562,0.9919966304546993
7.920792194719558,0.9919984566343285
7.921692284678555,0.9920002821881424
7.922592374637549,0.9920021071164274
7.923492464596546,0.9920039314194697
7.924392554555542,0.9920057550975552
7.925292644514538,0.9920075781509697
7.926192734473533,0.992009400579999
7.927092824432529,0.9920112223849284
7.927992914391524,0.9920130435660434
7.92889300435052,0.992014864123629
7.929793094309517,0.9920166840579703
7.930693184268513,0.9920185033693522
7.931593274227508,0.9920203220580592
7.932493364186504,0.992022140124376
7.9333934541455005,0.9920239575685866
7.934293544104497,0.9920257743909756
7.935193634063491,0.9920275905918269
7.936093724022488,0.9920294061714242
7.936993813981484,0.9920312211300514
7.9378939039404806,0.9920330354679919
7.938793993899475,0.9920348491855291
7.9396940838584715,0.9920366622829463
7.940594173817468,0.9920384747605264
7.9414942637764625,0.9920402866185525
7.942394353735459,0.992042097857307
7.943294443694455,0.9920439084770728
7.944194533653452,0.9920457184781322
7.945094623612446,0.9920475278607673
7.945994713571443,0.9920493366252603
7.946894803530437,0.9920511447718932
7.947794893489434,0.9920529523009476
7.94869498344843,0.9920547592127051
7.949595073407426,0.9920565655074474
7.950495163366421,0.9920583711854554
7.951395253325417,0.9920601762470105
7.952295343284414,0.9920619806923936
7.95319543324341,0.9920637845218853
7.954095523202405,0.9920655877357665
7.954995613161401,0.9920673903343176
7.955895703120397,0.9920691923178188
7.956795793079394,0.9920709936865504
7.957695883038388,0.9920727944407922
7.958595972997385,0.9920745945808243
7.959496062956381,0.9920763941069262
7.960396152915376,0.9920781930193775
7.961296242874372,0.9920799913184576
7.962196332833367,0.9920817890044454
7.963096422792363,0.9920835860776204
7.9639965127513594,0.9920853825382612
7.964896602710356,0.9920871783866465
7.96579669266935,0.9920889736230549
7.966696782628347,0.992090768247765
7.967596872587343,0.9920925622610548
7.9684969625463395,0.9920943556632025
7.969397052505334,0.9920961484544859
7.9702971424643305,0.992097940635183
7.971197232423327,0.9920997322055712
7.972097322382323,0.9921015231659281
7.972997412341318,0.992103313516531
7.973897502300314,0.9921051032576569
7.974797592259311,0.9921068923895829
7.975697682218307,0.9921086809125859
7.976597772177302,0.9921104688269423
7.977497862136298,0.9921122561329289
7.978397952095293,0.9921140428308218
7.979298042054289,0.9921158289208974
7.980198132013285,0.9921176144034317
7.98109822197228,0.9921193992787005
7.981998311931276,0.9921211835469795
7.982898401890273,0.9921229672085445
7.983798491849269,0.9921247502636706
7.984698581808264,0.9921265327126333
7.98559867176726,0.9921283145557076
7.986498761726256,0.9921300957931685
7.987398851685253,0.9921318764252907
7.988298941644247,0.9921336564523487
7.989199031603244,0.9921354358746173
7.99009912156224,0.9921372146923706
7.9909992115212365,0.9921389929058829
7.991899301480231,0.992140770515428
7.9927993914392275,0.9921425475212801
7.993699481398222,0.9921443239237124
7.994599571357218,0.9921460997229989
7.995499661316215,0.9921478749194128
7.996399751275211,0.9921496495132274
7.997299841234206,0.9921514235047156
7.998199931193202,0.9921531968941505
7.9991000211521985,0.9921549696818047
8.000000111111193,0.992156741867951
8.00090020107019,0.9921585134528619
8.001800291029186,0.9921602844368094
8.002700380988182,0.9921620548200659
8.003600470947177,0.9921638246029032
8.004500560906173,0.9921655937855934
8.00540065086517,0.992167362368408
8.006300740824166,0.9921691303516186
8.00720083078316,0.9921708977354965
8.008100920742157,0.992172664520313
8.009001010701152,0.9921744307063391
8.00990110066015,0.9921761962938459
8.010801190619144,0.992177961283104
8.01170128057814,0.9921797256743841
8.012601370537135,0.9921814894679564
8.013501460496132,0.9921832526640916
8.014401550455128,0.9921850152630596
8.015301640414124,0.9921867772651304
8.016201730373119,0.9921885386705739
8.017101820332115,0.9921902994796599
8.018001910291112,0.9921920596926578
8.018902000250106,0.992193819309837
8.019802090209103,0.9921955783314667
8.020702180168099,0.9921973367578161
8.021602270127095,0.9921990945891541
8.02250236008609,0.9922008518257495
8.023402450045086,0.9922026084678708
8.024302540004081,0.9922043645157865
8.02520262996308,0.992206119969765
8.026102719922074,0.9922078748300746
8.02700280988107,0.9922096290969831
8.027902899840065,0.9922113827707584
8.028802989799063,0.9922131358516683
8.029703079758058,0.9922148883399803
8.030603169717054,0.9922166402359619
8.031503259676049,0.9922183915398802
8.032403349635045,0.9922201422520025
8.033303439594041,0.9922218923725957
8.034203529553036,0.9922236419019266
8.035103619512032,0.9922253908402618
8.036003709471029,0.9922271391878679
8.036903799430025,0.9922288869450112
8.03780388938902,0.992230634111958
8.038703979348016,0.9922323806889742
8.039604069307012,0.9922341266763259
8.040504159266009,0.9922358720742788
8.041404249225003,0.9922376168830983
8.042304339184,0.9922393611030502
8.043204429142994,0.9922411047343995
8.044104519101992,0.9922428477774117
8.045004609060987,0.9922445902323515
8.045904699019983,0.9922463320994839
8.046804788978978,0.9922480733790736
8.047704878937976,0.9922498140713851
8.04860496889697,0.992251554176683
8.049505058855967,0.9922532936952314
8.050405148814962,0.9922550326272944
8.051305238773958,0.992256770973136
8.052205328732954,0.9922585087330201
8.053105418691949,0.9922602459072103
8.054005508650945,0.9922619824959701
8.054905598609942,0.992263718499563
8.055805688568938,0.992265453918252
8.056705778527933,0.9922671887523004
8.05760586848693,0.992268923001971
8.058505958445924,0.9922706566675266
8.059406048404922,0.9922723897492299
8.060306138363917,0.9922741222473432
8.061206228322913,0.9922758541621292
8.062106318281907,0.9922775854938497
8.063006408240906,0.992279316242767
8.0639064981999,0.9922810464091428
8.064806588158897,0.992282775993239
8.065706678117891,0.9922845049953172
8.066606768076888,0.9922862334156387
8.067506858035884,0.992287961254465
8.06840694799488,0.992289688512057
8.069307037953875,0.992291415188676
8.070207127912871,0.9922931412845828
8.071107217871868,0.992294866800038
8.072007307830862,0.9922965917353023
8.072907397789859,0.9922983160906359
8.073807487748853,0.9923000398662994
8.074707577707851,0.9923017630625528
8.075607667666846,0.992303485679656
8.076507757625842,0.9923052077178689
8.077407847584837,0.9923069291774512
8.078307937543835,0.9923086500586625
8.07920802750283,0.9923103703617622
8.080108117461826,0.9923120900870094
8.08100820742082,0.9923138092346634
8.081908297379819,0.9923155278049831
8.082808387338813,0.9923172457982273
8.08370847729781,0.9923189632146548
8.084608567256804,0.992320680054524
8.0855086572158,0.9923223963180933
8.086408747174797,0.992324112005621
8.087308837133794,0.9923258271173651
8.088208927092788,0.9923275416535836
8.089109017051785,0.9923292556145343
8.090009107010781,0.992330969000475
8.090909196969776,0.992332681811663
8.091809286928772,0.9923343940483558
8.092709376887766,0.9923361057108107
8.093609466846765,0.9923378167992846
8.09450955680576,0.9923395273140346
8.095409646764756,0.9923412372553174
8.09630973672375,0.9923429466233897
8.097209826682748,0.992344655418508
8.098109916641743,0.9923463636409288
8.09901000660074,0.992348071290908
8.099910096559734,0.992349778368702
8.100810186518732,0.9923514848745666
8.101710276477727,0.9923531908087575
8.102610366436723,0.9923548961715306
8.103510456395718,0.9923566009631412
8.104410546354714,0.9923583051838447
8.10531063631371,0.9923600088338964
8.106210726272705,0.9923617119135514
8.107110816231701,0.9923634144230644
8.108010906190698,0.9923651163626905
8.108910996149694,0.9923668177326841
8.109811086108689,0.9923685185332999
8.110711176067685,0.9923702187647921
8.11161126602668,0.9923719184274151
8.112511355985678,0.9923736175214228
8.113411445944672,0.9923753160470694
8.114311535903669,0.9923770140046084
8.115211625862663,0.9923787113942937
8.116111715821662,0.9923804082163785
8.117011805780656,0.9923821044711165
8.117911895739653,0.9923838001587608
8.118811985698647,0.9923854952795644
8.119712075657644,0.9923871898337805
8.12061216561664,0.9923888838216617
8.121512255575636,0.9923905772434606
8.12241234553463,0.9923922700994299
8.123312435493627,0.992393962389822
8.124212525452624,0.9923956541148891
8.125112615411618,0.9923973452748831
8.126012705370615,0.9923990358700562
8.12691279532961,0.9924007259006601
8.127812885288607,0.9924024153669466
8.128712975247602,0.9924041042691671
8.129613065206598,0.9924057926075732
8.130513155165593,0.992407480382416
8.131413245124591,0.9924091675939466
8.132313335083586,0.992410854242416
8.133213425042582,0.9924125403280751
8.134113515001577,0.9924142258511746
8.135013604960575,0.992415910811965
8.13591369491957,0.9924175952106967
8.136813784878566,0.9924192790476201
8.13771387483756,0.9924209623229853
8.138613964796557,0.9924226450370421
8.139514054755553,0.9924243271900407
8.14041414471455,0.9924260087822306
8.141314234673544,0.9924276898138614
8.14221432463254,0.9924293702851826
8.143114414591537,0.9924310501964436
8.144014504550531,0.9924327295478933
8.144914594509528,0.992434408339781
8.145814684468522,0.9924360865723554
8.14671477442752,0.9924377642458654
8.147614864386515,0.9924394413605595
8.148514954345512,0.9924411179166862
8.149415044304506,0.9924427939144939
8.150315134263504,0.9924444693542307
8.151215224222499,0.9924461442361447
8.152115314181495,0.9924478185604838
8.15301540414049,0.9924494923274959
8.153915494099486,0.9924511655374285
8.154815584058483,0.9924528381905292
8.155715674017479,0.9924545102870455
8.156615763976474,0.9924561818272242
8.15751585393547,0.9924578528113128
8.158415943894466,0.9924595232395581
8.159316033853463,0.9924611931122069
8.160216123812457,0.9924628624295061
8.161116213771454,0.992464531191702
8.16201630373045,0.992466199399041
8.162916393689445,0.9924678670517696
8.163816483648441,0.9924695341501337
8.164716573607436,0.9924712006943794
8.165616663566434,0.9924728666847527
8.166516753525428,0.992474532121499
8.167416843484425,0.9924761970048642
8.16831693344342,0.9924778613350936
8.169217023402416,0.9924795251124326
8.170117113361412,0.9924811883371263
8.171017203320408,0.9924828510094198
8.171917293279403,0.992484513129558
8.1728173832384,0.9924861746977856
8.173717473197396,0.9924878357143473
8.174617563156392,0.9924894961794877
8.175517653115387,0.992491156093451
8.176417743074383,0.9924928154564815
8.17731783303338,0.9924944742688233
8.178217922992374,0.9924961325307203
8.17911801295137,0.9924977902424165
8.180018102910367,0.9924994474041554
8.180918192869363,0.9925011040161806
8.181818282828358,0.9925027600787356
8.182718372787354,0.9925044155920636
8.183618462746349,0.9925060705564077
8.184518552705345,0.9925077249720111
8.185418642664342,0.9925093788391166
8.186318732623338,0.9925110321579669
8.187218822582333,0.9925126849288045
8.188118912541329,0.9925143371518722
8.189019002500325,0.9925159888274121
8.189919092459322,0.9925176399556664
8.190819182418316,0.9925192905368773
8.191719272377313,0.9925209405712866
8.192619362336309,0.9925225900591362
8.193519452295305,0.9925242390006678
8.1944195422543,0.9925258873961228
8.195319632213296,0.9925275352457428
8.196219722172293,0.992529182549769
8.197119812131287,0.9925308293084424
8.198019902090284,0.9925324755220042
8.198919992049278,0.9925341211906952
8.199820082008275,0.992535766314756
8.200720171967271,0.9925374108944274
8.201620261926267,0.9925390549299498
8.202520351885262,0.9925406984215637
8.203420441844258,0.9925423413695089
8.204320531803255,0.9925439837740259
8.205220621762251,0.9925456256353544
8.206120711721246,0.9925472669537342
8.207020801680242,0.9925489077294052
8.207920891639239,0.9925505479626068
8.208820981598235,0.9925521876535782
8.20972107155723,0.9925538268025591
8.210621161516226,0.9925554654097883
8.211521251475222,0.9925571034755051
8.212421341434219,0.9925587409999481
8.213321431393213,0.9925603779833562
8.21422152135221,0.992562014425968
8.215121611311204,0.9925636503280221
8.2160217012702,0.9925652856897567
8.216921791229197,0.9925669205114099
8.217821881188192,0.9925685547932201
8.218721971147188,0.9925701885354252
8.219622061106184,0.9925718217382629
8.22052215106518,0.9925734544019709
8.221422241024175,0.9925750865267868
8.222322330983172,0.9925767181129481
8.223222420942168,0.9925783491606921
8.224122510901164,0.9925799796702559
8.225022600860159,0.9925816096418767
8.225922690819155,0.9925832390757912
8.226822780778152,0.9925848679722363
8.227722870737148,0.9925864963314487
8.228622960696143,0.9925881241536647
8.22952305065514,0.992589751439121
8.230423140614135,0.9925913781880537
8.231323230573132,0.9925930044006989
8.232223320532126,0.9925946300772927
8.233123410491123,0.9925962552180708
8.234023500450117,0.9925978798232692
8.234923590409114,0.9925995038931232
8.23582368036811,0.9926011274278687
8.236723770327105,0.9926027504277407
8.237623860286101,0.9926043728929745
8.238523950245098,0.9926059948238053
8.239424040204094,0.9926076162204679
8.240324130163089,0.9926092370831973
8.241224220122085,0.9926108574122281
8.242124310081081,0.9926124772077949
8.243024400040078,0.9926140964701322
8.243924489999072,0.9926157151994742
8.244824579958069,0.9926173333960552
8.245724669917065,0.9926189510601093
8.246624759876061,0.9926205681918703
8.247524849835056,0.992622184791572
8.248424939794052,0.9926238008594482
8.249325029753047,0.9926254163957324
8.250225119712043,0.992627031400658
8.25112520967104,0.9926286458744583
8.252025299630036,0.9926302598173665
8.25292538958903,0.9926318732296155
8.253825479548027,0.9926334861114384
8.254725569507023,0.9926350984630679
8.255625659466018,0.9926367102847365
8.256525749425014,0.9926383215766769
8.25742583938401,0.9926399323391214
8.258325929343007,0.9926415425723024
8.259226019302002,0.9926431522764518
8.260126109260998,0.992644761451802
8.261026199219994,0.9926463700985845
8.26192628917899,0.9926479782170312
8.262826379137985,0.9926495858073738
8.263726469096982,0.9926511928698437
8.264626559055976,0.9926527994046723
8.265526649014975,0.9926544054120909
8.26642673897397,0.9926560108923306
8.267326828932966,0.9926576158456224
8.26822691889196,0.9926592202721971
8.269127008850957,0.9926608241722856
8.270027098809953,0.9926624275461183
8.270927188768948,0.9926640303939258
8.271827278727944,0.9926656327159386
8.27272736868694,0.9926672345123867
8.273627458645937,0.9926688357835003
8.274527548604931,0.9926704365295095
8.275427638563928,0.992672036750644
8.276327728522924,0.9926736364471336
8.27722781848192,0.9926752356192079
8.278127908440915,0.9926768342670964
8.279027998399911,0.9926784323910284
8.279928088358906,0.9926800299912332
8.280828178317904,0.9926816270679398
8.281728268276899,0.9926832236213774
8.282628358235895,0.9926848196517746
8.28352844819489,0.9926864151593603
8.284428538153888,0.992688010144363
8.285328628112882,0.9926896046070112
8.286228718071879,0.9926911985475333
8.287128808030873,0.9926927919661575
8.28802889798987,0.9926943848631119
8.288928987948866,0.9926959772386245
8.28982907790786,0.9926975690929231
8.290729167866857,0.9926991604262355
8.291629257825853,0.9927007512387892
8.29252934778485,0.9927023415308118
8.293429437743844,0.9927039313025307
8.29432952770284,0.9927055205541729
8.295229617661835,0.9927071092859657
8.296129707620834,0.9927086974981361
8.297029797579828,0.9927102851909108
8.297929887538825,0.9927118723645167
8.29882997749782,0.9927134590191803
8.299730067456817,0.9927150451551281
8.300630157415812,0.9927166307725867
8.301530247374808,0.9927182158717819
8.302430337333803,0.9927198004529401
8.303330427292801,0.9927213845162872
8.304230517251796,0.9927229680620493
8.305130607210792,0.9927245510904518
8.306030697169787,0.9927261336017205
8.306930787128783,0.992727715596081
8.30783087708778,0.9927292970737585
8.308730967046774,0.9927308780349782
8.30963105700577,0.9927324584799655
8.310531146964765,0.9927340384089451
8.311431236923763,0.9927356178221423
8.312331326882758,0.9927371967197814
8.313231416841754,0.9927387751020873
8.314131506800749,0.9927403529692845
8.315031596759747,0.9927419303215974
8.315931686718741,0.9927435071592503
8.316831776677738,0.9927450834824673
8.317731866636732,0.9927466592914722
8.31863195659573,0.9927482345864893
8.319532046554725,0.9927498093677422
8.320432136513721,0.9927513836354546
8.321332226472716,0.9927529573898499
8.322232316431712,0.9927545306311517
8.323132406390709,0.9927561033595832
8.324032496349705,0.9927576755753678
8.3249325863087,0.9927592472787281
8.325832676267696,0.9927608184698875
8.326732766226693,0.9927623891490686
8.327632856185687,0.9927639593164941
8.328532946144684,0.9927655289723865
8.329433036103678,0.9927670981169683
8.330333126062676,0.9927686667504619
8.33123321602167,0.9927702348730896
8.332133305980667,0.9927718024850731
8.333033395939662,0.9927733695866348
8.33393348589866,0.9927749361779963
8.334833575857655,0.9927765022593793
8.335733665816651,0.9927780678310056
8.336633755775646,0.9927796328930965
8.337533845734644,0.9927811974458733
8.338433935693638,0.9927827614895576
8.339334025652635,0.9927843250243702
8.34023411561163,0.9927858880505321
8.341134205570626,0.9927874505682643
8.342034295529622,0.9927890125777876
8.342934385488617,0.9927905740793226
8.343834475447613,0.9927921350730896
8.34473456540661,0.9927936955593094
8.345634655365606,0.992795255538202
8.3465347453246,0.9927968150099876
8.347434835283597,0.9927983739748864
8.348334925242591,0.9927999324331179
8.34923501520159,0.9928014903849025
8.350135105160584,0.9928030478304595
8.35103519511958,0.9928046047700085
8.351935285078575,0.9928061612037691
8.352835375037573,0.9928077171319604
8.353735464996568,0.9928092725548019
8.354635554955564,0.9928108274725124
8.355535644914559,0.992812381885311
8.356435734873557,0.9928139357934166
8.357335824832552,0.9928154891970478
8.358235914791548,0.9928170420964233
8.359136004750543,0.9928185944917616
8.360036094709539,0.9928201463832811
8.360936184668535,0.9928216977711999
8.36183627462753,0.9928232486557363
8.362736364586526,0.9928247990371084
8.363636454545523,0.9928263489155339
8.364536544504519,0.9928278982912306
8.365436634463514,0.9928294471644165
8.36633672442251,0.9928309955353086
8.367236814381505,0.9928325434041247
8.368136904340503,0.9928340907710821
8.369036994299497,0.9928356376363978
8.369937084258494,0.9928371840002891
8.370837174217488,0.9928387298629728
8.371737264176486,0.9928402752246659
8.372637354135481,0.992841820085585
8.373537444094477,0.9928433644459468
8.374437534053472,0.9928449083059676
8.375337624012468,0.992846451665864
8.376237713971465,0.9928479945258522
8.377137803930461,0.9928495368861482
8.378037893889456,0.9928510787469682
8.378937983848452,0.992852620108528
8.379838073807448,0.9928541609710435
8.380738163766443,0.9928557013347302
8.38163825372544,0.9928572411998039
8.382538343684434,0.9928587805664798
8.383438433643432,0.9928603194349733
8.384338523602427,0.9928618578054996
8.385238613561423,0.9928633956782739
8.386138703520418,0.9928649330535111
8.387038793479416,0.992866469931426
8.38793888343841,0.9928680063122334
8.388838973397407,0.9928695421961479
8.389739063356402,0.992871077583384
8.390639153315398,0.9928726124741561
8.391539243274394,0.9928741468686786
8.39243933323339,0.9928756807671656
8.393339423192385,0.992877214169831
8.394239513151382,0.9928787470768888
8.395139603110378,0.992880279488553
8.396039693069374,0.9928818114050371
8.396939783028369,0.9928833428265547
8.397839872987365,0.9928848737533192
8.398739962946362,0.9928864041855442
8.399640052905356,0.9928879341234428
8.400540142864353,0.9928894635672281
8.401440232823347,0.9928909925171131
8.402340322782345,0.9928925209733108
8.40324041274134,0.992894048936034
8.404140502700336,0.9928955764054951
8.405040592659331,0.9928971033819068
8.405940682618327,0.9928986298654817
8.406840772577324,0.9929001558564319
8.40774086253632,0.9929016813549697
8.408640952495315,0.9929032063613071
8.409541042454311,0.9929047308756563
8.410441132413307,0.992906254898229
8.411341222372304,0.9929077784292369
8.412241312331298,0.9929093014688917
8.413141402290295,0.992910824017405
8.414041492249291,0.992912346074988
8.414941582208288,0.9929138676418523
8.415841672167282,0.9929153887182088
8.416741762126279,0.9929169093042687
8.417641852085275,0.9929184294002429
8.41854194204427,0.9929199490063423
8.419442032003266,0.9929214681227776
8.42034212196226,0.9929229867497593
8.421242211921257,0.9929245048874981
8.422142301880253,0.9929260225362042
8.42304239183925,0.9929275396960879
8.423942481798244,0.9929290563673596
8.42484257175724,0.9929305725502291
8.425742661716237,0.9929320882449063
8.426642751675233,0.9929336034516012
8.427542841634228,0.9929351181705234
8.428442931593224,0.9929366324018825
8.42934302155222,0.9929381461458879
8.430243111511217,0.9929396594027491
8.431143201470212,0.9929411721726754
8.432043291429208,0.9929426844558757
8.432943381388204,0.9929441962525594
8.433843471347199,0.9929457075629351
8.434743561306195,0.9929472183872118
8.435643651265192,0.992948728725598
8.436543741224188,0.9929502385783024
8.437443831183183,0.9929517479455335
8.43834392114218,0.9929532568274997
8.439244011101174,0.9929547652244091
8.44014410106017,0.9929562731364698
8.441044191019166,0.9929577805638901
8.441944280978163,0.9929592875068777
8.442844370937157,0.9929607939656403
8.443744460896154,0.9929622999403859
8.44464455085515,0.9929638054313218
8.445544640814147,0.9929653104386555
8.446444730773141,0.9929668149625945
8.447344820732138,0.992968319003346
8.448244910691134,0.9929698225611171
8.44914500065013,0.9929713256361148
8.450045090609125,0.9929728282285459
8.450945180568121,0.9929743303386175
8.451845270527118,0.9929758319665359
8.452745360486112,0.9929773331125081
8.453645450445109,0.9929788337767403
8.454545540404103,0.9929803339594389
8.4554456303631,0.99298183366081
8.456345720322096,0.99298333288106
8.457245810281092,0.9929848316203949
8.458145900240087,0.9929863298790204
8.459045990199083,0.9929878276571424
8.45994608015808,0.9929893249549667
8.460846170117076,0.9929908217726988
8.46174626007607,0.9929923181105441
8.462646350035067,0.9929938139687081
8.463546439994063,0.9929953093473959
8.46444652995306,0.9929968042468128
8.465346619912054,0.9929982986671637
8.46624670987105,0.9929997926086536
8.467146799830047,0.9930012860714873
8.468046889789044,0.9930027790558695
8.468946979748038,0.9930042715620048
8.469847069707034,0.9930057635900976
8.470747159666029,0.9930072551403525
8.471647249625025,0.9930087462129735
8.472547339584022,0.9930102368081649
8.473447429543016,0.9930117269261307
8.474347519502013,0.9930132165670749
8.47524760946101,0.9930147057312013
8.476147699420006,0.9930161944187136
8.477047789379,0.9930176826298154
8.477947879337997,0.9930191703647101
8.478847969296993,0.9930206576236014
8.47974805925599,0.9930221444066923
8.480648149214984,0.9930236307141861
8.48154823917398,0.9930251165462858
8.482448329132977,0.9930266019031944
8.483348419091973,0.9930280867851148
8.484248509050968,0.9930295711922495
8.485148599009964,0.9930310551248016
8.486048688968959,0.9930325385829732
8.486948778927957,0.993034021566967
8.487848868886951,0.993035504076985
8.488748958845948,0.9930369861132297
8.489649048804942,0.993038467675903
8.490549138763939,0.993039948765207
8.491449228722935,0.9930414293813434
8.49234931868193,0.9930429095245144
8.493249408640926,0.9930443891949211
8.494149498599922,0.9930458683927654
8.495049588558919,0.9930473471182487
8.495949678517913,0.9930488253715724
8.49684976847691,0.9930503031529374
8.497749858435906,0.9930517804625453
8.498649948394903,0.9930532573005967
8.499550038353897,0.9930547336672928
8.500450128312893,0.9930562095628342
8.501350218271888,0.9930576849874219
8.502250308230886,0.9930591599412562
8.50315039818988,0.9930606344245375
8.504050488148877,0.9930621084374666
8.504950578107872,0.9930635819802432
8.505850668066868,0.9930650550530681
8.506750758025865,0.9930665276561409
8.507650847984861,0.9930679997896615
8.508550937943856,0.9930694714538302
8.509451027902852,0.9930709426488463
8.510351117861848,0.9930724133749096
8.511251207820843,0.9930738836322197
8.51215129777984,0.9930753534209759
8.513051387738836,0.9930768227413774
8.513951477697832,0.9930782915936237
8.514851567656827,0.9930797599779136
8.515751657615823,0.9930812278944464
8.516651747574818,0.9930826953434208
8.517551837533816,0.9930841623250355
8.51845192749281,0.9930856288394893
8.519352017451807,0.9930870948869808
8.520252107410801,0.9930885604677083
8.5211521973698,0.9930900255818704
8.522052287328794,0.9930914902296651
8.52295237728779,0.9930929544112909
8.523852467246785,0.9930944181269454
8.524752557205781,0.9930958813768269
8.525652647164778,0.9930973441611329
8.526552737123772,0.9930988064800614
8.527452827082769,0.99310026833381
8.528352917041765,0.9931017297225762
8.529253007000761,0.9931031906465572
8.530153096959756,0.9931046511059505
8.531053186918752,0.9931061111009533
8.531953276877749,0.9931075706317627
8.532853366836745,0.9931090296985756
8.53375345679574,0.9931104883015889
8.534653546754736,0.9931119464409995
8.53555363671373,0.9931134041170041
8.536453726672729,0.9931148613297991
8.537353816631724,0.993116318079581
8.53825390659072,0.9931177743665462
8.539153996549715,0.9931192301908911
8.540054086508713,0.9931206855528117
8.540954176467707,0.993122140452504
8.541854266426704,0.9931235948901642
8.542754356385698,0.9931250488659878
8.543654446344695,0.993126502380171
8.544554536303691,0.993127955432909
8.545454626262686,0.9931294080243975
8.546354716221682,0.9931308601548319
8.547254806180678,0.9931323118244076
8.548154896139675,0.9931337630333198
8.54905498609867,0.9931352137817636
8.549955076057666,0.9931366640699341
8.55085516601666,0.993138113898026
8.551755255975658,0.9931395632662342
8.552655345934653,0.9931410121747536
8.55355543589365,0.9931424606237785
8.554455525852644,0.9931439086135037
8.555355615811642,0.9931453561441234
8.556255705770637,0.9931468032158318
8.557155795729633,0.9931482498288234
8.558055885688628,0.9931496959832921
8.558955975647626,0.9931511416794319
8.55985606560662,0.9931525869174367
8.560756155565617,0.9931540316975002
8.561656245524611,0.9931554760198162
8.562556335483608,0.9931569198845782
8.563456425442604,0.9931583632919797
8.564356515401599,0.9931598062422141
8.565256605360595,0.9931612487354746
8.56615669531959,0.9931626907719545
8.567056785278588,0.9931641323518466
8.567956875237583,0.9931655734753442
8.568856965196579,0.99316701414264
8.569757055155574,0.9931684543539266
8.570657145114572,0.9931698941093968
8.571557235073566,0.9931713334092432
8.572457325032563,0.9931727722536583
8.573357414991557,0.9931742106428343
8.574257504950555,0.9931756485769635
8.57515759490955,0.993177086056238
8.576057684868546,0.99317852308085
8.576957774827541,0.9931799596509913
8.577857864786537,0.9931813957668537
8.578757954745534,0.9931828314286291
8.57965804470453,0.9931842666365092
8.580558134663525,0.9931857013906852
8.581458224622521,0.9931871356913488
8.582358314581517,0.9931885695386914
8.583258404540512,0.9931900029329039
8.584158494499508,0.9931914358741778
8.585058584458503,0.993192868362704
8.585958674417501,0.9931943003986734
8.586858764376496,0.9931957319822768
8.587758854335492,0.993197163113705
8.588658944294487,0.9931985937931487
8.589559034253485,0.9932000240207983
8.59045912421248,0.9932014537968442
8.591359214171476,0.993202883121477
8.59225930413047,0.9932043119948866
8.593159394089469,0.9932057404172632
8.594059484048463,0.993207168388797
8.59495957400746,0.9932085959096777
8.595859663966454,0.9932100229800953
8.59675975392545,0.9932114496002395
8.597659843884447,0.9932128757702999
8.598559933843442,0.9932143014904661
8.599460023802438,0.9932157267609274
8.600360113761434,0.9932171515818732
8.60126020372043,0.9932185759534926
8.602160293679425,0.9932199998759751
8.603060383638422,0.9932214233495092
8.603960473597416,0.9932228463742843
8.604860563556414,0.993224268950489
8.605760653515409,0.993225691078312
8.606660743474405,0.9932271127579421
8.6075608334334,0.9932285339895677
8.608460923392398,0.9932299547733773
8.609361013351393,0.9932313751095592
8.610261103310389,0.9932327949983015
8.611161193269384,0.9932342144397925
8.61206128322838,0.9932356334342204
8.612961373187376,0.9932370519817727
8.613861463146373,0.9932384700826377
8.614761553105367,0.9932398877370028
8.615661643064364,0.9932413049450558
8.61656173302336,0.9932427217069842
8.617461822982355,0.9932441380229754
8.618361912941351,0.9932455538932169
8.619262002900346,0.9932469693178958
8.620162092859344,0.9932483842971993
8.621062182818338,0.9932497988313145
8.621962272777335,0.9932512129204283
8.62286236273633,0.9932526265647275
8.623762452695328,0.993254039764399
8.624662542654322,0.9932554525196292
8.625562632613319,0.9932568648306049
8.626462722572313,0.9932582766975124
8.627362812531311,0.9932596881205383
8.628262902490306,0.9932610990998687
8.629162992449302,0.9932625096356897
8.630063082408297,0.9932639197281876
8.630963172367293,0.9932653293775482
8.63186326232629,0.9932667385839572
8.632763352285286,0.9932681473476008
8.63366344224428,0.9932695556686644
8.634563532203277,0.9932709635473336
8.635463622162273,0.993272370983794
8.636363712121268,0.9932737779782308
8.637263802080264,0.9932751845308295
8.638163892039259,0.9932765906417752
8.639063981998257,0.9932779963112529
8.639964071957252,0.9932794015394478
8.640864161916248,0.9932808063265447
8.641764251875243,0.9932822106727284
8.64266434183424,0.9932836145781835
8.643564431793235,0.9932850180430948
8.644464521752232,0.9932864210676468
8.645364611711226,0.9932878236520237
8.646264701670223,0.9932892257964101
8.64716479162922,0.9932906275009901
8.648064881588216,0.9932920287659478
8.64896497154721,0.9932934295914673
8.649865061506206,0.9932948299777323
8.650765151465203,0.993296229924927
8.6516652414242,0.993297629433235
8.652565331383194,0.9932990285028398
8.65346542134219,0.9933004271339252
8.654365511301187,0.9933018253266745
8.655265601260181,0.9933032230812711
8.656165691219178,0.9933046203978982
8.657065781178172,0.9933060172767391
8.65796587113717,0.9933074137179767
8.658865961096165,0.993308809721794
8.659766051055161,0.9933102052883741
8.660666141014156,0.9933116004178996
8.661566230973152,0.9933129951105532
8.662466320932149,0.9933143893665174
8.663366410891145,0.9933157831859748
8.66426650085014,0.9933171765691079
8.665166590809136,0.9933185695160989
8.666066680768132,0.99331996202713
8.666966770727129,0.9933213541023833
8.667866860686123,0.9933227457420409
8.66876695064512,0.9933241369462846
8.669667040604116,0.9933255277152964
8.67056713056311,0.9933269180492579
8.671467220522107,0.9933283079483508
8.672367310481103,0.9933296974127566
8.6732674004401,0.9933310864426568
8.674167490399094,0.9933324750382327
8.67506758035809,0.9933338631996657
8.675967670317085,0.9933352509271367
8.676867760276082,0.9933366382208271
8.677767850235078,0.9933380250809175
8.678667940194075,0.9933394115075891
8.679568030153069,0.9933407975010226
8.680468120112065,0.9933421830613987
8.681368210071062,0.9933435681888979
8.682268300030058,0.9933449528837008
8.683168389989053,0.9933463371459879
8.68406847994805,0.9933477209759393
8.684968569907046,0.9933491043737352
8.685868659866042,0.993350487339556
8.686768749825037,0.9933518698735816
8.687668839784033,0.9933532519759919
8.68856892974303,0.9933546336469667
8.689469019702024,0.993356014886686
8.69036910966102,0.9933573956953292
8.691269199620017,0.993358776073076
8.692169289579011,0.9933601560201057
8.693069379538008,0.993361535536598
8.693969469497004,0.9933629146227319
8.694869559455999,0.9933642932786866
8.695769649414995,0.9933656715046414
8.696669739373991,0.9933670493007751
8.697569829332988,0.9933684266672668
8.698469919291982,0.9933698036042952
8.699370009250979,0.993371180112039
8.700270099209975,0.9933725561906768
8.701170189168971,0.9933739318403874
8.702070279127966,0.9933753070613489
8.702970369086962,0.99337668185374
8.703870459045959,0.9933780562177386
8.704770549004955,0.993379430153523
8.70567063896395,0.9933808036612716
8.706570728922946,0.9933821767411619
8.70747081888194,0.993383549393372
8.708370908840937,0.9933849216180798
8.709270998799933,0.9933862934154628
8.710171088758928,0.9933876647856987
8.711071178717924,0.9933890357289651
8.71197126867692,0.9933904062454393
8.712871358635917,0.9933917763352987
8.713771448594912,0.9933931459987206
8.714671538553908,0.9933945152358821
8.715571628512905,0.9933958840469601
8.716471718471901,0.9933972524321318
8.717371808430896,0.993398620391574
8.718271898389892,0.9933999879254635
8.719171988348888,0.993401355033977
8.720072078307885,0.9934027217172909
8.72097216826688,0.9934040879755821
8.721872258225876,0.9934054538090267
8.722772348184872,0.993406819217801
8.723672438143868,0.9934081842020814
8.724572528102863,0.9934095487620441
8.72547261806186,0.993410912897865
8.726372708020854,0.99341227660972
8.72727279797985,0.9934136398977852
8.728172887938847,0.993415002762236
8.729072977897841,0.9934163652032486
8.729973067856838,0.9934177272209982
8.730873157815834,0.9934190888156604
8.73177324777483,0.9934204499874107
8.732673337733825,0.9934218107364243
8.733573427692821,0.9934231710628766
8.734473517651818,0.9934245309669425
8.735373607610814,0.9934258904487971
8.736273697569809,0.9934272495086156
8.737173787528805,0.9934286081465726
8.738073877487802,0.993429966362843
8.738973967446798,0.9934313241576015
8.739874057405792,0.9934326815310226
8.740774147364789,0.9934340384832808
8.741674237323783,0.9934353950145507
8.74257432728278,0.9934367511250064
8.743474417241776,0.9934381068148221
8.744374507200773,0.9934394620841723
8.745274597159767,0.9934408169332307
8.746174687118764,0.9934421713621714
8.74707477707776,0.9934435253711683
8.747974867036755,0.993444878960395
8.748874956995751,0.9934462321300255
8.749775046954747,0.9934475848802331
8.750675136913744,0.9934489372111915
8.751575226872738,0.9934502891230741
8.752475316831735,0.9934516406160541
8.753375406790731,0.9934529916903049
8.754275496749727,0.9934543423459996
8.755175586708722,0.9934556925833112
8.756075676667718,0.9934570424024127
8.756975766626713,0.9934583918034772
8.757875856585711,0.9934597407866772
8.758775946544706,0.9934610893521855
8.759676036503702,0.9934624375001747
8.760576126462697,0.9934637852308175
8.761476216421693,0.993465132544286
8.76237630638069,0.993466479440753
8.763276396339686,0.9934678259203903
8.76417648629868,0.9934691719833704
8.765076576257677,0.9934705176298653
8.765976666216673,0.9934718628600469
8.766876756175668,0.993473207674087
8.767776846134664,0.9934745520721577
8.76867693609366,0.9934758960544307
8.769577026052657,0.9934772396210775
8.770477116011651,0.9934785827722695
8.771377205970648,0.9934799255081785
8.772277295929642,0.9934812678289758
8.77317738588864,0.9934826097348325
8.774077475847635,0.9934839512259199
8.774977565806632,0.9934852923024092
8.775877655765626,0.9934866329644713
8.776777745724624,0.993487973212277
8.777677835683619,0.9934893130459974
8.778577925642615,0.9934906524658031
8.77947801560161,0.9934919914718651
8.780378105560606,0.9934933300643534
8.781278195519603,0.9934946682434389
8.782178285478597,0.9934960060092918
8.783078375437594,0.9934973433620825
8.78397846539659,0.9934986803019813
8.784878555355586,0.9935000168291582
8.785778645314581,0.9935013529437834
8.786678735273577,0.9935026886460268
8.787578825232572,0.9935040239360582
8.78847891519157,0.9935053588140474
8.789379005150565,0.9935066932801642
8.790279095109561,0.993508027334578
8.791179185068556,0.9935093609774587
8.792079275027554,0.9935106942089754
8.792979364986548,0.9935120270292976
8.793879454945545,0.9935133594385945
8.79477954490454,0.9935146914370353
8.795679634863538,0.9935160230247891
8.796579724822532,0.993517354202025
8.797479814781529,0.9935186849689117
8.798379904740523,0.9935200153256182
8.79927999469952,0.9935213452723132
8.800180084658516,0.9935226748091652
8.80108017461751,0.993524003936343
8.801980264576507,0.993525332654015
8.802880354535501,0.9935266609623495
8.8037804444945,0.993527988861515
8.804680534453494,0.9935293163516796
8.80558062441249,0.9935306434330113
8.806480714371485,0.9935319701056785
8.807380804330483,0.9935332963698489
8.808280894289478,0.9935346222256903
8.809180984248474,0.9935359476733707
8.810081074207469,0.9935372727130577
8.810981164166467,0.9935385973449189
8.811881254125462,0.9935399215691219
8.812781344084458,0.9935412453858341
8.813681434043453,0.9935425687952228
8.814581524002449,0.9935438917974555
8.815481613961445,0.9935452143926992
8.816381703920442,0.9935465365811208
8.817281793879436,0.9935478583628877
8.818181883838433,0.9935491797381667
8.819081973797429,0.9935505007071246
8.819982063756424,0.9935518212699281
8.82088215371542,0.993553141426744
8.821782243674415,0.9935544611777387
8.822682333633413,0.9935557805230789
8.823582423592407,0.993557099462931
8.824482513551404,0.9935584179974611
8.825382603510398,0.9935597361268358
8.826282693469397,0.993561053851221
8.827182783428391,0.9935623711707828
8.828082873387388,0.9935636880856873
8.828982963346382,0.9935650045961002
8.82988305330538,0.9935663207021876
8.830783143264375,0.993567636404115
8.831683233223371,0.9935689517020482
8.832583323182366,0.9935702665961526
8.833483413141362,0.9935715810865938
8.834383503100359,0.9935728951735372
8.835283593059355,0.9935742088571481
8.83618368301835,0.9935755221375916
8.837083772977346,0.9935768350150329
8.837983862936342,0.9935781474896372
8.838883952895337,0.9935794595615693
8.839784042854333,0.9935807712309942
8.840684132813328,0.9935820824980767
8.841584222772326,0.9935833933629814
8.84248431273132,0.9935847038258729
8.843384402690317,0.9935860138869159
8.844284492649312,0.9935873235462749
8.84518458260831,0.993588632804114
8.846084672567304,0.9935899416605978
8.8469847625263,0.9935912501158904
8.847884852485295,0.9935925581701559
8.848784942444293,0.9935938658235584
8.849685032403288,0.9935951730762618
8.850585122362284,0.9935964799284299
8.851485212321279,0.9935977863802266
8.852385302280275,0.9935990924318157
8.853285392239272,0.9936003980833605
8.854185482198266,0.993601703335025
8.855085572157263,0.9936030081869722
8.85598566211626,0.9936043126393658
8.856885752075256,0.9936056166923689
8.85778584203425,0.9936069203461448
8.858685931993246,0.9936082236008567
8.859586021952241,0.9936095264566674
8.86048611191124,0.9936108289137401
8.861386201870234,0.9936121309722374
8.86228629182923,0.9936134326323225
8.863186381788225,0.9936147338941577
8.864086471747223,0.9936160347579057
8.864986561706218,0.9936173352237292
8.865886651665214,0.9936186352917906
8.866786741624209,0.9936199349622522
8.867686831583205,0.9936212342352764
8.868586921542201,0.9936225331110253
8.869487011501198,0.993623831589661
8.870387101460192,0.9936251296713458
8.871287191419189,0.9936264273562414
8.872187281378185,0.9936277246445097
8.87308737133718,0.9936290215363125
8.873987461296176,0.9936303180318116
8.87488755125517,0.9936316141311686
8.875787641214169,0.993632909834545
8.876687731173163,0.9936342051421022
8.87758782113216,0.9936355000540018
8.878487911091154,0.993636794570405
8.879388001050152,0.9936380886914729
8.880288091009147,0.9936393824173667
8.881188180968143,0.9936406757482475
8.882088270927138,0.9936419686842763
8.882988360886134,0.9936432612256139
8.88388845084513,0.9936445533724211
8.884788540804127,0.9936458451248587
8.885688630763122,0.9936471364830873
8.886588720722118,0.9936484274472674
8.887488810681115,0.9936497180175596
8.888388900640111,0.9936510081941242
8.889288990599105,0.9936522979771216
8.890189080558102,0.993653587366712
8.891089170517098,0.9936548763630555
8.891989260476093,0.9936561649663123
8.89288935043509,0.9936574531766422
8.893789440394084,0.9936587409942051
8.894689530353082,0.9936600284191611
8.895589620312077,0.9936613154516698
8.896489710271073,0.9936626020918907
8.897389800230068,0.9936638883399836
8.898289890189064,0.9936651741961079
8.89918998014806,0.9936664596604231
8.900090070107057,0.9936677447330884
8.900990160066051,0.9936690294142632
8.901890250025048,0.9936703137041064
8.902790339984044,0.9936715976027776
8.90369042994304,0.9936728811104354
8.904590519902035,0.9936741642272388
8.905490609861031,0.9936754469533468
8.906390699820028,0.9936767292889179
8.907290789779024,0.9936780112341111
8.908190879738019,0.9936792927890848
8.909090969697015,0.9936805739539978
8.909991059656011,0.9936818547290082
8.910891149615006,0.9936831351142745
8.911791239574002,0.9936844151099551
8.912691329532997,0.993685694716208
8.913591419491995,0.9936869739331916
8.91449150945099,0.9936882527610638
8.915391599409986,0.9936895311999825
8.91629168936898,0.9936908092501056
8.917191779327977,0.9936920869115909
8.918091869286974,0.9936933641845963
8.91899195924597,0.9936946410692793
8.919892049204964,0.9936959175657974
8.92079213916396,0.9936971936743083
8.921692229122957,0.9936984693949693
8.922592319081954,0.9936997447279375
8.923492409040948,0.9937010196733705
8.924392498999945,0.9937022942314254
8.925292588958941,0.9937035684022592
8.926192678917936,0.9937048421860287
8.927092768876932,0.9937061155828912
8.927992858835928,0.9937073885930033
8.928892948794925,0.993708661216522
8.92979303875392,0.9937099334536038
8.930693128712916,0.9937112053044054
8.93159321867191,0.9937124767690831
8.932493308630907,0.9937137478477936
8.933393398589903,0.9937150185406933
8.9342934885489,0.9937162888479384
8.935193578507894,0.993717558769685
8.93609366846689,0.9937188283060894
8.936993758425887,0.9937200974573076
8.937893848384883,0.9937213662234956
8.938793938343878,0.9937226346048093
8.939694028302874,0.9937239026014043
8.94059411826187,0.9937251702134366
8.941494208220867,0.9937264374410619
8.942394298179861,0.9937277042844356
8.943294388138858,0.9937289707437132
8.944194478097854,0.9937302368190503
8.945094568056849,0.993731502510602
8.945994658015845,0.9937327678185238
8.94689474797484,0.9937340327429708
8.947794837933836,0.993735297284098
8.948694927892832,0.9937365614420606
8.949595017851829,0.9937378252170135
8.950495107810823,0.9937390886091114
8.95139519776982,0.9937403516185094
8.952295287728816,0.993741614245362
8.953195377687813,0.993742876489824
8.954095467646807,0.9937441383520497
8.954995557605804,0.9937453998321938
8.9558956475648,0.9937466609304105
8.956795737523796,0.9937479216468545
8.957695827482791,0.9937491819816797
8.958595917441787,0.9937504419350405
8.959496007400784,0.9937517015070908
8.96039609735978,0.9937529606979846
8.961296187318775,0.993754219507876
8.962196277277771,0.9937554779369188
8.963096367236766,0.9937567359852667
8.963996457195762,0.9937579936530736
8.964896547154758,0.9937592509404929
8.965796637113753,0.9937605078476782
8.96669672707275,0.9937617643747831
8.967596817031746,0.9937630205219609
8.968496906990742,0.9937642762893649
8.969396996949737,0.9937655316771483
8.970297086908733,0.9937667866854644
8.97119717686773,0.9937680413144662
8.972097266826726,0.9937692955643066
8.97299735678572,0.9937705494351387
8.973897446744717,0.9937718029271153
8.974797536703713,0.9937730560403891
8.97569762666271,0.993774308775113
8.976597716621704,0.9937755611314393
8.9774978065807,0.9937768131095208
8.978397896539695,0.9937780647095099
8.979297986498693,0.993779315931559
8.980198076457688,0.9937805667758204
8.981098166416684,0.9937818172424462
8.981998256375679,0.9937830673315887
8.982898346334675,0.9937843170434
8.983798436293672,0.9937855663780321
8.984698526252666,0.9937868153356368
8.985598616211663,0.9937880639163662
8.986498706170659,0.9937893121203718
8.987398796129655,0.9937905599478055
8.98829888608865,0.9937918073988188
8.989198976047646,0.9937930544735634
8.990099066006643,0.9937943011721905
8.990999155965639,0.9937955474948517
8.991899245924634,0.9937967934416984
8.99279933588363,0.9937980390128816
8.993699425842625,0.9937992842085526
8.994599515801623,0.9938005290288624
8.995499605760617,0.9938017734739621
8.996399695719614,0.9938030175440028
8.997299785678608,0.993804261239135
8.998199875637605,0.9938055045595097
8.999099965596601,0.9938067475052776
9.000000055555597,0.9938079900765893
9.000900145514592,0.9938092322735954
9.00180023547359,0.9938104740964463
9.002700325432585,0.9938117155452925
9.003600415391581,0.9938129566202842
9.004500505350576,0.9938141973215718
9.005400595309574,0.9938154376493055
9.006300685268569,0.9938166776036351
9.007200775227565,0.993817917184711
9.00810086518656,0.993819156392683
9.009000955145556,0.993820395227701
9.009901045104552,0.9938216336899147
9.010801135063547,0.993822871779474
9.011701225022543,0.9938241094965284
9.012601314981538,0.9938253468412276
9.013501404940536,0.993826583813721
9.01440149489953,0.9938278204141581
9.015301584858527,0.9938290566426882
9.016201674817522,0.9938302924994605
9.01710176477652,0.9938315279846244
9.018001854735514,0.9938327630983289
9.01890194469451,0.993833997840723
9.019802034653505,0.9938352322119559
9.020702124612503,0.9938364662121763
9.021602214571498,0.993837699841533
9.022502304530494,0.9938389331001749
9.023402394489489,0.9938401659882505
9.024302484448485,0.9938413985059087
9.025202574407482,0.9938426306532977
9.026102664366478,0.9938438624305661
9.027002754325473,0.9938450938378623
9.027902844284469,0.9938463248753346
9.028802934243465,0.9938475555431312
9.02970302420246,0.9938487858414002
9.030603114161456,0.9938500157702899
9.031503204120451,0.9938512453299481
9.03240329407945,0.9938524745205226
9.033303384038444,0.9938537033421616
9.03420347399744,0.9938549317950127
9.035103563956435,0.9938561598792237
9.036003653915433,0.9938573875949422
9.036903743874428,0.9938586149423156
9.037803833833424,0.9938598419214917
9.038703923792418,0.9938610685326177
9.039604013751417,0.993862294775841
9.040504103710411,0.9938635206513088
9.041404193669408,0.9938647461591684
9.042304283628402,0.9938659712995669
9.043204373587399,0.9938671960726513
9.044104463546395,0.9938684204785685
9.04500455350539,0.9938696445174656
9.045904643464386,0.9938708681894893
9.046804733423382,0.9938720914947864
9.047704823382379,0.9938733144335035
9.048604913341373,0.9938745370057873
9.04950500330037,0.9938757592117842
9.050405093259364,0.9938769810516408
9.051305183218362,0.9938782025255035
9.052205273177357,0.9938794236335184
9.053105363136353,0.993880644375832
9.054005453095348,0.9938818647525903
9.054905543054346,0.9938830847639396
9.05580563301334,0.9938843044100256
9.056705722972337,0.9938855236909945
9.057605812931332,0.993886742606992
9.058505902890328,0.993887961158164
9.059405992849324,0.9938891793446563
9.06030608280832,0.9938903971666143
9.061206172767315,0.9938916146241839
9.062106262726312,0.9938928317175104
9.063006352685308,0.9938940484467393
9.063906442644303,0.9938952648120161
9.0648065326033,0.9938964808134858
9.065706622562296,0.9938976964512938
9.066606712521292,0.9938989117255852
9.067506802480287,0.9939001266365052
9.068406892439283,0.9939013411841986
9.069306982398277,0.9939025553688104
9.070207072357276,0.9939037691904856
9.07110716231627,0.9939049826493688
9.072007252275267,0.9939061957456048
9.072907342234261,0.9939074084793382
9.073807432193258,0.9939086208507135
9.074707522152254,0.9939098328598756
9.07560761211125,0.9939110445069683
9.076507702070245,0.9939122557921364
9.077407792029241,0.9939134667155239
9.078307881988238,0.9939146772772753
9.079207971947234,0.9939158874775346
9.080108061906229,0.9939170973164457
9.081008151865225,0.9939183067941529
9.081908241824221,0.9939195159108
9.082808331783216,0.9939207246665306
9.083708421742212,0.9939219330614888
9.084608511701207,0.9939231410958183
9.085508601660205,0.9939243487696624
9.0864086916192,0.993925556083165
9.087308781578196,0.9939267630364695
9.08820887153719,0.9939279696297193
9.089108961496187,0.9939291758630577
9.090009051455183,0.9939303817366281
9.09090914141418,0.9939315872505736
9.091809231373174,0.9939327924050373
9.09270932133217,0.9939339972001624
9.093609411291167,0.9939352016360917
9.094509501250164,0.9939364057129684
9.095409591209158,0.9939376094309351
9.096309681168155,0.9939388127901346
9.097209771127151,0.9939400157907098
9.098109861086147,0.9939412184328031
9.099009951045142,0.9939424207165573
9.099910041004138,0.9939436226421146
9.100810130963135,0.9939448242096176
9.10171022092213,0.9939460254192087
9.102610310881126,0.9939472262710302
9.10351040084012,0.9939484267652241
9.104410490799118,0.9939496269019327
9.105310580758113,0.993950826681298
9.10621067071711,0.993952026103462
9.107110760676104,0.9939532251685668
9.1080108506351,0.993954423876754
9.108910940594097,0.9939556222281656
9.109811030553093,0.9939568202229432
9.110711120512088,0.9939580178612284
9.111611210471084,0.9939592151431629
9.11251130043008,0.9939604120688881
9.113411390389077,0.9939616086385455
9.114311480348071,0.9939628048522765
9.115211570307068,0.9939640007102223
9.116111660266064,0.9939651962125241
9.11701175022506,0.9939663913593232
9.117911840184055,0.9939675861507606
9.118811930143051,0.9939687805869774
9.119712020102048,0.9939699746681143
9.120612110061042,0.9939711683943123
9.121512200020039,0.9939723617657124
9.122412289979033,0.9939735547824551
9.12331237993803,0.9939747474446812
9.124212469897026,0.9939759397525311
9.125112559856023,0.9939771317061455
9.126012649815017,0.9939783233056648
9.126912739774014,0.9939795145512293
9.12781282973301,0.9939807054429797
9.128712919692006,0.9939818959810557
9.129613009651,0.9939830861655978
9.130513099609997,0.9939842759967461
9.131413189568994,0.9939854654746405
9.13231327952799,0.993986654599421
9.133213369486985,0.9939878433712277
9.134113459445981,0.9939890317902002
9.135013549404977,0.9939902198564783
9.135913639363972,0.9939914075702017
9.136813729322968,0.99399259493151
9.137713819281965,0.9939937819405429
9.13861390924096,0.9939949685974397
9.139513999199956,0.99399615490234
9.140414089158952,0.9939973408553829
9.141314179117947,0.9939985264567079
9.142214269076943,0.9939997117064542
9.14311435903594,0.9940008966047608
9.144014448994936,0.9940020811517667
9.14491453895393,0.9940032653476111
9.145814628912927,0.9940044491924329
9.146714718871923,0.9940056326863709
9.14761480883092,0.9940068158295639
9.148514898789914,0.9940079986221506
9.14941498874891,0.9940091810642697
9.150315078707907,0.9940103631560598
9.151215168666903,0.9940115448976594
9.152115258625898,0.994012726289207
9.153015348584894,0.9940139073308409
9.153915438543889,0.9940150880226996
9.154815528502885,0.994016268364921
9.155715618461882,0.9940174483576435
9.156615708420876,0.9940186280010053
9.157515798379873,0.9940198072951442
9.158415888338869,0.9940209862401983
9.159315978297865,0.9940221648363056
9.16021606825686,0.9940233430836037
9.161116158215856,0.9940245209822306
9.162016248174853,0.9940256985323239
9.162916338133849,0.9940268757340212
9.163816428092844,0.9940280525874601
9.16471651805184,0.994029229092778
9.165616608010836,0.9940304052501125
9.166516697969833,0.994031581059601
9.167416787928827,0.9940327565213805
9.168316877887824,0.9940339316355885
9.169216967846818,0.994035106402362
9.170117057805816,0.9940362808218381
9.171017147764811,0.9940374548941541
9.171917237723807,0.9940386286194465
9.172817327682802,0.9940398019978525
9.173717417641798,0.9940409750295087
9.174617507600795,0.9940421477145521
9.17551759755979,0.9940433200531191
9.176417687518786,0.9940444920453466
9.177317777477782,0.994045663691371
9.178217867436778,0.9940468349913288
9.179117957395773,0.9940480059453564
9.18001804735477,0.9940491765535903
9.180918137313766,0.9940503468161664
9.181818227272762,0.9940515167332213
9.182718317231757,0.994052686304891
9.183618407190753,0.9940538555313115
9.184518497149748,0.994055024412619
9.185418587108746,0.9940561929489492
9.18631867706774,0.9940573611404382
9.187218767026737,0.9940585289872217
9.188118856985731,0.9940596964894355
9.18901894694473,0.9940608636472151
9.189919036903724,0.9940620304606963
9.19081912686272,0.9940631969300148
9.191719216821715,0.9940643630553057
9.192619306780712,0.9940655288367045
9.193519396739708,0.9940666942743467
9.194419486698703,0.9940678593683674
9.195319576657699,0.994069024118902
9.196219666616695,0.9940701885260855
9.197119756575692,0.994071352590053
9.198019846534686,0.9940725163109395
9.198919936493683,0.99407367968888
9.199820026452679,0.9940748427240095
9.200720116411675,0.9940760054164625
9.20162020637067,0.9940771677663739
9.202520296329666,0.9940783297738784
9.203420386288661,0.9940794914391106
9.20432047624766,0.994080652762205
9.205220566206654,0.9940818137432962
9.20612065616565,0.9940829743825185
9.207020746124645,0.9940841346800062
9.207920836083641,0.9940852946358937
9.208820926042637,0.9940864542503152
9.209721016001634,0.9940876135234048
9.210621105960628,0.9940887724552966
9.211521195919625,0.9940899310461245
9.212421285878621,0.9940910892960226
9.213321375837616,0.9940922472051249
9.214221465796612,0.994093404773565
9.215121555755609,0.9940945620014767
9.216021645714605,0.9940957188889937
9.2169217356736,0.9940968754362497
9.217821825632596,0.9940980316433782
9.21872191559159,0.9940991875105126
9.219622005550589,0.9941003430377864
9.220522095509583,0.9941014982253331
9.22142218546858,0.9941026530732857
9.222322275427574,0.9941038075817777
9.223222365386572,0.9941049617509422
9.224122455345567,0.9941061155809121
9.225022545304563,0.9941072690718207
9.225922635263558,0.9941084222238008
9.226822725222554,0.9941095750369854
9.22772281518155,0.9941107275115073
9.228622905140545,0.9941118796474993
9.229522995099542,0.9941130314450939
9.230423085058538,0.9941141829044241
9.231323175017534,0.9941153340256222
9.232223264976529,0.9941164848088208
9.233123354935525,0.9941176352541524
9.23402344489452,0.9941187853617494
9.234923534853518,0.9941199351317439
9.235823624812513,0.9941210845642683
9.236723714771509,0.994122233659455
9.237623804730504,0.9941233824174357
9.238523894689502,0.9941245308383427
9.239423984648496,0.9941256789223081
9.240324074607493,0.9941268266694635
9.241224164566487,0.994127974079941
9.242124254525486,0.9941291211538724
9.24302434448448,0.9941302678913895
9.243924434443477,0.9941314142926237
9.244824524402471,0.9941325603577068
9.245724614361468,0.9941337060867703
9.246624704320464,0.9941348514799457
9.247524794279459,0.9941359965373645
9.248424884238455,0.9941371412591578
9.24932497419745,0.994138285645457
9.250225064156448,0.9941394296963935
9.251125154115442,0.9941405734120982
9.252025244074439,0.9941417167927024
9.252925334033433,0.9941428598383368
9.253825423992431,0.9941440025491327
9.254725513951426,0.994145144925221
9.255625603910422,0.9941462869667324
9.256525693869417,0.9941474286737975
9.257425783828415,0.9941485700465473
9.25832587378741,0.9941497110851123
9.259225963746406,0.9941508517896233
9.2601260537054,0.9941519921602104
9.261026143664399,0.9941531321970044
9.261926233623393,0.9941542719001355
9.26282632358239,0.9941554112697342
9.263726413541384,0.9941565503059306
9.26462650350038,0.9941576890088549
9.265526593459377,0.9941588273786375
9.266426683418372,0.994159965415408
9.267326773377368,0.9941611031192967
9.268226863336363,0.9941622404904337
9.26912695329536,0.9941633775289485
9.270027043254355,0.9941645142349711
9.270927133213352,0.9941656506086314
9.271827223172346,0.9941667866500589
9.272727313131345,0.9941679223593831
9.27362740309034,0.9941690577367339
9.274527493049336,0.9941701927822405
9.27542758300833,0.9941713274960325
9.276327672967328,0.9941724618782394
9.277227762926323,0.9941735959289902
9.27812785288532,0.9941747296484144
9.279027942844314,0.994175863036641
9.27992803280331,0.9941769960937991
9.280828122762307,0.994178128820018
9.281728212721303,0.9941792612154264
9.282628302680298,0.9941803932801535
9.283528392639294,0.994181525014328
9.28442848259829,0.9941826564180788
9.285328572557285,0.9941837874915345
9.286228662516281,0.994184918234824
9.287128752475276,0.9941860486480758
9.288028842434274,0.9941871787314184
9.288928932393269,0.9941883084849803
9.289829022352265,0.99418943790889
9.29072911231126,0.9941905670032758
9.291629202270258,0.9941916957682662
9.292529292229252,0.9941928242039891
9.293429382188249,0.994193952310573
9.294329472147243,0.9941950800881458
9.295229562106242,0.9941962075368356
9.296129652065236,0.9941973346567705
9.297029742024232,0.9941984614480784
9.297929831983227,0.994199587910887
9.298829921942223,0.9942007140453244
9.29973001190122,0.9942018398515181
9.300630101860214,0.9942029653295958
9.30153019181921,0.9942040904796853
9.302430281778207,0.994205215301914
9.303330371737204,0.9942063397964094
9.304230461696198,0.9942074639632988
9.305130551655195,0.9942085878027099
9.30603064161419,0.9942097113147699
9.306930731573187,0.9942108344996059
9.307830821532182,0.9942119573573452
9.308730911491178,0.9942130798881149
9.309631001450173,0.994214202092042
9.310531091409171,0.9942153239692536
9.311431181368166,0.9942164455198766
9.312331271327162,0.9942175667440379
9.313231361286157,0.9942186876418643
9.314131451245153,0.9942198082134824
9.31503154120415,0.9942209284590192
9.315931631163146,0.9942220483786011
9.31683172112214,0.9942231679723547
9.317731811081137,0.9942242872404066
9.318631901040133,0.9942254061828831
9.319531990999128,0.9942265247999106
9.320432080958124,0.9942276430916156
9.321332170917119,0.9942287610581243
9.322232260876117,0.9942298786995628
9.323132350835111,0.9942309960160572
9.324032440794108,0.9942321130077337
9.324932530753102,0.9942332296747184
9.3258326207121,0.994234346017137
9.326732710671095,0.9942354620351156
9.327632800630091,0.9942365777287799
9.328532890589086,0.9942376930982557
9.329432980548082,0.9942388081436688
9.330333070507079,0.9942399228651448
9.331233160466075,0.9942410372628093
9.33213325042507,0.9942421513367878
9.333033340384066,0.9942432650872058
9.333933430343063,0.9942443785141887
9.334833520302059,0.9942454916178618
9.335733610261054,0.9942466043983503
9.33663370022005,0.9942477168557797
9.337533790179046,0.9942488289902749
9.33843388013804,0.9942499408019612
9.339333970097037,0.9942510522909634
9.340234060056032,0.9942521634574067
9.34113415001503,0.994253274301416
9.342034239974025,0.994254384823116
9.342934329933021,0.9942554950226317
9.343834419892016,0.9942566049000876
9.344734509851012,0.9942577144556087
9.345634599810008,0.9942588236893194
9.346534689769005,0.9942599326013443
9.347434779728,0.9942610411918078
9.348334869686996,0.9942621494608345
9.349234959645992,0.9942632574085487
9.350135049604988,0.9942643650350746
9.351035139563983,0.9942654723405369
9.35193522952298,0.9942665793250592
9.352835319481976,0.994267685988766
9.353735409440972,0.9942687923317813
9.354635499399967,0.9942698983542292
9.355535589358963,0.9942710040562334
9.35643567931796,0.9942721094379181
9.357335769276954,0.9942732144994069
9.35823585923595,0.9942743192408238
9.359135949194945,0.9942754236622923
9.360036039153941,0.9942765277639362
9.360936129112938,0.9942776315458789
9.361836219071934,0.9942787350082443
9.362736309030929,0.9942798381511554
9.363636398989925,0.9942809409747361
9.364536488948922,0.9942820434791094
9.365436578907918,0.9942831456643989
9.366336668866913,0.9942842475307275
9.367236758825909,0.9942853490782186
9.368136848784905,0.9942864503069954
9.369036938743902,0.9942875512171807
9.369937028702896,0.9942886518088977
9.370837118661893,0.9942897520822692
9.371737208620889,0.9942908520374183
9.372637298579884,0.9942919516744676
9.37353738853888,0.9942930509935399
9.374437478497876,0.9942941499947581
9.375337568456871,0.9942952486782446
9.376237658415867,0.994296347044122
9.377137748374864,0.994297445092513
9.378037838333858,0.99429854282354
9.378937928292855,0.9942996402373253
9.379838018251851,0.9943007373339914
9.380738108210847,0.9943018341136605
9.381638198169842,0.9943029305764549
9.382538288128838,0.9943040267224966
9.383438378087835,0.9943051225519081
9.384338468046831,0.9943062180648109
9.385238558005826,0.9943073132613274
9.386138647964822,0.9943084081415795
9.387038737923818,0.994309502705689
9.387938827882815,0.9943105969537777
9.38883891784181,0.9943116908859673
9.389739007800806,0.9943127845023796
9.3906390977598,0.9943138778031364
9.391539187718797,0.994314970788359
9.392439277677793,0.9943160634581689
9.39333936763679,0.994317155812688
9.394239457595784,0.9943182478520372
9.39513954755478,0.9943193395763381
9.396039637513777,0.9943204309857121
9.396939727472772,0.9943215220802801
9.397839817431768,0.9943226128601637
9.398739907390764,0.9943237033254836
9.39963999734976,0.9943247934763612
9.400540087308755,0.9943258833129172
9.401440177267752,0.9943269728352727
9.402340267226748,0.9943280620435486
9.403240357185744,0.9943291509378657
9.404140447144739,0.9943302395183448
9.405040537103735,0.9943313277851066
9.405940627062732,0.9943324157382716
9.406840717021728,0.9943335033779606
9.407740806980723,0.994334590704294
9.408640896939719,0.9943356777173924
9.409540986898714,0.9943367644173761
9.41044107685771,0.9943378508043655
9.411341166816706,0.994338936878481
9.412241256775701,0.9943400226398427
9.413141346734697,0.9943411080885708
9.414041436693694,0.9943421932247856
9.41494152665269,0.9943432780486069
9.415841616611685,0.994344362560155
9.416741706570681,0.9943454467595496
9.417641796529677,0.9943465306469108
9.418541886488674,0.9943476142223584
9.419441976447668,0.9943486974860121
9.420342066406665,0.9943497804379916
9.421242156365661,0.9943508630784167
9.422142246324658,0.994351945407407
9.423042336283652,0.9943530274250819
9.423942426242649,0.9943541091315611
9.424842516201643,0.994355190526964
9.425742606160641,0.9943562716114098
9.426642696119636,0.9943573523850179
9.427542786078632,0.9943584328479077
9.428442876037627,0.9943595130001983
9.429342965996623,0.994360592842009
9.43024305595562,0.9943616723734586
9.431143145914614,0.9943627515946664
9.43204323587361,0.9943638305057513
9.432943325832607,0.9943649091068322
9.433843415791603,0.994365987398028
9.434743505750598,0.9943670653794574
9.435643595709594,0.9943681430512393
9.43654368566859,0.9943692204134924
9.437443775627587,0.9943702974663353
9.438343865586582,0.9943713742098865
9.439243955545578,0.9943724506442646
9.440144045504573,0.994373526769588
9.44104413546357,0.9943746025859753
9.441944225422565,0.9943756780935447
9.442844315381562,0.9943767532924144
9.443744405340556,0.9943778281827029
9.444644495299553,0.9943789027645282
9.44554458525855,0.9943799770380084
9.446444675217545,0.9943810510032618
9.44734476517654,0.9943821246604062
9.448244855135536,0.9943831980095597
9.449144945094533,0.99438427105084
9.450045035053527,0.9943853437843652
9.450945125012524,0.9943864162102528
9.45184521497152,0.9943874883286208
9.452745304930517,0.9943885601395868
9.453645394889511,0.9943896316432683
9.454545484848508,0.994390702839783
9.455445574807502,0.9943917737292484
9.4563456647665,0.9943928443117819
9.457245754725495,0.9943939145875008
9.458145844684491,0.9943949845565228
9.459045934643486,0.9943960542189647
9.459946024602484,0.994397123574944
9.460846114561479,0.994398192624578
9.461746204520475,0.9943992613679834
9.46264629447947,0.9944003298052776
9.463546384438466,0.9944013979365776
9.464446474397462,0.9944024657620001
9.465346564356459,0.9944035332816622
9.466246654315453,0.9944046004956807
9.46714674427445,0.9944056674041724
9.468046834233446,0.9944067340072539
9.46894692419244,0.994407800305042
9.469847014151437,0.9944088662976531
9.470747104110432,0.9944099319852041
9.47164719406943,0.9944109973678114
9.472547284028424,0.9944120624455911
9.47344737398742,0.99441312721866
9.474347463946415,0.9944141916871342
9.475247553905414,0.9944152558511302
9.476147643864408,0.9944163197107639
9.477047733823404,0.9944173832661518
9.477947823782399,0.9944184465174097
9.478847913741397,0.994419509464654
9.479748003700392,0.9944205721080005
9.480648093659388,0.994421634447565
9.481548183618383,0.9944226964834637
9.48244827357738,0.9944237582158122
9.483348363536376,0.9944248196447264
9.48424845349537,0.994425880770322
9.485148543454367,0.9944269415927146
9.486048633413363,0.9944280021120199
9.48694872337236,0.9944290623283535
9.487848813331354,0.9944301222418307
9.48874890329035,0.9944311818525672
9.489648993249345,0.9944322411606782
9.490549083208343,0.9944333001662792
9.491449173167338,0.9944343588694853
9.492349263126334,0.9944354172704118
9.493249353085329,0.994436475369174
9.494149443044327,0.9944375331658869
9.495049533003321,0.9944385906606654
9.495949622962318,0.9944396478536249
9.496849712921312,0.99444070474488
9.49774980288031,0.9944417613345459
9.498649892839305,0.9944428176227371
9.499549982798301,0.9944438736095687
9.500450072757296,0.9944449292951553
9.501350162716292,0.9944459846796114
9.502250252675289,0.994447039763052
9.503150342634283,0.9944480945455915
9.50405043259328,0.9944491490273443
9.504950522552274,0.994450203208425
9.505850612511273,0.994451257088948
9.506750702470267,0.9944523106690276
9.507650792429263,0.994453363948778
9.508550882388258,0.9944544169283138
9.509450972347256,0.9944554696077488
9.51035106230625,0.9944565219871974
9.511251152265247,0.9944575740667734
9.512151242224242,0.9944586258465911
9.51305133218324,0.9944596773267643
9.513951422142235,0.9944607285074071
9.514851512101231,0.9944617793886331
9.515751602060226,0.9944628299705565
9.516651692019222,0.9944638802532906
9.517551781978218,0.9944649302369494
9.518451871937215,0.9944659799216464
9.51935196189621,0.9944670293074953
9.520252051855206,0.9944680783946097
9.521152141814202,0.9944691271831029
9.522052231773197,0.9944701756730884
9.522952321732193,0.9944712238646797
9.523852411691188,0.9944722717579899
9.524752501650186,0.9944733193531324
9.52565259160918,0.9944743666502205
9.526552681568177,0.9944754136493672
9.527452771527171,0.9944764603506857
9.52835286148617,0.994477506754289
9.529252951445164,0.9944785528602902
9.53015304140416,0.9944795986688021
9.531053131363155,0.9944806441799378
9.531953221322153,0.9944816893938099
9.532853311281148,0.9944827343105314
9.533753401240144,0.9944837789302148
9.534653491199139,0.9944848232529729
9.535553581158135,0.9944858672789185
9.536453671117131,0.994486911008164
9.537353761076128,0.9944879544408218
9.538253851035122,0.9944889975770047
9.539153940994119,0.9944900404168248
9.540054030953115,0.9944910829603946
9.54095412091211,0.9944921252078264
9.541854210871106,0.9944931671592323
9.5427543008301,0.9944942088147247
9.543654390789099,0.9944952501744158
9.544554480748094,0.9944962912384174
9.54545457070709,0.9944973320068419
9.546354660666085,0.994498372479801
9.547254750625083,0.9944994126574067
9.548154840584077,0.994500452539771
9.549054930543074,0.9945014921270056
9.549955020502068,0.9945025314192223
9.550855110461065,0.9945035704165329
9.551755200420061,0.994504609119049
9.552655290379057,0.9945056475268822
9.553555380338052,0.9945066856401441
9.554455470297048,0.9945077234589462
9.555355560256045,0.9945087609833999
9.55625565021504,0.9945097982136167
9.557155740174036,0.994510835149708
9.558055830133032,0.9945118717917849
9.558955920092028,0.9945129081399589
9.559856010051023,0.9945139441943409
9.56075610001002,0.9945149799550422
9.561656189969014,0.994516015422174
9.562556279928012,0.9945170505958472
9.563456369887007,0.9945180854761727
9.564356459846003,0.9945191200632617
9.565256549804998,0.9945201543572247
9.566156639763994,0.9945211883581729
9.56705672972299,0.9945222220662169
9.567956819681987,0.9945232554814675
9.568856909640981,0.9945242886040352
9.569756999599978,0.9945253214340307
9.570657089558974,0.9945263539715646
9.57155717951797,0.9945273862167475
9.572457269476965,0.9945284181696897
9.573357359435962,0.9945294498305016
9.574257449394958,0.9945304811992937
9.575157539353953,0.9945315122761762
9.576057629312949,0.9945325430612594
9.576957719271944,0.9945335735546535
9.577857809230942,0.9945346037564686
9.578757899189936,0.9945356336668147
9.579657989148933,0.9945366632858021
9.580558079107927,0.9945376926135406
9.581458169066924,0.9945387216501403
9.58235825902592,0.9945397503957109
9.583258348984916,0.9945407788503623
9.584158438943911,0.9945418070142044
9.585058528902907,0.9945428348873466
9.585958618861904,0.994543862469899
9.5868587088209,0.994544889761971
9.587758798779895,0.9945459167636722
9.588658888738891,0.9945469434751121
9.589558978697887,0.9945479698964003
9.590459068656884,0.994548996027646
9.591359158615878,0.9945500218689588
9.592259248574875,0.994551047420448
9.593159338533871,0.9945520726822227
9.594059428492866,0.9945530976543921
9.594959518451862,0.9945541223370655
9.595859608410857,0.9945551467303521
9.596759698369855,0.9945561708343608
9.59765978832885,0.9945571946492006
9.598559878287846,0.9945582181749806
9.59945996824684,0.9945592414118095
9.600360058205837,0.9945602643597963
9.601260148164833,0.9945612870190498
9.60216023812383,0.9945623093896786
9.603060328082824,0.9945633314717917
9.60396041804182,0.9945643532654974
9.604860508000817,0.9945653747709047
9.605760597959813,0.9945663959881217
9.606660687918808,0.9945674169172573
9.607560777877804,0.9945684375584196
9.6084608678368,0.9945694579117172
9.609360957795797,0.9945704779772585
9.610261047754792,0.9945714977551516
9.611161137713788,0.9945725172455049
9.612061227672784,0.9945735364484264
9.612961317631779,0.9945745553640245
9.613861407590775,0.994575573992407
9.61476149754977,0.9945765923336822
9.615661587508766,0.994577610387958
9.616561677467763,0.9945786281553423
9.617461767426759,0.9945796456359429
9.618361857385754,0.9945806628298678
9.61926194734475,0.9945816797372248
9.620162037303746,0.9945826963581214
9.621062127262743,0.9945837126926654
9.621962217221737,0.9945847287409647
9.622862307180734,0.9945857445031264
9.62376239713973,0.9945867599792584
9.624662487098727,0.9945877751694681
9.625562577057721,0.9945887900738628
9.626462667016717,0.99458980469255
9.627362756975714,0.994590819025637
9.628262846934708,0.994591833073231
9.629162936893705,0.9945928468354392
9.630063026852701,0.9945938603123692
9.630963116811696,0.9945948735041276
9.631863206770692,0.9945958864108216
9.632763296729689,0.9945968990325583
9.633663386688683,0.9945979113694449
9.63456347664768,0.994598923421588
9.635463566606676,0.9945999351890945
9.636363656565672,0.9946009466720713
9.637263746524667,0.9946019578706253
9.638163836483663,0.9946029687848631
9.63906392644266,0.9946039794148913
9.639964016401656,0.9946049897608167
9.64086410636065,0.9946059998227457
9.641764196319647,0.994607009600785
9.642664286278643,0.9946080190950409
9.64356437623764,0.9946090283056198
9.644464466196634,0.9946100372326284
9.64536455615563,0.9946110458761727
9.646264646114625,0.9946120542363591
9.647164736073622,0.9946130623132938
9.648064826032618,0.994614070107083
9.648964915991613,0.9946150776178327
9.649865005950609,0.9946160848456492
9.650765095909605,0.9946170917906385
9.651665185868602,0.9946180984529063
9.652565275827596,0.9946191048325588
9.653465365786593,0.9946201109297018
9.65436545574559,0.9946211167444411
9.655265545704586,0.9946221222768825
9.65616563566358,0.9946231275271317
9.657065725622576,0.9946241324952945
9.657965815581573,0.9946251371814763
9.65886590554057,0.9946261415857828
9.659765995499564,0.9946271457083197
9.66066608545856,0.9946281495491922
9.661566175417555,0.9946291531085059
9.662466265376553,0.9946301563863661
9.663366355335548,0.9946311593828783
9.664266445294544,0.9946321620981475
9.665166535253539,0.9946331645322791
9.666066625212535,0.9946341666853784
9.666966715171531,0.9946351685575503
9.667866805130526,0.9946361701489
9.668766895089522,0.9946371714595326
9.669666985048519,0.994638172489553
9.670567075007515,0.9946391732390661
9.67146716496651,0.9946401737081769
9.672367254925506,0.9946411738969902
9.673267344884502,0.9946421738056108
9.674167434843499,0.9946431734341434
9.675067524802493,0.9946441727826928
9.67596761476149,0.9946451718513635
9.676867704720484,0.9946461706402602
9.677767794679482,0.9946471691494873
9.678667884638477,0.9946481673791495
9.679567974597473,0.9946491653293511
9.680468064556468,0.9946501630001966
9.681368154515466,0.9946511603917902
9.68226824447446,0.9946521575042365
9.683168334433457,0.9946531543376395
9.684068424392452,0.9946541508921035
9.684968514351448,0.9946551471677325
9.685868604310444,0.9946561431646308
9.686768694269439,0.9946571388829025
9.687668784228435,0.9946581343226514
9.688568874187432,0.9946591294839816
9.689468964146428,0.994660124366997
9.690369054105423,0.9946611189718014
9.69126914406442,0.9946621132984987
9.692169234023416,0.9946631073471927
9.693069323982412,0.994664101117987
9.693969413941407,0.9946650946109853
9.694869503900403,0.9946660878262913
9.695769593859398,0.9946670807640084
9.696669683818396,0.9946680734242405
9.69756977377739,0.9946690658070906
9.698469863736387,0.9946700579126625
9.699369953695381,0.9946710497410594
9.700270043654378,0.9946720412923846
9.701170133613374,0.9946730325667416
9.70207022357237,0.9946740235642334
9.702970313531365,0.9946750142849633
9.703870403490361,0.9946760047290344
9.704770493449358,0.9946769948965498
9.705670583408352,0.9946779847876127
9.706570673367349,0.9946789744023259
9.707470763326345,0.9946799637407924
9.708370853285341,0.9946809528031151
9.709270943244336,0.9946819415893968
9.710171033203332,0.9946829300997405
9.711071123162327,0.9946839183342487
9.711971213121325,0.9946849062930243
9.71287130308032,0.9946858939761699
9.713771393039316,0.9946868813837881
9.71467148299831,0.9946878685159816
9.715571572957309,0.9946888553728526
9.716471662916303,0.9946898419545038
9.7173717528753,0.9946908282610376
9.718271842834294,0.9946918142925565
9.71917193279329,0.9946928000491625
9.720072022752287,0.9946937855309581
9.720972112711282,0.9946947707380456
9.721872202670278,0.994695755670527
9.722772292629275,0.9946967403285045
9.723672382588271,0.9946977247120803
9.724572472547266,0.9946987088213562
9.725472562506262,0.9946996926564345
9.726372652465257,0.9947006762174169
9.727272742424255,0.9947016595044055
9.72817283238325,0.994702642517502
9.729072922342246,0.9947036252568081
9.72997301230124,0.9947046077224259
9.730873102260238,0.9947055899144568
9.731773192219233,0.9947065718330026
9.73267328217823,0.9947075534781649
9.733573372137224,0.9947085348500453
9.734473462096222,0.9947095159487452
9.735373552055217,0.9947104967743662
9.736273642014213,0.9947114773270097
9.737173731973208,0.9947124576067771
9.738073821932204,0.9947134376137695
9.7389739118912,0.9947144173480886
9.739874001850195,0.9947153968098353
9.740774091809191,0.9947163759991109
9.741674181768188,0.9947173549160166
9.742574271727184,0.9947183335606535
9.743474361686179,0.9947193119331225
9.744374451645175,0.9947202900335248
9.74527454160417,0.9947212678619611
9.746174631563168,0.9947222454185326
9.747074721522162,0.9947232227033401
9.747974811481159,0.9947241997164842
9.748874901440153,0.9947251764580659
9.749774991399152,0.9947261529281858
9.750675081358146,0.9947271291269446
9.751575171317143,0.994728105054443
9.752475261276137,0.9947290807107816
9.753375351235135,0.9947300560960607
9.75427544119413,0.994731031210381
9.755175531153126,0.9947320060538429
9.756075621112121,0.9947329806265468
9.756975711071117,0.9947339549285931
9.757875801030114,0.994734928960082
9.758775890989108,0.9947359027211138
9.759675980948105,0.9947368762117886
9.7605760709071,0.9947378494322068
9.761476160866097,0.9947388223824684
9.762376250825092,0.9947397950626733
9.763276340784088,0.9947407674729218
9.764176430743083,0.9947417396133138
9.765076520702081,0.9947427114839491
9.765976610661076,0.9947436830849278
9.766876700620072,0.9947446544163495
9.767776790579067,0.9947456254783142
9.768676880538065,0.9947465962709215
9.76957697049706,0.9947475667942711
9.770477060456056,0.9947485370484629
9.77137715041505,0.9947495070335961
9.772277240374047,0.9947504767497706
9.773177330333043,0.9947514461970858
9.77407742029204,0.9947524153756411
9.774977510251034,0.9947533842855361
9.77587760021003,0.99475435292687
9.776777690169027,0.9947553212997421
9.777677780128021,0.9947562894042519
9.778577870087018,0.9947572572404985
9.779477960046012,0.9947582248085811
9.78037805000501,0.9947591921085989
9.781278139964005,0.9947601591406509
9.782178229923002,0.9947611259048363
9.783078319881996,0.994762092401254
9.783978409840994,0.994763058630003
9.784878499799989,0.9947640245911822
9.785778589758985,0.9947649902848906
9.78667867971798,0.9947659557112267
9.787578769676978,0.9947669208702897
9.788478859635973,0.9947678857621781
9.789378949594969,0.9947688503869906
9.790279039553964,0.9947698147448258
9.79117912951296,0.9947707788357825
9.792079219471956,0.994771742659959
9.792979309430951,0.9947727062174541
9.793879399389947,0.994773669508366
9.794779489348944,0.9947746325327932
9.79567957930794,0.994775595290834
9.796579669266935,0.994776557782587
9.797479759225931,0.9947775200081501
9.798379849184926,0.9947784819676219
9.799279939143924,0.9947794436611004
9.800180029102918,0.9947804050886837
9.801080119061915,0.9947813662504699
9.80198020902091,0.9947823271465572
9.802880298979908,0.9947832877770435
9.803780388938902,0.9947842481420268
9.804680478897899,0.994785208241605
9.805580568856893,0.994786168075876
9.80648065881589,0.9947871276449377
9.807380748774886,0.9947880869488877
9.808280838733882,0.9947890459878238
9.809180928692877,0.9947900047618438
9.810081018651873,0.9947909632710452
9.81098110861087,0.9947919215155256
9.811881198569864,0.9947928794953829
9.81278128852886,0.9947938372107141
9.813681378487857,0.994794794661617
9.814581468446853,0.9947957518481889
9.815481558405848,0.9947967087705273
9.816381648364844,0.9947976654287295
9.817281738323839,0.9947986218228926
9.818181828282837,0.994799577953114
9.819081918241832,0.9948005338194909
9.819982008200828,0.9948014894221204
9.820882098159823,0.9948024447610997
9.821782188118819,0.9948033998365258
9.822682278077815,0.9948043546484957
9.823582368036812,0.9948053091971064
9.824482457995806,0.9948062634824549
9.825382547954803,0.994807217504638
9.826282637913799,0.9948081712637525
9.827182727872795,0.9948091247598954
9.82808281783179,0.9948100779931631
9.828982907790786,0.9948110309636526
9.829882997749783,0.9948119836714605
9.830783087708777,0.9948129361166834
9.831683177667774,0.994813888299418
9.832583267626768,0.9948148402197605
9.833483357585767,0.9948157918778077
9.834383447544761,0.9948167432736559
9.835283537503758,0.9948176944074015
9.836183627462752,0.9948186452791409
9.837083717421748,0.9948195958889704
9.837983807380745,0.9948205462369862
9.838883897339741,0.9948214963232846
9.839783987298736,0.9948224461479618
9.840684077257732,0.9948233957111138
9.841584167216729,0.9948243450128368
9.842484257175725,0.9948252940532268
9.84338434713472,0.9948262428323799
9.844284437093716,0.9948271913503918
9.845184527052712,0.9948281396073586
9.846084617011709,0.9948290876033761
9.846984706970703,0.9948300353385402
9.8478847969297,0.9948309828129467
9.848784886888696,0.9948319300266911
9.84968497684769,0.9948328769798694
9.850585066806687,0.9948338236725771
9.851485156765682,0.9948347701049098
9.852385246724678,0.994835716276963
9.853285336683674,0.9948366621888324
9.85418542664267,0.9948376078406133
9.855085516601665,0.9948385532324011
9.855985606560662,0.9948394983642913
9.856885696519658,0.9948404432363793
9.857785786478654,0.9948413878487602
9.858685876437649,0.9948423322015293
9.859585966396645,0.994843276294782
9.860486056355642,0.9948442201286132
9.861386146314638,0.9948451637031182
9.862286236273633,0.9948461070183919
9.86318632623263,0.9948470500745296
9.864086416191626,0.9948479928716261
9.86498650615062,0.9948489354097764
9.865886596109616,0.9948498776890753
9.866786686068613,0.9948508197096178
9.867686776027607,0.9948517614714987
9.868586865986604,0.9948527029748127
9.8694869559456,0.9948536442196545
9.870387045904595,0.994854585206119
9.871287135863591,0.9948555259343006
9.872187225822588,0.994856466404294
9.873087315781584,0.9948574066161938
9.873987405740579,0.9948583465700944
9.874887495699575,0.9948592862660903
9.875787585658571,0.9948602257042761
9.876687675617568,0.9948611648847459
9.877587765576562,0.9948621038075942
9.878487855535559,0.9948630424729153
9.879387945494555,0.9948639808808034
9.880288035453551,0.9948649190313528
9.881188125412546,0.9948658569246576
9.882088215371542,0.9948667945608118
9.882988305330539,0.9948677319399097
9.883888395289533,0.9948686690620452
9.88478848524853,0.9948696059273124
9.885688575207526,0.9948705425358051
9.88658866516652,0.9948714788876174
9.887488755125517,0.994872414982843
9.888388845084513,0.9948733508215758
9.889288935043508,0.9948742864039095
9.890189025002504,0.9948752217299379
9.8910891149615,0.9948761567997548
9.891989204920497,0.9948770916134536
9.892889294879492,0.9948780261711282
9.893789384838488,0.9948789604728719
9.894689474797485,0.9948798945187785
9.89558956475648,0.9948808283089411
9.896489654715475,0.9948817618434534
9.897389744674472,0.9948826951224088
9.898289834633468,0.9948836281459007
9.899189924592465,0.9948845609140221
9.90009001455146,0.9948854934268666
9.900990104510456,0.9948864256845273
9.90189019446945,0.9948873576870974
9.902790284428447,0.9948882894346699
9.903690374387443,0.9948892209273381
9.904590464346438,0.9948901521651949
9.905490554305434,0.9948910831483334
9.90639064426443,0.9948920138768466
9.907290734223427,0.9948929443508273
9.908190824182421,0.9948938745703685
9.909090914141418,0.994894804535563
9.909991004100414,0.9948957342465036
9.91089109405941,0.9948966637032831
9.911791184018405,0.9948975929059941
9.912691273977401,0.9948985218547293
9.913591363936398,0.9948994505495814
9.914491453895394,0.994900378990643
9.915391543854389,0.9949013071780065
9.916291633813385,0.9949022351117646
9.91719172377238,0.9949031627920095
9.918091813731378,0.994904090218834
9.918991903690372,0.9949050173923301
9.919891993649369,0.9949059443125904
9.920792083608363,0.994906870979707
9.92169217356736,0.9949077973937722
9.922592263526356,0.9949087235548784
9.92349235348535,0.9949096494631173
9.924392443444347,0.9949105751185816
9.925292533403343,0.994911500521363
9.92619262336234,0.9949124256715537
9.927092713321334,0.9949133505692456
9.92799280328033,0.9949142752145308
9.928892893239327,0.994915199607501
9.929792983198324,0.9949161237482482
9.930693073157318,0.9949170476368643
9.931593163116315,0.994917971273441
9.93249325307531,0.99491889465807
9.933393343034307,0.9949198177908432
9.934293432993302,0.994920740671852
9.935193522952298,0.9949216633011881
9.936093612911293,0.9949225856789432
9.936993702870291,0.9949235078052088
9.937893792829286,0.9949244296800762
9.938793882788282,0.9949253513036371
9.939693972747277,0.9949262726759829
9.940594062706273,0.9949271937972048
9.94149415266527,0.9949281146673944
9.942394242624264,0.9949290352866427
9.94329433258326,0.9949299556550409
9.944194422542257,0.9949308757726807
9.945094512501253,0.9949317956396526
9.945994602460248,0.9949327152560483
9.946894692419244,0.9949336346219586
9.947794782378239,0.9949345537374745
9.948694872337237,0.9949354726026871
9.949594962296231,0.9949363912176874
9.950495052255228,0.9949373095825661
9.951395142214222,0.9949382276974144
9.95229523217322,0.9949391455623229
9.953195322132215,0.9949400631773824
9.954095412091212,0.9949409805426837
9.954995502050206,0.9949418976583175
9.955895592009202,0.9949428145243745
9.956795681968199,0.9949437311409453
9.957695771927195,0.9949446475081205
9.95859586188619,0.9949455636259905
9.959495951845186,0.9949464794946461
9.960396041804183,0.9949473951141775
9.961296131763177,0.9949483104846752
9.962196221722174,0.9949492256062297
9.963096311681168,0.9949501404789312
9.963996401640166,0.99495105510287
9.964896491599161,0.9949519694781365
9.965796581558157,0.9949528836048206
9.966696671517152,0.9949537974830128
9.96759676147615,0.9949547111128032
9.968496851435145,0.9949556244942817
9.969396941394141,0.9949565376275384
9.970297031353136,0.9949574505126635
9.971197121312134,0.9949583631497468
9.972097211271128,0.9949592755388783
9.972997301230125,0.9949601876801478
9.97389739118912,0.9949610995736453
9.974797481148116,0.9949620112194605
9.975697571107112,0.994962922617683
9.976597661066107,0.9949638337684029
9.977497751025103,0.9949647446717097
9.9783978409841,0.994965655327693
9.979297930943096,0.9949665657364424
9.98019802090209,0.9949674758980476
9.981098110861087,0.9949683858125979
9.981998200820081,0.9949692954801831
9.98289829077908,0.9949702049008924
9.983798380738074,0.9949711140748152
9.98469847069707,0.9949720230020409
9.985598560656065,0.9949729316826589
9.986498650615063,0.9949738401167584
9.987398740574058,0.9949747483044287
9.988298830533054,0.9949756562457589
9.989198920492049,0.9949765639408382
9.990099010451047,0.9949774713897558
9.990999100410042,0.9949783785926006
9.991899190369038,0.9949792855494618
9.992799280328033,0.9949801922604283
9.993699370287029,0.9949810987255893
9.994599460246025,0.9949820049450334
9.99549955020502,0.9949829109188496
9.996399640164016,0.9949838166471268
9.99729973012301,0.9949847221299536
9.998199820082009,0.9949856273674189
9.999099910041004,0.9949865323596115
10.0,0.99498743710662
